order_id,date,product,region,channel,segment,units,gross_sales_gbp,discount_gbp,revenue_gbp,cogs_gbp,gross_profit_gbp,revenue_target_gbp,year,month,quarter
ORD-000001,2026-05-26,Premium,UAE,Online,Mid-Market,6,707.17,24.96,682.21,341.81,340.4,643.76,2026,2026-05,Q2
ORD-000002,2026-02-25,Plus,US,Direct,SMB,1,75.47,8.14,67.33,38.56,28.77,71.9,2026,2026-02,Q1
ORD-000003,2025-08-02,Plus,UK,Direct,Mid-Market,2,147.93,3.73,144.2,92.77,51.43,162.29,2025,2025-08,Q3
ORD-000004,2026-01-01,Premium,UK,Direct,SMB,2,257.58,13.88,243.7,139.69,104.01,222.1,2026,2026-01,Q1
ORD-000005,2026-06-15,Premium,UK,Direct,SMB,6,773.19,13.94,759.25,370.23,389.02,772.78,2026,2026-06,Q2
ORD-000006,2025-09-23,Core,US,Direct,SMB,2,91.3,6.48,84.82,47.43,37.39,78.15,2025,2025-09,Q3
ORD-000007,2025-09-29,Premium,UK,Partner,Enterprise,2,257.04,3.18,253.86,141.47,112.39,260.14,2025,2025-09,Q3
ORD-000008,2025-05-22,Premium,UK,Direct,Enterprise,2,230.04,2.55,227.49,126.94,100.55,214.4,2025,2025-05,Q2
ORD-000009,2025-07-18,Plus,US,Online,Mid-Market,2,144.5,9.24,135.26,75.49,59.77,139.38,2025,2025-07,Q3
ORD-000010,2025-07-17,Plus,India,Partner,SMB,2,151.23,0.45,150.78,90.29,60.49,152.98,2025,2025-07,Q3
ORD-000011,2026-04-05,Plus,US,Direct,Mid-Market,2,141.14,2.77,138.37,90.2,48.17,142.24,2026,2026-04,Q2
ORD-000012,2025-03-11,Plus,Germany,Direct,SMB,3,219.67,9.65,210.02,109.48,100.54,195.2,2025,2025-03,Q1
ORD-000013,2025-07-14,Enterprise,US,Partner,Mid-Market,3,660.23,68.85,591.38,359.37,232.01,608.68,2025,2025-07,Q3
ORD-000014,2026-02-10,Plus,US,Direct,Mid-Market,5,406.84,17.55,389.29,248.09,141.2,386.41,2026,2026-02,Q1
ORD-000015,2025-08-27,Premium,Germany,Online,SMB,4,487.89,23.11,464.78,198.61,266.17,485.85,2025,2025-08,Q3
ORD-000016,2026-05-04,Plus,US,Online,SMB,6,410.23,32.57,377.66,187.32,190.34,380.75,2026,2026-05,Q2
ORD-000017,2025-01-20,Core,India,Partner,SMB,2,89.66,6.04,83.62,43.84,39.78,95.09,2025,2025-01,Q1
ORD-000018,2026-07-05,Core,US,Partner,Mid-Market,2,86.67,7.31,79.36,42.18,37.18,70.68,2026,2026-07,Q3
ORD-000019,2026-03-19,Enterprise,UK,Direct,Enterprise,10,2162.66,127.3,2035.36,1028.79,1006.57,2213.9,2026,2026-03,Q1
ORD-000020,2026-01-02,Premium,UK,Partner,SMB,1,129.54,10.78,118.76,76.99,41.77,106.09,2026,2026-01,Q1
ORD-000021,2025-03-12,Plus,UK,Partner,SMB,3,230.84,11.92,218.92,145.71,73.21,202.22,2025,2025-03,Q1
ORD-000022,2026-02-03,Core,US,Direct,Mid-Market,6,244.41,12.33,232.08,153.81,78.27,256.83,2026,2026-02,Q1
ORD-000023,2025-10-25,Enterprise,UAE,Online,SMB,2,501.23,17.97,483.26,246.89,236.37,493.11,2025,2025-10,Q4
ORD-000024,2026-05-09,Core,UK,Direct,Enterprise,2,81.62,2.54,79.08,45.68,33.4,76.39,2026,2026-05,Q2
ORD-000025,2025-07-25,Enterprise,UK,Direct,SMB,5,1086.39,21.0,1065.39,663.73,401.66,1030.49,2025,2025-07,Q3
ORD-000026,2025-01-24,Enterprise,UAE,Direct,SMB,3,662.97,86.61,576.36,311.03,265.33,549.51,2025,2025-01,Q1
ORD-000027,2026-04-30,Plus,India,Online,Mid-Market,2,142.35,9.3,133.05,75.94,57.11,129.68,2026,2026-04,Q2
ORD-000028,2025-08-23,Core,US,Direct,SMB,2,94.35,0.12,94.23,61.06,33.17,97.15,2025,2025-08,Q3
ORD-000029,2026-03-07,Core,Germany,Partner,SMB,5,236.51,6.0,230.51,121.68,108.83,224.46,2026,2026-03,Q1
ORD-000030,2026-04-20,Plus,India,Online,SMB,1,68.81,3.56,65.25,33.28,31.97,60.99,2026,2026-04,Q2
ORD-000031,2025-03-22,Premium,UAE,Online,SMB,2,238.94,0.76,238.18,134.64,103.54,256.18,2025,2025-03,Q1
ORD-000032,2026-02-19,Plus,India,Partner,SMB,3,230.04,5.36,224.68,122.98,101.7,215.06,2026,2026-02,Q1
ORD-000033,2025-08-06,Core,US,Online,Enterprise,3,138.03,2.56,135.47,61.5,73.97,139.19,2025,2025-08,Q3
ORD-000034,2026-01-14,Core,Germany,Online,Enterprise,2,86.41,2.66,83.75,47.02,36.73,90.18,2026,2026-01,Q1
ORD-000035,2025-10-11,Plus,UK,Direct,Enterprise,7,571.54,5.48,566.06,290.83,275.23,578.03,2025,2025-10,Q4
ORD-000036,2025-12-02,Plus,UK,Direct,SMB,3,237.18,7.07,230.11,148.83,81.28,259.84,2025,2025-12,Q4
ORD-000037,2025-10-12,Core,US,Direct,SMB,6,279.62,19.9,259.72,161.71,98.01,237.41,2025,2025-10,Q4
ORD-000038,2025-12-21,Core,Germany,Direct,SMB,1,47.43,0.49,46.94,26.34,20.6,43.56,2025,2025-12,Q4
ORD-000039,2025-03-13,Enterprise,UK,Online,Mid-Market,1,260.01,3.79,256.22,127.05,129.17,248.11,2025,2025-03,Q1
ORD-000040,2026-02-12,Plus,India,Direct,Mid-Market,3,230.27,7.14,223.13,109.57,113.56,241.56,2026,2026-02,Q1
ORD-000041,2025-01-18,Plus,India,Online,Enterprise,2,143.39,7.57,135.82,89.51,46.31,136.4,2025,2025-01,Q1
ORD-000042,2025-05-25,Core,Germany,Online,Mid-Market,3,126.25,11.95,114.3,52.79,61.51,116.46,2025,2025-05,Q2
ORD-000043,2026-03-18,Premium,UK,Online,Enterprise,1,111.05,0.73,110.32,60.35,49.97,121.93,2026,2026-03,Q1
ORD-000044,2025-08-20,Enterprise,US,Online,Enterprise,2,523.81,29.86,493.95,296.04,197.91,526.6,2025,2025-08,Q3
ORD-000045,2026-04-26,Plus,India,Direct,Mid-Market,1,69.33,0.22,69.11,29.5,39.61,61.39,2026,2026-04,Q2
ORD-000046,2025-08-20,Core,UK,Partner,Mid-Market,2,83.25,8.0,75.25,42.83,32.42,69.63,2025,2025-08,Q3
ORD-000047,2025-04-11,Enterprise,UK,Online,Enterprise,1,227.68,6.1,221.58,114.1,107.48,196.69,2025,2025-04,Q2
ORD-000048,2025-07-28,Plus,UK,Direct,Enterprise,5,372.09,30.88,341.21,211.66,129.55,377.93,2025,2025-07,Q3
ORD-000049,2025-11-12,Plus,India,Online,Mid-Market,3,231.46,1.21,230.25,125.23,105.02,252.18,2025,2025-11,Q4
ORD-000050,2025-04-23,Premium,UK,Partner,Mid-Market,2,221.69,14.04,207.65,105.45,102.2,212.83,2025,2025-04,Q2
ORD-000051,2026-05-09,Premium,Germany,Online,SMB,4,478.19,17.38,460.81,224.82,235.99,463.53,2026,2026-05,Q2
ORD-000052,2026-05-23,Core,Germany,Online,Mid-Market,2,82.57,1.99,80.58,51.85,28.73,76.18,2026,2026-05,Q2
ORD-000053,2026-07-25,Core,US,Online,Mid-Market,3,138.35,1.0,137.35,64.42,72.93,121.84,2026,2026-07,Q3
ORD-000054,2026-06-11,Enterprise,US,Direct,SMB,3,685.62,58.7,626.92,335.36,291.56,595.31,2026,2026-06,Q2
ORD-000055,2025-07-21,Core,UAE,Partner,Enterprise,1,42.77,2.05,40.72,23.18,17.54,43.84,2025,2025-07,Q3
ORD-000056,2025-04-01,Core,UAE,Partner,SMB,6,257.7,22.53,235.17,148.16,87.01,260.06,2025,2025-04,Q2
ORD-000057,2025-10-07,Plus,US,Partner,Enterprise,3,210.33,17.25,193.08,91.89,101.19,181.25,2025,2025-10,Q4
ORD-000058,2026-04-16,Enterprise,UK,Online,Mid-Market,1,231.38,21.78,209.6,88.36,121.24,235.63,2026,2026-04,Q2
ORD-000059,2026-02-28,Enterprise,UK,Direct,Mid-Market,1,237.47,14.62,222.85,132.42,90.43,226.76,2026,2026-02,Q1
ORD-000060,2026-04-07,Enterprise,India,Partner,SMB,11,2898.85,334.88,2563.97,1204.53,1359.44,2900.65,2026,2026-04,Q2
ORD-000061,2025-01-28,Plus,UAE,Direct,Enterprise,1,77.3,0.35,76.95,50.79,26.16,68.15,2025,2025-01,Q1
ORD-000062,2026-03-25,Enterprise,UAE,Online,Mid-Market,2,465.49,2.46,463.03,305.59,157.44,466.81,2026,2026-03,Q1
ORD-000063,2025-06-28,Plus,US,Partner,Enterprise,1,67.73,7.91,59.82,36.87,22.95,54.03,2025,2025-06,Q2
ORD-000064,2026-01-29,Plus,India,Online,Mid-Market,1,76.61,0.99,75.62,37.36,38.26,78.54,2026,2026-01,Q1
ORD-000065,2025-01-05,Core,India,Partner,SMB,2,85.2,8.59,76.61,38.06,38.55,82.38,2025,2025-01,Q1
ORD-000066,2026-01-28,Premium,UAE,Online,SMB,1,129.02,9.95,119.07,79.24,39.83,123.48,2026,2026-01,Q1
ORD-000067,2026-02-27,Plus,UK,Direct,SMB,2,161.89,6.19,155.7,69.77,85.93,166.25,2026,2026-02,Q1
ORD-000068,2026-07-26,Plus,UK,Partner,SMB,2,138.68,3.51,135.17,89.36,45.81,119.51,2026,2026-07,Q3
ORD-000069,2025-10-30,Plus,Germany,Direct,Mid-Market,1,69.29,3.01,66.28,34.91,31.37,58.6,2025,2025-10,Q4
ORD-000070,2025-06-30,Plus,India,Partner,SMB,1,69.95,3.55,66.4,33.74,32.66,72.28,2025,2025-06,Q2
ORD-000071,2025-11-22,Plus,Germany,Online,Mid-Market,1,78.98,1.28,77.7,34.18,43.52,77.32,2025,2025-11,Q4
ORD-000072,2025-08-06,Enterprise,UAE,Online,Mid-Market,5,1137.01,82.24,1054.77,682.24,372.53,971.92,2025,2025-08,Q3
ORD-000073,2026-04-03,Plus,US,Direct,Mid-Market,2,159.8,0.94,158.86,92.13,66.73,152.81,2026,2026-04,Q2
ORD-000074,2025-10-27,Premium,India,Online,SMB,2,229.35,8.84,220.51,96.48,124.03,242.42,2025,2025-10,Q4
ORD-000075,2026-05-15,Plus,UK,Partner,Mid-Market,4,272.16,16.59,255.57,148.87,106.7,247.74,2026,2026-05,Q2
ORD-000076,2026-06-03,Plus,UAE,Direct,SMB,1,76.67,1.4,75.27,40.82,34.45,75.79,2026,2026-06,Q2
ORD-000077,2025-01-24,Plus,UK,Partner,Enterprise,6,439.18,12.29,426.89,183.86,243.03,479.57,2025,2025-01,Q1
ORD-000078,2026-02-03,Core,US,Direct,SMB,1,46.82,0.25,46.57,28.28,18.29,43.99,2026,2026-02,Q1
ORD-000079,2025-02-06,Premium,UK,Direct,SMB,2,224.63,15.28,209.35,124.9,84.45,188.7,2025,2025-02,Q1
ORD-000080,2025-08-22,Plus,UK,Direct,Enterprise,2,155.14,10.18,144.96,79.32,65.64,160.04,2025,2025-08,Q3
ORD-000081,2025-03-20,Enterprise,UK,Direct,Mid-Market,2,439.51,6.74,432.77,235.71,197.06,445.39,2025,2025-03,Q1
ORD-000082,2025-12-12,Core,US,Direct,Enterprise,1,48.06,4.34,43.72,20.61,23.11,43.42,2025,2025-12,Q4
ORD-000083,2026-03-05,Core,UK,Direct,Mid-Market,7,331.13,9.91,321.22,196.51,124.71,329.29,2026,2026-03,Q1
ORD-000084,2025-07-05,Core,India,Direct,SMB,1,46.33,2.47,43.86,19.44,24.42,40.0,2025,2025-07,Q3
ORD-000085,2025-07-06,Premium,Germany,Direct,Enterprise,7,856.48,44.91,811.57,481.07,330.5,908.05,2025,2025-07,Q3
ORD-000086,2026-07-22,Enterprise,US,Online,SMB,6,1339.63,30.15,1309.48,617.95,691.53,1386.06,2026,2026-07,Q3
ORD-000087,2025-03-03,Premium,India,Partner,Mid-Market,1,115.65,2.62,113.03,50.31,62.72,101.64,2025,2025-03,Q1
ORD-000088,2026-03-21,Core,India,Direct,Mid-Market,11,468.44,9.2,459.24,238.28,220.96,415.4,2026,2026-03,Q1
ORD-000089,2025-11-17,Premium,US,Direct,Enterprise,1,111.34,0.96,110.38,51.69,58.69,120.65,2025,2025-11,Q4
ORD-000090,2025-02-07,Core,India,Direct,SMB,5,245.52,19.11,226.41,102.24,124.17,199.37,2025,2025-02,Q1
ORD-000091,2026-02-19,Core,India,Online,Enterprise,2,87.91,0.92,86.99,55.32,31.67,95.66,2026,2026-02,Q1
ORD-000092,2026-06-07,Plus,US,Online,Enterprise,1,82.07,3.45,78.62,49.61,29.01,84.52,2026,2026-06,Q2
ORD-000093,2025-10-26,Premium,India,Direct,Mid-Market,6,717.25,16.5,700.75,455.67,245.08,704.82,2025,2025-10,Q4
ORD-000094,2025-11-08,Core,UK,Direct,SMB,1,48.6,0.5,48.1,23.12,24.98,44.92,2025,2025-11,Q4
ORD-000095,2025-04-24,Core,India,Partner,Mid-Market,2,94.6,2.48,92.12,61.7,30.42,87.98,2025,2025-04,Q2
ORD-000096,2026-06-19,Enterprise,UK,Direct,Mid-Market,4,971.11,11.24,959.87,404.77,555.1,905.87,2026,2026-06,Q2
ORD-000097,2025-10-26,Plus,US,Direct,Mid-Market,1,70.83,3.26,67.57,35.76,31.81,64.05,2025,2025-10,Q4
ORD-000098,2025-07-29,Premium,India,Online,SMB,1,114.82,2.89,111.93,61.51,50.42,118.55,2025,2025-07,Q3
ORD-000099,2025-04-10,Core,UK,Direct,SMB,4,194.01,12.18,181.83,101.83,80.0,205.26,2025,2025-04,Q2
ORD-000100,2025-06-20,Premium,UK,Direct,SMB,5,578.23,0.66,577.57,378.43,199.14,617.38,2025,2025-06,Q2
ORD-000101,2025-03-13,Premium,UK,Direct,SMB,2,260.86,4.24,256.62,137.41,119.21,230.75,2025,2025-03,Q1
ORD-000102,2025-12-22,Premium,UK,Direct,SMB,5,555.4,42.16,513.24,326.99,186.25,581.31,2025,2025-12,Q4
ORD-000103,2026-04-07,Plus,Germany,Direct,Mid-Market,1,73.69,4.4,69.29,30.45,38.84,76.33,2026,2026-04,Q2
ORD-000104,2026-02-27,Enterprise,India,Online,Enterprise,2,520.42,43.74,476.68,296.1,180.58,429.51,2026,2026-02,Q1
ORD-000105,2025-08-18,Plus,UAE,Online,Mid-Market,5,395.01,12.42,382.59,219.14,163.45,359.73,2025,2025-08,Q3
ORD-000106,2025-02-19,Premium,India,Partner,SMB,3,330.01,3.37,326.64,209.76,116.88,295.03,2025,2025-02,Q1
ORD-000107,2025-07-07,Core,UAE,Direct,SMB,1,42.41,1.45,40.96,20.51,20.45,41.74,2025,2025-07,Q3
ORD-000108,2025-07-30,Enterprise,US,Online,SMB,2,504.64,44.55,460.09,213.35,246.74,518.34,2025,2025-07,Q3
ORD-000109,2026-02-18,Enterprise,UAE,Partner,Mid-Market,2,527.97,2.92,525.05,294.86,230.19,561.47,2026,2026-02,Q1
ORD-000110,2026-07-30,Plus,UK,Direct,SMB,1,70.92,3.19,67.73,31.61,36.12,66.71,2026,2026-07,Q3
ORD-000111,2025-11-28,Core,India,Direct,Mid-Market,3,133.14,13.85,119.29,55.88,63.41,110.84,2025,2025-11,Q4
ORD-000112,2025-06-23,Plus,Germany,Online,Enterprise,2,160.36,1.31,159.05,68.6,90.45,165.54,2025,2025-06,Q2
ORD-000113,2025-02-22,Core,India,Online,SMB,3,124.45,4.54,119.91,67.62,52.29,124.11,2025,2025-02,Q1
ORD-000114,2025-11-18,Enterprise,India,Direct,Enterprise,3,690.2,62.55,627.65,324.28,303.37,573.49,2025,2025-11,Q4
ORD-000115,2026-04-07,Core,UK,Direct,SMB,3,125.18,14.22,110.96,55.11,55.85,105.78,2026,2026-04,Q2
ORD-000116,2025-08-05,Core,Germany,Online,Mid-Market,3,138.67,6.66,132.01,73.88,58.13,145.66,2025,2025-08,Q3
ORD-000117,2026-07-18,Plus,India,Direct,Mid-Market,1,74.04,0.94,73.1,44.13,28.97,70.22,2026,2026-07,Q3
ORD-000118,2026-04-20,Plus,India,Online,SMB,2,154.96,7.34,147.62,70.37,77.25,131.57,2026,2026-04,Q2
ORD-000119,2025-01-15,Plus,India,Online,SMB,1,68.54,1.03,67.51,31.01,36.5,71.56,2025,2025-01,Q1
ORD-000120,2025-10-06,Premium,India,Direct,SMB,1,114.27,2.33,111.94,55.64,56.3,124.88,2025,2025-10,Q4
ORD-000121,2026-05-21,Core,Germany,Direct,Mid-Market,4,166.91,5.59,161.32,97.25,64.07,163.89,2026,2026-05,Q2
ORD-000122,2025-12-17,Enterprise,US,Online,SMB,3,747.57,49.69,697.88,415.97,281.91,766.63,2025,2025-12,Q4
ORD-000123,2025-04-09,Plus,UAE,Direct,Enterprise,3,205.1,3.17,201.93,125.13,76.8,211.91,2025,2025-04,Q2
ORD-000124,2025-02-10,Core,US,Direct,SMB,2,87.11,0.29,86.82,48.88,37.94,86.34,2025,2025-02,Q1
ORD-000125,2026-05-11,Enterprise,UAE,Online,SMB,2,462.02,24.83,437.19,250.62,186.57,457.48,2026,2026-05,Q2
ORD-000126,2025-02-10,Core,India,Direct,Mid-Market,2,92.75,2.94,89.81,50.87,38.94,98.81,2025,2025-02,Q1
ORD-000127,2025-08-10,Plus,India,Direct,Mid-Market,2,154.95,11.6,143.35,89.76,53.59,140.84,2025,2025-08,Q3
ORD-000128,2025-06-17,Premium,UK,Direct,Enterprise,3,354.49,9.49,345.0,150.27,194.73,382.02,2025,2025-06,Q2
ORD-000129,2026-04-16,Core,Germany,Online,Mid-Market,1,48.83,0.27,48.56,23.53,25.03,48.15,2026,2026-04,Q2
ORD-000130,2025-06-12,Enterprise,India,Partner,Enterprise,5,1124.3,14.76,1109.54,628.88,480.66,1040.03,2025,2025-06,Q2
ORD-000131,2026-06-07,Core,UK,Direct,Enterprise,1,43.01,1.9,41.11,17.52,23.59,37.19,2026,2026-06,Q2
ORD-000132,2025-06-14,Core,UK,Online,Enterprise,2,85.07,3.65,81.42,38.91,42.51,87.36,2025,2025-06,Q2
ORD-000133,2026-05-20,Enterprise,UK,Direct,SMB,2,440.65,32.56,408.09,185.21,222.88,421.9,2026,2026-05,Q2
ORD-000134,2025-05-13,Core,UK,Online,Mid-Market,5,246.48,5.86,240.62,137.39,103.23,266.18,2025,2025-05,Q2
ORD-000135,2025-08-03,Core,US,Partner,SMB,1,44.36,2.72,41.64,20.66,20.98,39.13,2025,2025-08,Q3
ORD-000136,2025-12-25,Core,US,Direct,Mid-Market,4,167.85,6.93,160.92,104.34,56.58,165.47,2025,2025-12,Q4
ORD-000137,2025-11-27,Plus,US,Direct,Mid-Market,1,81.42,10.84,70.58,45.66,24.92,76.96,2025,2025-11,Q4
ORD-000138,2026-01-20,Enterprise,UK,Online,Mid-Market,2,522.84,24.63,498.21,252.88,245.33,482.99,2026,2026-01,Q1
ORD-000139,2025-03-19,Enterprise,India,Direct,Mid-Market,2,491.72,19.7,472.02,290.01,182.01,482.01,2025,2025-03,Q1
ORD-000140,2026-07-28,Enterprise,UK,Online,Mid-Market,2,436.47,15.85,420.62,253.63,166.99,435.17,2026,2026-07,Q3
ORD-000141,2025-10-16,Plus,India,Partner,SMB,2,163.29,0.91,162.38,95.47,66.91,165.99,2025,2025-10,Q4
ORD-000142,2025-09-23,Core,India,Partner,Enterprise,1,46.34,5.44,40.9,23.96,16.94,40.99,2025,2025-09,Q3
ORD-000143,2025-02-18,Core,India,Direct,Mid-Market,11,540.17,24.47,515.7,301.07,214.63,467.82,2025,2025-02,Q1
ORD-000144,2026-07-30,Premium,India,Direct,Mid-Market,3,373.79,12.96,360.83,161.91,198.92,360.21,2026,2026-07,Q3
ORD-000145,2025-05-17,Core,UAE,Online,SMB,4,163.31,3.19,160.12,84.06,76.06,153.2,2025,2025-05,Q2
ORD-000146,2025-08-12,Premium,India,Direct,SMB,4,443.1,14.0,429.1,267.24,161.86,483.39,2025,2025-08,Q3
ORD-000147,2025-04-15,Premium,US,Partner,SMB,3,360.49,39.34,321.15,177.61,143.54,339.03,2025,2025-04,Q2
ORD-000148,2025-05-11,Core,UK,Online,Mid-Market,4,164.48,0.27,164.21,70.96,93.25,147.5,2025,2025-05,Q2
ORD-000149,2025-12-23,Core,India,Direct,Mid-Market,5,244.71,0.76,243.95,132.24,111.71,250.56,2025,2025-12,Q4
ORD-000150,2025-06-25,Plus,Germany,Partner,Enterprise,3,212.57,6.81,205.76,120.6,85.16,217.63,2025,2025-06,Q2
ORD-000151,2026-03-06,Core,India,Direct,SMB,1,42.38,0.79,41.59,24.93,16.66,45.01,2026,2026-03,Q1
ORD-000152,2025-04-15,Plus,US,Direct,Enterprise,4,287.17,22.0,265.17,161.77,103.4,267.6,2025,2025-04,Q2
ORD-000153,2026-04-04,Plus,India,Partner,Enterprise,2,142.72,3.43,139.29,85.29,54.0,155.94,2026,2026-04,Q2
ORD-000154,2025-01-19,Plus,UK,Direct,SMB,1,80.62,3.08,77.54,47.85,29.69,71.02,2025,2025-01,Q1
ORD-000155,2026-01-15,Premium,UK,Online,Enterprise,1,125.37,1.6,123.77,57.37,66.4,123.75,2026,2026-01,Q1
ORD-000156,2026-05-23,Premium,UK,Direct,Enterprise,5,592.41,1.52,590.89,277.57,313.32,607.49,2026,2026-05,Q2
ORD-000157,2025-04-19,Premium,India,Direct,SMB,2,258.11,2.25,255.86,135.51,120.35,273.11,2025,2025-04,Q2
ORD-000158,2026-04-27,Premium,UAE,Direct,SMB,2,252.26,17.48,234.78,100.01,134.77,221.99,2026,2026-04,Q2
ORD-000159,2025-06-25,Plus,India,Partner,Mid-Market,1,82.13,1.75,80.38,45.18,35.2,86.6,2025,2025-06,Q2
ORD-000160,2026-05-29,Core,India,Online,Mid-Market,2,88.73,1.42,87.31,39.98,47.33,88.66,2026,2026-05,Q2
ORD-000161,2026-02-13,Plus,UK,Direct,Enterprise,6,433.73,13.15,420.58,249.73,170.85,408.37,2026,2026-02,Q1
ORD-000162,2025-03-28,Premium,Germany,Partner,Mid-Market,5,559.42,9.02,550.4,232.52,317.88,573.92,2025,2025-03,Q1
ORD-000163,2026-07-06,Core,India,Online,SMB,3,123.49,12.39,111.1,54.53,56.57,113.23,2026,2026-07,Q3
ORD-000164,2025-05-04,Plus,Germany,Online,SMB,3,212.7,7.27,205.43,108.25,97.18,204.11,2025,2025-05,Q2
ORD-000165,2025-10-13,Plus,US,Partner,SMB,1,71.08,6.16,64.92,43.05,21.87,65.38,2025,2025-10,Q4
ORD-000166,2025-05-11,Enterprise,India,Partner,SMB,4,990.35,3.18,987.17,512.68,474.49,1049.14,2025,2025-05,Q2
ORD-000167,2026-01-19,Core,UAE,Online,Enterprise,3,141.04,5.85,135.19,66.12,69.07,141.09,2026,2026-01,Q1
ORD-000168,2025-01-23,Premium,UAE,Online,Enterprise,1,118.81,3.46,115.35,69.97,45.38,111.66,2025,2025-01,Q1
ORD-000169,2026-06-24,Core,UK,Online,Enterprise,1,42.67,4.92,37.75,24.48,13.27,35.81,2026,2026-06,Q2
ORD-000170,2025-02-20,Core,India,Online,SMB,4,166.91,10.79,156.12,79.0,77.12,169.13,2025,2025-02,Q1
ORD-000171,2026-07-30,Premium,US,Online,SMB,5,554.93,22.73,532.2,260.85,271.35,522.92,2026,2026-07,Q3
ORD-000172,2026-05-02,Core,India,Direct,Enterprise,3,145.34,6.72,138.62,79.11,59.51,125.19,2026,2026-05,Q2
ORD-000173,2025-01-15,Plus,Germany,Direct,Mid-Market,4,275.42,3.56,271.86,139.72,132.14,266.15,2025,2025-01,Q1
ORD-000174,2025-06-10,Plus,UAE,Online,Enterprise,5,385.15,38.53,346.62,228.76,117.86,316.56,2025,2025-06,Q2
ORD-000175,2025-08-29,Premium,US,Direct,SMB,4,500.5,19.77,480.73,205.25,275.48,434.63,2025,2025-08,Q3
ORD-000176,2025-08-03,Plus,UAE,Partner,SMB,1,74.14,5.35,68.79,45.52,23.27,72.8,2025,2025-08,Q3
ORD-000177,2025-06-19,Core,UK,Online,Mid-Market,2,89.67,5.85,83.82,51.69,32.13,94.35,2025,2025-06,Q2
ORD-000178,2026-03-01,Plus,US,Direct,Enterprise,4,287.29,10.35,276.94,168.09,108.85,292.09,2026,2026-03,Q1
ORD-000179,2025-03-22,Premium,Germany,Direct,Mid-Market,1,114.03,2.11,111.92,71.71,40.21,111.76,2025,2025-03,Q1
ORD-000180,2025-07-29,Premium,UK,Partner,SMB,1,122.61,3.64,118.97,60.67,58.3,105.04,2025,2025-07,Q3
ORD-000181,2026-01-11,Plus,Germany,Online,SMB,6,434.41,22.78,411.63,235.69,175.94,459.77,2026,2026-01,Q1
ORD-000182,2025-07-24,Plus,India,Direct,SMB,2,145.05,9.64,135.41,62.37,73.04,127.11,2025,2025-07,Q3
ORD-000183,2026-05-19,Premium,India,Online,SMB,6,783.66,21.35,762.31,450.48,311.83,739.37,2026,2026-05,Q2
ORD-000184,2025-03-29,Premium,US,Online,SMB,1,123.01,2.06,120.95,78.55,42.4,129.41,2025,2025-03,Q1
ORD-000185,2026-04-25,Premium,UK,Online,SMB,2,229.95,12.79,217.16,123.41,93.75,211.41,2026,2026-04,Q2
ORD-000186,2026-05-26,Plus,India,Direct,SMB,2,161.8,3.19,158.61,79.82,78.79,170.63,2026,2026-05,Q2
ORD-000187,2026-04-28,Premium,UK,Direct,SMB,2,240.18,2.2,237.98,138.84,99.14,238.54,2026,2026-04,Q2
ORD-000188,2025-05-27,Plus,US,Direct,Mid-Market,1,72.26,0.98,71.28,32.23,39.05,63.63,2025,2025-05,Q2
ORD-000189,2025-05-11,Core,India,Direct,SMB,5,203.87,17.65,186.22,96.46,89.76,171.77,2025,2025-05,Q2
ORD-000190,2025-08-30,Plus,UK,Partner,SMB,3,210.71,8.57,202.14,117.56,84.58,178.21,2025,2025-08,Q3
ORD-000191,2026-01-02,Core,India,Direct,Enterprise,3,127.14,6.2,120.94,75.53,45.41,129.3,2026,2026-01,Q1
ORD-000192,2026-05-13,Plus,UK,Partner,SMB,1,78.94,0.54,78.4,33.83,44.57,73.73,2026,2026-05,Q2
ORD-000193,2026-07-15,Premium,UK,Partner,SMB,6,767.85,14.8,753.05,360.46,392.59,801.16,2026,2026-07,Q3
ORD-000194,2025-10-15,Premium,India,Partner,SMB,1,119.93,5.07,114.86,70.75,44.11,114.24,2025,2025-10,Q4
ORD-000195,2026-04-21,Premium,India,Online,SMB,4,471.29,36.93,434.36,195.12,239.24,428.12,2026,2026-04,Q2
ORD-000196,2026-06-10,Core,UAE,Partner,Mid-Market,4,182.44,12.77,169.67,96.4,73.27,155.25,2026,2026-06,Q2
ORD-000197,2025-05-16,Premium,UK,Direct,SMB,2,244.78,0.5,244.28,162.42,81.86,245.37,2025,2025-05,Q2
ORD-000198,2025-08-26,Plus,UAE,Direct,SMB,1,68.41,6.57,61.84,26.54,35.3,63.65,2025,2025-08,Q3
ORD-000199,2025-09-16,Premium,US,Direct,Mid-Market,3,324.1,18.05,306.05,150.94,155.11,345.48,2025,2025-09,Q3
ORD-000200,2025-12-09,Premium,US,Partner,SMB,2,260.49,4.62,255.87,144.2,111.67,272.76,2025,2025-12,Q4
ORD-000201,2025-11-06,Enterprise,India,Direct,Enterprise,2,473.47,35.38,438.09,273.18,164.91,478.82,2025,2025-11,Q4
ORD-000202,2025-03-22,Plus,India,Online,SMB,5,342.58,1.13,341.45,228.31,113.14,384.7,2025,2025-03,Q1
ORD-000203,2026-01-01,Premium,UK,Online,Mid-Market,6,716.59,8.42,708.17,310.65,397.52,767.34,2026,2026-01,Q1
ORD-000204,2026-06-20,Core,US,Direct,Mid-Market,3,122.81,3.49,119.32,63.67,55.65,124.95,2026,2026-06,Q2
ORD-000205,2025-03-06,Plus,Germany,Direct,Mid-Market,1,81.19,0.13,81.06,43.0,38.06,81.77,2025,2025-03,Q1
ORD-000206,2025-03-05,Core,UAE,Online,SMB,2,81.81,1.57,80.24,39.39,40.85,76.56,2025,2025-03,Q1
ORD-000207,2025-10-22,Core,UK,Online,Mid-Market,1,44.51,2.46,42.05,25.15,16.9,38.15,2025,2025-10,Q4
ORD-000208,2026-04-30,Premium,India,Direct,Mid-Market,5,610.16,14.75,595.41,344.97,250.44,672.76,2026,2026-04,Q2
ORD-000209,2025-01-06,Plus,India,Direct,SMB,4,305.68,12.31,293.37,170.82,122.55,321.78,2025,2025-01,Q1
ORD-000210,2026-01-24,Enterprise,UAE,Direct,SMB,3,754.8,1.04,753.76,482.36,271.4,841.41,2026,2026-01,Q1
ORD-000211,2025-02-16,Premium,US,Direct,Enterprise,2,217.49,8.49,209.0,98.74,110.26,210.49,2025,2025-02,Q1
ORD-000212,2025-03-04,Plus,India,Direct,Mid-Market,5,359.23,40.45,318.78,155.8,162.98,356.62,2025,2025-03,Q1
ORD-000213,2025-08-29,Premium,Germany,Partner,SMB,6,776.57,67.13,709.44,317.8,391.64,709.91,2025,2025-08,Q3
ORD-000214,2026-02-07,Enterprise,UK,Online,Enterprise,5,1114.63,29.21,1085.42,665.16,420.26,1171.5,2026,2026-02,Q1
ORD-000215,2026-04-18,Core,US,Direct,Mid-Market,1,43.15,0.43,42.72,23.74,18.98,45.2,2026,2026-04,Q2
ORD-000216,2026-03-02,Plus,India,Direct,Enterprise,4,292.79,1.45,291.34,180.72,110.62,276.91,2026,2026-03,Q1
ORD-000217,2026-05-12,Core,UK,Online,Mid-Market,1,43.62,3.15,40.47,20.4,20.07,45.58,2026,2026-05,Q2
ORD-000218,2025-01-22,Premium,Germany,Online,Mid-Market,1,108.19,6.39,101.8,52.31,49.49,102.93,2025,2025-01,Q1
ORD-000219,2025-01-21,Core,India,Online,SMB,2,81.63,8.72,72.91,38.91,34.0,68.9,2025,2025-01,Q1
ORD-000220,2025-07-16,Core,India,Online,SMB,4,172.03,1.18,170.85,99.62,71.23,153.71,2025,2025-07,Q3
ORD-000221,2025-04-01,Premium,UAE,Direct,SMB,3,328.46,64.88,263.58,170.56,93.02,268.14,2025,2025-04,Q2
ORD-000222,2025-02-09,Enterprise,India,Partner,SMB,3,691.48,18.67,672.81,293.33,379.48,687.5,2025,2025-02,Q1
ORD-000223,2025-03-17,Plus,UK,Direct,SMB,1,79.86,2.95,76.91,34.86,42.05,80.97,2025,2025-03,Q1
ORD-000224,2026-03-05,Core,US,Online,Enterprise,7,325.61,41.54,284.07,140.71,143.36,272.68,2026,2026-03,Q1
ORD-000225,2026-06-04,Core,Germany,Partner,Mid-Market,2,81.72,4.84,76.88,45.06,31.82,84.2,2026,2026-06,Q2
ORD-000226,2025-02-05,Premium,US,Direct,SMB,5,625.58,58.23,567.35,250.75,316.6,604.37,2025,2025-02,Q1
ORD-000227,2026-04-28,Premium,UK,Partner,Mid-Market,6,697.33,19.74,677.59,424.17,253.42,723.01,2026,2026-04,Q2
ORD-000228,2026-03-07,Premium,UK,Partner,SMB,1,118.59,6.03,112.56,47.7,64.86,108.11,2026,2026-03,Q1
ORD-000229,2025-06-23,Core,US,Online,SMB,3,123.23,1.45,121.78,74.61,47.17,129.28,2025,2025-06,Q2
ORD-000230,2026-05-28,Plus,UK,Online,Enterprise,5,390.42,5.69,384.73,244.79,139.94,383.12,2026,2026-05,Q2
ORD-000231,2026-07-19,Enterprise,UAE,Direct,SMB,2,497.59,9.86,487.73,235.35,252.38,483.98,2026,2026-07,Q3
ORD-000232,2025-02-02,Core,Germany,Online,Mid-Market,1,42.72,1.61,41.11,20.95,20.16,44.33,2025,2025-02,Q1
ORD-000233,2025-07-21,Plus,UK,Direct,SMB,1,76.15,1.4,74.75,40.82,33.93,74.75,2025,2025-07,Q3
ORD-000234,2025-09-17,Enterprise,US,Direct,Enterprise,3,688.71,25.1,663.61,355.74,307.87,698.86,2025,2025-09,Q3
ORD-000235,2025-03-23,Premium,US,Direct,SMB,1,125.06,18.07,106.99,63.51,43.48,112.76,2025,2025-03,Q1
ORD-000236,2025-07-14,Enterprise,US,Partner,Mid-Market,2,445.17,6.8,438.37,226.64,211.73,401.02,2025,2025-07,Q3
ORD-000237,2026-06-07,Core,Germany,Online,SMB,1,41.41,0.62,40.79,22.5,18.29,46.19,2026,2026-06,Q2
ORD-000238,2026-03-04,Enterprise,UK,Online,Mid-Market,3,705.61,23.95,681.66,388.1,293.56,718.15,2026,2026-03,Q1
ORD-000239,2025-01-02,Premium,Germany,Partner,Mid-Market,1,114.23,5.05,109.18,62.58,46.6,106.44,2025,2025-01,Q1
ORD-000240,2025-02-03,Core,US,Online,SMB,3,126.37,3.85,122.52,80.38,42.14,109.31,2025,2025-02,Q1
ORD-000241,2026-07-05,Premium,India,Direct,Mid-Market,2,228.91,16.01,212.9,97.12,115.78,225.4,2026,2026-07,Q3
ORD-000242,2025-07-18,Core,UK,Direct,Enterprise,3,140.87,3.4,137.47,79.32,58.15,140.25,2025,2025-07,Q3
ORD-000243,2026-06-29,Plus,India,Online,Enterprise,1,80.01,2.51,77.5,40.18,37.32,74.56,2026,2026-06,Q2
ORD-000244,2025-12-02,Premium,UK,Direct,Mid-Market,2,235.08,1.57,233.51,101.9,131.61,247.0,2025,2025-12,Q4
ORD-000245,2026-01-29,Plus,UK,Online,Enterprise,1,71.66,3.1,68.56,44.37,24.19,65.62,2026,2026-01,Q1
ORD-000246,2026-01-07,Premium,India,Online,SMB,6,668.54,39.48,629.06,389.79,239.27,580.04,2026,2026-01,Q1
ORD-000247,2025-01-23,Enterprise,UK,Direct,Mid-Market,4,991.86,55.14,936.72,539.63,397.09,969.56,2025,2025-01,Q1
ORD-000248,2025-12-23,Core,India,Direct,SMB,5,236.95,23.81,213.14,140.63,72.51,219.36,2025,2025-12,Q4
ORD-000249,2026-03-18,Plus,UK,Direct,Enterprise,3,241.98,1.8,240.18,148.12,92.06,270.8,2026,2026-03,Q1
ORD-000250,2025-07-02,Core,UAE,Online,SMB,1,43.77,0.46,43.31,27.13,16.18,43.68,2025,2025-07,Q3
ORD-000251,2025-02-08,Core,Germany,Online,Mid-Market,1,41.03,2.74,38.29,21.74,16.55,35.18,2025,2025-02,Q1
ORD-000252,2026-06-07,Core,India,Online,SMB,6,258.27,16.54,241.73,153.47,88.26,241.49,2026,2026-06,Q2
ORD-000253,2025-07-30,Plus,UK,Direct,SMB,5,388.99,26.6,362.39,232.13,130.26,403.38,2025,2025-07,Q3
ORD-000254,2026-07-04,Premium,UK,Direct,SMB,1,116.55,7.12,109.43,61.52,47.91,98.0,2026,2026-07,Q3
ORD-000255,2025-02-16,Premium,UAE,Partner,Enterprise,1,115.84,15.47,100.37,46.1,54.27,102.15,2025,2025-02,Q1
ORD-000256,2025-10-26,Enterprise,US,Direct,SMB,3,673.17,9.32,663.85,285.97,377.88,659.39,2025,2025-10,Q4
ORD-000257,2025-12-08,Core,US,Direct,SMB,6,282.92,14.42,268.5,130.09,138.41,278.55,2025,2025-12,Q4
ORD-000258,2025-10-18,Premium,UK,Direct,SMB,1,131.34,3.16,128.18,75.26,52.92,124.27,2025,2025-10,Q4
ORD-000259,2026-05-04,Enterprise,India,Direct,Enterprise,3,785.82,71.69,714.13,450.45,263.68,749.1,2026,2026-05,Q2
ORD-000260,2025-10-25,Core,UK,Online,SMB,1,46.13,3.11,43.02,23.14,19.88,41.98,2025,2025-10,Q4
ORD-000261,2026-06-20,Enterprise,India,Direct,SMB,1,235.12,1.95,233.17,99.88,133.29,261.16,2026,2026-06,Q2
ORD-000262,2026-01-25,Core,Germany,Direct,Mid-Market,8,347.73,1.0,346.73,182.66,164.07,323.55,2026,2026-01,Q1
ORD-000263,2025-02-22,Enterprise,India,Partner,SMB,7,1613.78,138.62,1475.16,860.03,615.13,1457.63,2025,2025-02,Q1
ORD-000264,2025-04-02,Plus,UAE,Online,SMB,3,206.78,9.62,197.16,129.17,67.99,206.67,2025,2025-04,Q2
ORD-000265,2025-10-09,Enterprise,UK,Partner,Enterprise,3,761.49,22.02,739.47,411.02,328.45,708.41,2025,2025-10,Q4
ORD-000266,2025-10-22,Plus,UAE,Direct,Mid-Market,1,72.09,3.07,69.02,34.9,34.12,70.62,2025,2025-10,Q4
ORD-000267,2026-05-18,Plus,India,Direct,Mid-Market,4,287.32,8.94,278.38,119.34,159.04,284.89,2026,2026-05,Q2
ORD-000268,2025-01-22,Premium,US,Online,SMB,4,455.41,6.25,449.16,266.57,182.59,444.35,2025,2025-01,Q1
ORD-000269,2026-03-08,Premium,India,Online,SMB,1,131.05,0.97,130.08,81.89,48.19,130.85,2026,2026-03,Q1
ORD-000270,2025-09-09,Plus,UAE,Direct,Enterprise,3,216.1,14.21,201.89,116.23,85.66,193.33,2025,2025-09,Q3
ORD-000271,2025-04-13,Premium,UAE,Online,SMB,2,231.24,0.54,230.7,134.37,96.33,261.49,2025,2025-04,Q2
ORD-000272,2025-06-11,Premium,UK,Direct,SMB,4,463.27,36.23,427.04,226.96,200.08,395.15,2025,2025-06,Q2
ORD-000273,2025-03-15,Plus,UK,Direct,Mid-Market,5,383.03,10.63,372.4,156.52,215.88,401.8,2025,2025-03,Q1
ORD-000274,2026-03-17,Premium,US,Direct,SMB,2,254.6,12.9,241.7,122.81,118.89,230.7,2026,2026-03,Q1
ORD-000275,2025-11-09,Plus,UK,Direct,Enterprise,4,319.17,4.57,314.6,186.69,127.91,294.24,2025,2025-11,Q4
ORD-000276,2026-03-27,Premium,US,Online,Mid-Market,1,119.54,1.0,118.54,50.09,68.45,118.7,2026,2026-03,Q1
ORD-000277,2025-01-20,Core,UK,Direct,Enterprise,4,183.0,19.99,163.01,72.48,90.53,170.81,2025,2025-01,Q1
ORD-000278,2025-05-25,Enterprise,UK,Online,SMB,4,1015.98,76.7,939.28,523.15,416.13,930.36,2025,2025-05,Q2
ORD-000279,2025-11-10,Premium,US,Direct,SMB,3,359.79,19.44,340.35,220.05,120.3,385.0,2025,2025-11,Q4
ORD-000280,2025-07-23,Premium,UAE,Online,Mid-Market,2,221.7,18.84,202.86,128.22,74.64,191.31,2025,2025-07,Q3
ORD-000281,2025-12-21,Enterprise,UAE,Direct,SMB,2,522.23,24.7,497.53,297.64,199.89,549.95,2025,2025-12,Q4
ORD-000282,2026-02-08,Plus,India,Partner,Mid-Market,2,138.29,2.81,135.48,84.87,50.61,123.28,2026,2026-02,Q1
ORD-000283,2025-11-02,Plus,UK,Direct,SMB,3,222.7,7.79,214.91,113.17,101.74,233.38,2025,2025-11,Q4
ORD-000284,2026-01-14,Enterprise,UK,Online,Enterprise,5,1106.1,23.57,1082.53,466.31,616.22,1025.41,2026,2026-01,Q1
ORD-000285,2025-07-25,Core,India,Direct,Mid-Market,1,42.81,0.86,41.95,18.51,23.44,41.78,2025,2025-07,Q3
ORD-000286,2025-12-22,Enterprise,US,Partner,Mid-Market,2,507.83,14.88,492.95,292.5,200.45,438.07,2025,2025-12,Q4
ORD-000287,2025-10-13,Core,UK,Online,Mid-Market,3,138.13,7.42,130.71,81.18,49.53,120.12,2025,2025-10,Q4
ORD-000288,2026-07-26,Plus,Germany,Partner,Mid-Market,2,135.54,3.89,131.65,83.12,48.53,138.1,2026,2026-07,Q3
ORD-000289,2026-02-10,Premium,UK,Partner,Enterprise,1,111.38,2.0,109.38,49.64,59.74,121.69,2026,2026-02,Q1
ORD-000290,2025-08-07,Core,UK,Online,SMB,1,42.2,0.64,41.56,22.17,19.39,42.31,2025,2025-08,Q3
ORD-000291,2025-04-17,Premium,Germany,Partner,SMB,4,465.89,7.09,458.8,304.24,154.56,466.68,2025,2025-04,Q2
ORD-000292,2025-09-24,Premium,UK,Direct,SMB,3,364.37,20.0,344.37,191.75,152.62,371.16,2025,2025-09,Q3
ORD-000293,2026-07-29,Core,India,Direct,Mid-Market,3,124.42,5.09,119.33,72.4,46.93,127.53,2026,2026-07,Q3
ORD-000294,2026-05-29,Plus,UK,Online,Mid-Market,4,274.15,1.1,273.05,127.46,145.59,300.48,2026,2026-05,Q2
ORD-000295,2025-08-19,Premium,US,Direct,Mid-Market,3,387.54,46.01,341.53,189.94,151.59,319.46,2025,2025-08,Q3
ORD-000296,2025-11-08,Premium,UK,Online,Enterprise,2,227.24,14.4,212.84,134.41,78.43,214.07,2025,2025-11,Q4
ORD-000297,2025-01-26,Plus,India,Online,SMB,2,151.89,6.52,145.37,81.25,64.12,146.16,2025,2025-01,Q1
ORD-000298,2025-11-19,Core,UK,Direct,SMB,3,124.31,12.66,111.65,49.67,61.98,101.42,2025,2025-11,Q4
ORD-000299,2026-01-31,Core,India,Online,Mid-Market,3,147.5,2.88,144.62,79.38,65.24,146.15,2026,2026-01,Q1
ORD-000300,2025-12-29,Core,UK,Partner,Enterprise,2,85.76,3.04,82.72,42.93,39.79,90.96,2025,2025-12,Q4
ORD-000301,2025-05-18,Premium,UK,Online,SMB,2,234.93,7.94,226.99,105.88,121.11,254.44,2025,2025-05,Q2
ORD-000302,2025-02-24,Premium,India,Online,Enterprise,1,131.8,17.46,114.34,70.17,44.17,117.19,2025,2025-02,Q1
ORD-000303,2025-05-01,Enterprise,Germany,Online,Enterprise,3,710.57,32.86,677.71,321.06,356.65,624.16,2025,2025-05,Q2
ORD-000304,2025-04-30,Core,India,Online,Enterprise,1,47.36,1.6,45.76,26.97,18.79,41.2,2025,2025-04,Q2
ORD-000305,2025-03-02,Plus,UK,Direct,SMB,2,162.65,24.49,138.16,76.04,62.12,131.0,2025,2025-03,Q1
ORD-000306,2025-05-16,Plus,UK,Partner,Mid-Market,10,752.29,23.24,729.05,325.4,403.65,672.6,2025,2025-05,Q2
ORD-000307,2025-03-03,Enterprise,US,Direct,Enterprise,5,1281.49,45.31,1236.18,668.58,567.6,1312.84,2025,2025-03,Q1
ORD-000308,2026-06-21,Core,UAE,Direct,Mid-Market,7,309.72,3.79,305.93,173.44,132.49,324.67,2026,2026-06,Q2
ORD-000309,2026-05-01,Enterprise,US,Online,SMB,3,692.63,26.63,666.0,404.04,261.96,595.51,2026,2026-05,Q2
ORD-000310,2025-01-23,Core,US,Online,Mid-Market,3,130.25,1.86,128.39,74.45,53.94,138.72,2025,2025-01,Q1
ORD-000311,2025-01-02,Enterprise,UK,Online,SMB,8,1856.64,101.91,1754.73,911.75,842.98,1751.07,2025,2025-01,Q1
ORD-000312,2026-03-20,Enterprise,US,Direct,Enterprise,5,1118.2,17.05,1101.15,486.52,614.63,1053.91,2026,2026-03,Q1
ORD-000313,2025-05-10,Core,UK,Direct,SMB,2,93.16,4.97,88.19,40.16,48.03,86.55,2025,2025-05,Q2
ORD-000314,2025-06-12,Core,Germany,Partner,SMB,2,95.68,7.06,88.62,40.8,47.82,94.07,2025,2025-06,Q2
ORD-000315,2026-07-25,Core,UK,Direct,SMB,4,184.33,6.47,177.86,95.85,82.01,161.77,2026,2026-07,Q3
ORD-000316,2025-05-06,Core,Germany,Online,SMB,2,96.18,3.38,92.8,61.45,31.35,82.51,2025,2025-05,Q2
ORD-000317,2025-10-05,Premium,UK,Online,SMB,2,247.32,14.13,233.19,104.71,128.48,217.98,2025,2025-10,Q4
ORD-000318,2025-12-18,Core,Germany,Direct,Enterprise,1,42.18,1.35,40.83,21.56,19.27,42.57,2025,2025-12,Q4
ORD-000319,2025-12-08,Core,US,Partner,Mid-Market,1,43.97,1.39,42.58,19.32,23.26,37.57,2025,2025-12,Q4
ORD-000320,2025-08-30,Premium,Germany,Direct,Enterprise,1,130.42,1.95,128.47,64.52,63.95,134.3,2025,2025-08,Q3
ORD-000321,2025-12-28,Core,US,Direct,Mid-Market,6,277.27,5.27,272.0,179.79,92.21,254.2,2025,2025-12,Q4
ORD-000322,2026-01-31,Enterprise,UK,Online,SMB,3,661.83,55.31,606.52,344.93,261.59,582.71,2026,2026-01,Q1
ORD-000323,2025-10-16,Premium,Germany,Online,Mid-Market,1,108.15,4.83,103.32,43.83,59.49,102.37,2025,2025-10,Q4
ORD-000324,2026-07-09,Core,India,Partner,Mid-Market,6,245.1,9.0,236.1,99.69,136.41,236.79,2026,2026-07,Q3
ORD-000325,2026-03-03,Premium,UK,Online,Mid-Market,3,342.38,13.42,328.96,143.25,185.71,299.42,2026,2026-03,Q1
ORD-000326,2025-07-24,Enterprise,UAE,Partner,Mid-Market,1,231.51,13.59,217.92,97.25,120.67,192.95,2025,2025-07,Q3
ORD-000327,2026-02-22,Premium,US,Direct,Enterprise,4,450.28,23.92,426.36,245.37,180.99,434.09,2026,2026-02,Q1
ORD-000328,2025-05-17,Premium,UAE,Partner,SMB,3,329.1,2.33,326.77,164.25,162.52,334.28,2025,2025-05,Q2
ORD-000329,2026-02-12,Core,India,Online,Enterprise,2,97.88,8.27,89.61,56.58,33.03,91.87,2026,2026-02,Q1
ORD-000330,2025-09-30,Core,UAE,Online,Enterprise,2,92.11,3.29,88.82,41.06,47.76,96.56,2025,2025-09,Q3
ORD-000331,2026-02-15,Core,UAE,Direct,SMB,9,387.82,24.49,363.33,230.67,132.66,404.52,2026,2026-02,Q1
ORD-000332,2025-07-06,Premium,Germany,Online,SMB,3,362.89,11.52,351.37,219.0,132.37,388.56,2025,2025-07,Q3
ORD-000333,2025-12-30,Core,US,Direct,Enterprise,3,141.09,11.91,129.18,63.88,65.3,144.6,2025,2025-12,Q4
ORD-000334,2026-03-27,Core,India,Direct,Enterprise,2,88.19,0.94,87.25,42.86,44.39,82.83,2026,2026-03,Q1
ORD-000335,2025-06-16,Core,Germany,Online,Enterprise,6,270.29,4.74,265.55,169.42,96.13,251.06,2025,2025-06,Q2
ORD-000336,2026-07-06,Premium,Germany,Direct,SMB,2,257.41,25.3,232.11,141.88,90.23,244.07,2026,2026-07,Q3
ORD-000337,2025-02-08,Enterprise,India,Online,Mid-Market,2,476.68,31.44,445.24,199.43,245.81,434.42,2025,2025-02,Q1
ORD-000338,2025-03-21,Core,India,Partner,Mid-Market,1,44.53,2.36,42.17,19.46,22.71,44.96,2025,2025-03,Q1
ORD-000339,2025-07-18,Premium,UK,Direct,Mid-Market,8,951.96,7.15,944.81,573.93,370.88,905.5,2025,2025-07,Q3
ORD-000340,2025-10-05,Plus,India,Direct,Mid-Market,7,534.98,53.27,481.71,203.94,277.77,452.03,2025,2025-10,Q4
ORD-000341,2025-01-12,Core,Germany,Online,Mid-Market,2,86.49,4.54,81.95,49.42,32.53,87.21,2025,2025-01,Q1
ORD-000342,2026-05-13,Enterprise,India,Partner,Enterprise,2,523.26,11.44,511.82,297.35,214.47,512.65,2026,2026-05,Q2
ORD-000343,2025-10-31,Premium,US,Online,Mid-Market,2,221.0,28.21,192.79,101.76,91.03,173.78,2025,2025-10,Q4
ORD-000344,2025-06-22,Premium,UK,Online,SMB,1,124.91,10.32,114.59,50.65,63.94,115.41,2025,2025-06,Q2
ORD-000345,2025-12-04,Premium,UAE,Partner,SMB,1,122.65,6.61,116.04,71.83,44.21,115.37,2025,2025-12,Q4
ORD-000346,2025-07-03,Enterprise,US,Direct,Mid-Market,1,220.5,20.42,200.08,128.53,71.55,225.76,2025,2025-07,Q3
ORD-000347,2025-03-13,Core,Germany,Direct,Mid-Market,2,98.57,5.93,92.64,40.45,52.19,84.53,2025,2025-03,Q1
ORD-000348,2026-02-09,Core,India,Direct,Mid-Market,5,217.83,5.54,212.29,134.03,78.26,241.12,2026,2026-02,Q1
ORD-000349,2025-11-27,Premium,India,Online,SMB,2,240.19,7.5,232.69,134.4,98.29,215.56,2025,2025-11,Q4
ORD-000350,2026-04-08,Enterprise,US,Direct,Mid-Market,4,897.5,72.58,824.92,408.63,416.29,859.36,2026,2026-04,Q2
ORD-000351,2025-01-16,Enterprise,India,Online,SMB,4,904.37,21.52,882.85,433.81,449.04,968.64,2025,2025-01,Q1
ORD-000352,2025-07-16,Core,UAE,Direct,SMB,1,45.59,0.63,44.96,29.94,15.02,46.15,2025,2025-07,Q3
ORD-000353,2026-05-28,Plus,Germany,Online,Enterprise,1,68.92,1.23,67.69,39.63,28.06,77.02,2026,2026-05,Q2
ORD-000354,2025-04-11,Premium,Germany,Online,Mid-Market,4,510.51,20.06,490.45,270.35,220.1,520.74,2025,2025-04,Q2
ORD-000355,2026-02-14,Core,US,Partner,SMB,3,134.77,4.73,130.04,71.34,58.7,125.98,2026,2026-02,Q1
ORD-000356,2025-11-03,Premium,UAE,Online,Mid-Market,1,110.73,2.77,107.96,48.23,59.73,102.21,2025,2025-11,Q4
ORD-000357,2025-02-04,Enterprise,UAE,Direct,Mid-Market,1,242.87,13.94,228.93,145.07,83.86,207.07,2025,2025-02,Q1
ORD-000358,2025-10-20,Enterprise,US,Direct,Enterprise,2,435.57,20.58,414.99,183.68,231.31,430.37,2025,2025-10,Q4
ORD-000359,2026-05-28,Premium,UK,Partner,Mid-Market,3,389.01,25.04,363.97,200.78,163.19,353.36,2026,2026-05,Q2
ORD-000360,2025-11-22,Plus,India,Partner,Mid-Market,2,147.86,5.01,142.85,64.63,78.22,162.62,2025,2025-11,Q4
ORD-000361,2025-07-09,Premium,Germany,Partner,SMB,4,435.29,15.77,419.52,243.68,175.84,473.11,2025,2025-07,Q3
ORD-000362,2026-06-16,Plus,US,Partner,Mid-Market,9,629.48,1.53,627.95,404.69,223.26,634.3,2026,2026-06,Q2
ORD-000363,2025-11-16,Core,UK,Online,Mid-Market,4,194.92,8.43,186.49,114.98,71.51,172.03,2025,2025-11,Q4
ORD-000364,2025-04-14,Enterprise,Germany,Online,SMB,4,1015.41,51.91,963.5,619.83,343.67,940.69,2025,2025-04,Q2
ORD-000365,2025-11-28,Premium,Germany,Partner,SMB,2,254.63,17.44,237.19,145.14,92.05,261.8,2025,2025-11,Q4
ORD-000366,2026-06-13,Premium,India,Partner,SMB,4,475.24,7.43,467.81,297.99,169.82,479.56,2026,2026-06,Q2
ORD-000367,2025-10-13,Enterprise,Germany,Direct,SMB,1,242.45,4.84,237.61,100.4,137.21,263.33,2025,2025-10,Q4
ORD-000368,2026-06-17,Core,Germany,Online,Enterprise,5,222.87,4.06,218.81,113.23,105.58,242.72,2026,2026-06,Q2
ORD-000369,2026-02-11,Core,US,Partner,Mid-Market,2,97.52,1.69,95.83,63.09,32.74,90.91,2026,2026-02,Q1
ORD-000370,2025-03-21,Premium,UK,Direct,Enterprise,5,613.26,21.72,591.54,382.2,209.34,631.14,2025,2025-03,Q1
ORD-000371,2026-01-14,Plus,US,Direct,SMB,2,140.72,0.17,140.55,68.55,72.0,141.46,2026,2026-01,Q1
ORD-000372,2026-02-09,Plus,UAE,Online,Mid-Market,1,68.08,1.48,66.6,41.68,24.92,64.83,2026,2026-02,Q1
ORD-000373,2025-12-24,Core,Germany,Direct,Enterprise,6,267.12,16.56,250.56,156.68,93.88,248.04,2025,2025-12,Q4
ORD-000374,2026-04-02,Enterprise,Germany,Partner,Enterprise,3,673.64,3.5,670.14,329.94,340.2,675.83,2026,2026-04,Q2
ORD-000375,2025-03-15,Plus,UK,Direct,Enterprise,4,307.63,15.29,292.34,123.17,169.17,270.15,2025,2025-03,Q1
ORD-000376,2025-04-09,Enterprise,Germany,Online,Enterprise,1,225.98,1.07,224.91,125.8,99.11,236.53,2025,2025-04,Q2
ORD-000377,2025-05-03,Core,UK,Direct,Enterprise,4,166.37,4.55,161.82,98.32,63.5,179.87,2025,2025-05,Q2
ORD-000378,2025-04-29,Premium,Germany,Direct,Enterprise,1,108.96,4.85,104.11,52.62,51.49,96.78,2025,2025-04,Q2
ORD-000379,2026-05-19,Core,Germany,Partner,Mid-Market,1,42.63,1.55,41.08,25.1,15.98,38.2,2026,2026-05,Q2
ORD-000380,2025-10-16,Premium,Germany,Partner,SMB,5,565.16,20.32,544.84,290.95,253.89,505.23,2025,2025-10,Q4
ORD-000381,2025-02-03,Core,India,Online,SMB,3,127.17,1.58,125.59,75.22,50.37,130.51,2025,2025-02,Q1
ORD-000382,2025-08-19,Enterprise,India,Online,SMB,2,441.64,18.99,422.65,246.64,176.01,467.88,2025,2025-08,Q3
ORD-000383,2026-06-19,Enterprise,India,Direct,Mid-Market,2,523.83,11.72,512.11,334.4,177.71,546.12,2026,2026-06,Q2
ORD-000384,2026-04-10,Premium,UAE,Partner,SMB,8,959.11,131.49,827.62,413.35,414.27,806.77,2026,2026-04,Q2
ORD-000385,2025-04-22,Core,US,Direct,SMB,1,46.98,0.59,46.39,19.75,26.64,44.65,2025,2025-04,Q2
ORD-000386,2025-01-16,Plus,US,Online,Mid-Market,4,312.7,34.96,277.74,121.39,156.35,279.31,2025,2025-01,Q1
ORD-000387,2026-05-19,Core,UK,Direct,SMB,5,211.59,5.56,206.03,116.13,89.9,224.59,2026,2026-05,Q2
ORD-000388,2026-04-08,Core,UAE,Direct,Mid-Market,3,142.52,1.21,141.31,88.83,52.48,146.97,2026,2026-04,Q2
ORD-000389,2025-03-11,Enterprise,UK,Direct,Enterprise,5,1236.95,113.83,1123.12,682.47,440.65,1159.2,2025,2025-03,Q1
ORD-000390,2026-04-07,Plus,UK,Direct,Mid-Market,3,205.24,10.02,195.22,116.17,79.05,190.61,2026,2026-04,Q2
ORD-000391,2025-07-07,Core,India,Direct,SMB,2,93.34,0.68,92.66,50.79,41.87,94.27,2025,2025-07,Q3
ORD-000392,2025-03-01,Premium,UK,Partner,Enterprise,2,233.18,5.36,227.82,150.94,76.88,239.78,2025,2025-03,Q1
ORD-000393,2025-10-29,Premium,Germany,Partner,Enterprise,2,243.07,5.69,237.38,138.9,98.48,256.95,2025,2025-10,Q4
ORD-000394,2025-02-18,Plus,UAE,Online,SMB,3,204.19,16.81,187.38,104.84,82.54,190.9,2025,2025-02,Q1
ORD-000395,2025-12-24,Premium,Germany,Partner,SMB,1,124.24,3.64,120.6,57.59,63.01,131.55,2025,2025-12,Q4
ORD-000396,2025-05-24,Plus,Germany,Direct,Mid-Market,2,148.93,5.97,142.96,63.76,79.2,147.51,2025,2025-05,Q2
ORD-000397,2025-10-03,Plus,US,Direct,Mid-Market,1,69.9,4.57,65.33,38.32,27.01,71.73,2025,2025-10,Q4
ORD-000398,2025-04-22,Core,US,Partner,Mid-Market,2,98.52,4.86,93.66,58.15,35.51,103.86,2025,2025-04,Q2
ORD-000399,2025-06-20,Enterprise,UAE,Partner,Mid-Market,2,482.46,5.05,477.41,277.55,199.86,455.99,2025,2025-06,Q2
ORD-000400,2025-06-24,Premium,UK,Direct,SMB,3,388.35,18.74,369.61,172.18,197.43,380.43,2025,2025-06,Q2
ORD-000401,2025-05-25,Core,US,Partner,Enterprise,1,40.51,3.45,37.06,19.55,17.51,33.36,2025,2025-05,Q2
ORD-000402,2025-09-07,Plus,UAE,Direct,SMB,1,77.28,0.68,76.6,33.31,43.29,80.33,2025,2025-09,Q3
ORD-000403,2025-01-11,Plus,UK,Direct,Mid-Market,1,69.95,0.9,69.05,39.21,29.84,78.5,2025,2025-01,Q1
ORD-000404,2025-12-10,Plus,UK,Direct,SMB,3,225.18,2.62,222.56,131.17,91.39,198.09,2025,2025-12,Q4
ORD-000405,2025-10-03,Enterprise,US,Partner,Mid-Market,2,503.22,39.22,464.0,279.98,184.02,505.83,2025,2025-10,Q4
ORD-000406,2025-01-14,Premium,UK,Direct,SMB,3,377.78,1.48,376.3,194.64,181.66,345.15,2025,2025-01,Q1
ORD-000407,2025-12-31,Plus,Germany,Direct,SMB,2,157.91,0.64,157.27,99.5,57.77,164.17,2025,2025-12,Q4
ORD-000408,2025-04-08,Core,UK,Direct,SMB,1,48.87,1.47,47.4,25.17,22.23,47.29,2025,2025-04,Q2
ORD-000409,2026-06-19,Premium,UAE,Partner,Enterprise,2,251.39,22.36,229.03,109.73,119.3,232.06,2026,2026-06,Q2
ORD-000410,2025-02-17,Core,US,Direct,SMB,6,264.45,18.64,245.81,132.56,113.25,250.57,2025,2025-02,Q1
ORD-000411,2026-01-24,Core,US,Direct,Mid-Market,4,167.14,5.33,161.81,104.3,57.51,173.3,2026,2026-01,Q1
ORD-000412,2026-06-05,Core,UK,Partner,SMB,3,129.09,1.09,128.0,58.85,69.15,144.08,2026,2026-06,Q2
ORD-000413,2026-03-29,Core,US,Online,SMB,2,91.25,0.73,90.52,48.71,41.81,86.79,2026,2026-03,Q1
ORD-000414,2026-06-07,Premium,UAE,Online,SMB,3,369.2,10.68,358.52,223.54,134.98,356.06,2026,2026-06,Q2
ORD-000415,2025-09-21,Premium,US,Direct,Mid-Market,1,108.52,4.28,104.24,68.02,36.22,97.79,2025,2025-09,Q3
ORD-000416,2026-01-06,Core,India,Online,Mid-Market,3,124.97,4.78,120.19,76.7,43.49,115.1,2026,2026-01,Q1
ORD-000417,2025-06-16,Plus,UAE,Online,Mid-Market,2,161.83,7.02,154.81,69.86,84.95,138.09,2025,2025-06,Q2
ORD-000418,2025-10-31,Plus,US,Online,Enterprise,2,155.1,10.38,144.72,74.92,69.8,137.85,2025,2025-10,Q4
ORD-000419,2025-02-09,Core,India,Direct,SMB,3,139.87,10.59,129.28,82.94,46.34,136.58,2025,2025-02,Q1
ORD-000420,2026-07-11,Plus,India,Direct,Enterprise,7,516.28,27.0,489.28,243.66,245.62,489.28,2026,2026-07,Q3
ORD-000421,2025-02-02,Core,UK,Partner,SMB,2,83.54,7.31,76.23,45.52,30.71,83.91,2025,2025-02,Q1
ORD-000422,2025-11-09,Plus,UK,Partner,Mid-Market,1,71.18,3.14,68.04,43.2,24.84,76.69,2025,2025-11,Q4
ORD-000423,2025-05-05,Premium,UK,Online,Mid-Market,2,233.48,2.73,230.75,135.79,94.96,250.7,2025,2025-05,Q2
ORD-000424,2026-04-19,Premium,Germany,Online,SMB,2,242.31,10.04,232.27,143.15,89.12,252.83,2026,2026-04,Q2
ORD-000425,2026-07-15,Core,UK,Partner,SMB,4,192.35,3.25,189.1,84.98,104.12,185.88,2026,2026-07,Q3
ORD-000426,2025-10-11,Enterprise,India,Online,Mid-Market,2,442.08,31.02,411.06,178.77,232.29,368.21,2025,2025-10,Q4
ORD-000427,2025-01-06,Core,UK,Online,Mid-Market,3,139.84,3.08,136.76,66.98,69.78,129.29,2025,2025-01,Q1
ORD-000428,2026-07-31,Core,Germany,Online,Mid-Market,5,229.45,14.42,215.03,134.59,80.44,228.94,2026,2026-07,Q3
ORD-000429,2026-05-18,Core,UK,Partner,SMB,2,88.79,5.87,82.92,38.47,44.45,74.26,2026,2026-05,Q2
ORD-000430,2026-02-19,Enterprise,UK,Direct,Mid-Market,6,1546.55,161.64,1384.91,893.22,491.69,1363.57,2026,2026-02,Q1
ORD-000431,2025-09-14,Core,UK,Online,Enterprise,2,87.65,6.28,81.37,46.22,35.15,78.03,2025,2025-09,Q3
ORD-000432,2025-10-01,Core,India,Direct,SMB,5,239.8,1.5,238.3,118.59,119.71,211.27,2025,2025-10,Q4
ORD-000433,2025-09-21,Premium,US,Partner,SMB,1,125.44,6.75,118.69,60.44,58.25,108.1,2025,2025-09,Q3
ORD-000434,2025-08-12,Enterprise,UK,Direct,SMB,1,231.16,2.47,228.69,130.51,98.18,205.39,2025,2025-08,Q3
ORD-000435,2025-06-18,Enterprise,India,Direct,Mid-Market,3,739.58,3.2,736.38,458.26,278.12,816.31,2025,2025-06,Q2
ORD-000436,2026-06-29,Core,US,Direct,SMB,1,48.59,1.49,47.1,29.09,18.01,53.66,2026,2026-06,Q2
ORD-000437,2025-05-05,Plus,US,Direct,SMB,3,215.13,1.34,213.79,101.12,112.67,229.67,2025,2025-05,Q2
ORD-000438,2026-06-14,Core,UK,Direct,Mid-Market,3,138.25,1.33,136.92,63.54,73.38,129.56,2026,2026-06,Q2
ORD-000439,2026-02-14,Core,UAE,Direct,Enterprise,7,294.42,5.04,289.38,164.43,124.95,295.69,2026,2026-02,Q1
ORD-000440,2025-07-02,Plus,UK,Partner,SMB,2,137.88,5.44,132.44,59.83,72.61,120.43,2025,2025-07,Q3
ORD-000441,2025-10-26,Plus,India,Online,Mid-Market,2,152.86,3.87,148.99,66.02,82.97,145.15,2025,2025-10,Q4
ORD-000442,2025-07-05,Core,UAE,Direct,Enterprise,7,302.29,6.55,295.74,195.99,99.75,300.7,2025,2025-07,Q3
ORD-000443,2025-05-16,Plus,India,Partner,Mid-Market,4,321.74,9.87,311.87,207.87,104.0,309.07,2025,2025-05,Q2
ORD-000444,2025-03-17,Enterprise,UK,Direct,Mid-Market,2,525.72,21.94,503.78,336.4,167.38,471.17,2025,2025-03,Q1
ORD-000445,2026-03-12,Enterprise,US,Direct,Mid-Market,3,772.99,0.36,772.63,456.11,316.52,752.48,2026,2026-03,Q1
ORD-000446,2026-04-05,Plus,US,Direct,SMB,5,388.83,17.05,371.78,239.88,131.9,410.58,2026,2026-04,Q2
ORD-000447,2025-07-04,Core,US,Online,Mid-Market,2,92.09,8.79,83.3,55.33,27.97,94.12,2025,2025-07,Q3
ORD-000448,2025-08-20,Premium,UK,Partner,Mid-Market,3,329.37,2.8,326.57,144.39,182.18,324.16,2025,2025-08,Q3
ORD-000449,2025-02-15,Enterprise,UAE,Partner,Mid-Market,2,507.87,8.22,499.65,303.88,195.77,522.07,2025,2025-02,Q1
ORD-000450,2025-02-22,Enterprise,Germany,Online,Enterprise,3,753.36,23.49,729.87,383.05,346.82,655.38,2025,2025-02,Q1
ORD-000451,2025-06-03,Enterprise,US,Partner,Mid-Market,3,774.02,18.59,755.43,504.32,251.11,854.37,2025,2025-06,Q2
ORD-000452,2026-06-21,Premium,US,Direct,Enterprise,3,326.66,12.97,313.69,139.85,173.84,317.11,2026,2026-06,Q2
ORD-000453,2026-02-21,Enterprise,India,Direct,Mid-Market,3,740.59,53.81,686.78,339.62,347.16,737.17,2026,2026-02,Q1
ORD-000454,2025-04-12,Enterprise,Germany,Partner,Enterprise,1,253.05,15.46,237.59,155.61,81.98,266.62,2025,2025-04,Q2
ORD-000455,2025-11-14,Plus,UK,Direct,SMB,4,305.62,13.35,292.27,140.52,151.75,308.65,2025,2025-11,Q4
ORD-000456,2025-03-20,Plus,US,Direct,Mid-Market,1,76.33,6.49,69.84,43.53,26.31,77.41,2025,2025-03,Q1
ORD-000457,2025-08-13,Plus,India,Partner,Enterprise,4,292.07,10.22,281.85,131.42,150.43,302.57,2025,2025-08,Q3
ORD-000458,2026-02-12,Premium,UK,Online,Mid-Market,2,244.16,3.31,240.85,127.07,113.78,264.06,2026,2026-02,Q1
ORD-000459,2025-05-04,Core,UK,Partner,Mid-Market,7,331.87,4.72,327.15,215.09,112.06,366.6,2025,2025-05,Q2
ORD-000460,2025-05-26,Premium,UK,Online,SMB,13,1631.52,75.83,1555.69,712.79,842.9,1533.5,2025,2025-05,Q2
ORD-000461,2026-06-22,Plus,India,Online,Enterprise,5,360.29,34.92,325.37,201.03,124.34,345.99,2026,2026-06,Q2
ORD-000462,2025-09-09,Plus,UAE,Direct,SMB,1,71.81,0.12,71.69,33.98,37.71,75.92,2025,2025-09,Q3
ORD-000463,2026-05-25,Core,Germany,Online,SMB,6,249.61,25.72,223.89,110.12,113.77,218.41,2026,2026-05,Q2
ORD-000464,2025-11-23,Premium,UK,Direct,SMB,2,237.88,6.86,231.02,129.4,101.62,207.25,2025,2025-11,Q4
ORD-000465,2025-02-14,Core,Germany,Online,SMB,2,83.05,4.31,78.74,49.41,29.33,70.6,2025,2025-02,Q1
ORD-000466,2026-05-30,Core,UK,Online,Enterprise,1,45.57,0.7,44.87,27.08,17.79,49.45,2026,2026-05,Q2
ORD-000467,2026-06-22,Core,UAE,Direct,Mid-Market,6,252.57,8.14,244.43,143.28,101.15,248.18,2026,2026-06,Q2
ORD-000468,2025-06-25,Plus,Germany,Online,Enterprise,8,577.03,20.44,556.59,242.41,314.18,547.65,2025,2025-06,Q2
ORD-000469,2026-05-02,Plus,UAE,Online,SMB,2,164.83,1.28,163.55,82.13,81.42,147.05,2026,2026-05,Q2
ORD-000470,2026-02-23,Core,UK,Partner,Enterprise,1,42.2,0.7,41.5,18.61,22.89,38.31,2026,2026-02,Q1
ORD-000471,2025-05-26,Premium,India,Direct,Mid-Market,2,259.52,6.57,252.95,152.54,100.41,279.61,2025,2025-05,Q2
ORD-000472,2025-06-23,Plus,UAE,Online,Enterprise,11,871.18,76.8,794.38,475.39,318.99,815.4,2025,2025-06,Q2
ORD-000473,2026-01-08,Core,UK,Online,Mid-Market,2,87.56,1.15,86.41,46.95,39.46,82.15,2026,2026-01,Q1
ORD-000474,2025-03-16,Core,India,Online,Mid-Market,3,126.47,8.33,118.14,67.99,50.15,119.99,2025,2025-03,Q1
ORD-000475,2025-08-20,Core,US,Online,SMB,3,132.37,3.4,128.97,55.8,73.17,133.76,2025,2025-08,Q3
ORD-000476,2026-04-28,Core,Germany,Direct,Enterprise,1,47.12,2.44,44.68,29.08,15.6,44.61,2026,2026-04,Q2
ORD-000477,2025-02-10,Enterprise,India,Direct,Mid-Market,1,236.64,1.07,235.57,142.35,93.22,211.64,2025,2025-02,Q1
ORD-000478,2026-03-09,Plus,India,Online,SMB,4,270.83,17.43,253.4,118.32,135.08,249.75,2026,2026-03,Q1
ORD-000479,2025-08-15,Core,UAE,Direct,Mid-Market,1,44.43,1.15,43.28,23.08,20.2,39.09,2025,2025-08,Q3
ORD-000480,2025-08-08,Plus,Germany,Partner,Enterprise,1,80.53,4.46,76.07,50.54,25.53,74.9,2025,2025-08,Q3
ORD-000481,2025-07-06,Premium,UAE,Online,Mid-Market,1,128.11,0.95,127.16,84.31,42.85,143.04,2025,2025-07,Q3
ORD-000482,2025-09-10,Core,UAE,Direct,Mid-Market,2,82.58,3.6,78.98,35.43,43.55,83.67,2025,2025-09,Q3
ORD-000483,2025-01-30,Core,India,Online,SMB,2,87.27,1.12,86.15,43.06,43.09,93.94,2025,2025-01,Q1
ORD-000484,2025-12-01,Premium,Germany,Direct,SMB,3,358.89,51.09,307.8,134.94,172.86,329.34,2025,2025-12,Q4
ORD-000485,2025-11-20,Plus,UK,Direct,SMB,4,281.94,6.57,275.37,159.87,115.5,283.54,2025,2025-11,Q4
ORD-000486,2026-04-02,Plus,UAE,Online,SMB,4,296.17,5.56,290.61,144.86,145.75,327.6,2026,2026-04,Q2
ORD-000487,2026-05-30,Core,UK,Online,SMB,1,44.18,0.22,43.96,28.04,15.92,47.21,2026,2026-05,Q2
ORD-000488,2025-12-21,Premium,US,Online,SMB,1,120.37,2.71,117.66,53.92,63.74,121.99,2025,2025-12,Q4
ORD-000489,2025-07-30,Plus,UK,Online,Enterprise,5,376.26,2.85,373.41,167.95,205.46,387.05,2025,2025-07,Q3
ORD-000490,2025-08-21,Premium,UK,Direct,SMB,5,623.4,20.98,602.42,336.64,265.78,647.45,2025,2025-08,Q3
ORD-000491,2026-03-12,Plus,India,Direct,Mid-Market,3,219.21,2.14,217.07,121.96,95.11,214.56,2026,2026-03,Q1
ORD-000492,2026-07-31,Enterprise,Germany,Direct,Mid-Market,3,765.74,29.61,736.13,327.43,408.7,729.07,2026,2026-07,Q3
ORD-000493,2025-01-24,Plus,UK,Online,Mid-Market,1,71.28,5.72,65.56,42.92,22.64,65.58,2025,2025-01,Q1
ORD-000494,2025-02-03,Plus,UAE,Partner,Mid-Market,5,386.4,18.17,368.23,243.42,124.81,407.68,2025,2025-02,Q1
ORD-000495,2025-11-22,Enterprise,US,Online,Enterprise,1,245.16,16.7,228.46,101.56,126.9,229.51,2025,2025-11,Q4
ORD-000496,2026-07-26,Premium,UK,Partner,SMB,3,375.39,27.26,348.13,227.8,120.33,337.14,2026,2026-07,Q3
ORD-000497,2026-04-08,Plus,India,Partner,Mid-Market,2,163.87,7.67,156.2,77.87,78.33,162.79,2026,2026-04,Q2
ORD-000498,2025-11-03,Core,UAE,Online,SMB,6,267.95,13.05,254.9,113.19,141.71,283.09,2025,2025-11,Q4
ORD-000499,2025-04-19,Core,India,Partner,Mid-Market,2,84.77,0.98,83.79,53.69,30.1,76.68,2025,2025-04,Q2
ORD-000500,2026-04-17,Plus,US,Direct,Mid-Market,1,79.25,2.28,76.97,38.04,38.93,74.31,2026,2026-04,Q2
ORD-000501,2025-02-16,Enterprise,India,Direct,Enterprise,1,248.66,2.34,246.32,155.95,90.37,258.15,2025,2025-02,Q1
ORD-000502,2025-11-24,Core,India,Online,SMB,3,127.63,5.94,121.69,71.57,50.12,134.67,2025,2025-11,Q4
ORD-000503,2026-02-09,Plus,UAE,Online,Mid-Market,4,311.5,13.73,297.77,142.58,155.19,324.36,2026,2026-02,Q1
ORD-000504,2025-01-09,Plus,US,Partner,Mid-Market,3,217.04,0.69,216.35,131.83,84.52,218.22,2025,2025-01,Q1
ORD-000505,2025-12-16,Plus,Germany,Online,Mid-Market,3,211.52,22.19,189.33,93.3,96.03,187.6,2025,2025-12,Q4
ORD-000506,2025-02-13,Plus,US,Online,Mid-Market,3,204.99,16.97,188.02,114.05,73.97,179.21,2025,2025-02,Q1
ORD-000507,2026-04-26,Premium,Germany,Direct,Enterprise,6,654.9,28.95,625.95,316.29,309.66,563.66,2026,2026-04,Q2
ORD-000508,2026-06-28,Premium,India,Direct,Mid-Market,3,335.05,22.18,312.87,141.97,170.9,338.9,2026,2026-06,Q2
ORD-000509,2025-05-01,Core,UK,Direct,SMB,3,127.62,2.69,124.93,69.96,54.97,111.51,2025,2025-05,Q2
ORD-000510,2025-08-04,Core,UK,Direct,Mid-Market,6,278.17,10.45,267.72,172.54,95.18,271.89,2025,2025-08,Q3
ORD-000511,2025-09-19,Enterprise,India,Online,SMB,4,939.78,25.17,914.61,583.16,331.45,1027.87,2025,2025-09,Q3
ORD-000512,2026-01-28,Premium,UAE,Online,Mid-Market,10,1272.01,32.47,1239.54,713.79,525.75,1160.5,2026,2026-01,Q1
ORD-000513,2025-08-28,Plus,UAE,Online,Enterprise,2,151.11,14.66,136.45,82.58,53.87,120.77,2025,2025-08,Q3
ORD-000514,2025-07-22,Premium,India,Partner,Mid-Market,2,236.67,0.79,235.88,115.24,120.64,218.73,2025,2025-07,Q3
ORD-000515,2026-06-11,Plus,UK,Online,Mid-Market,2,164.42,1.35,163.07,81.18,81.89,162.95,2026,2026-06,Q2
ORD-000516,2025-04-01,Enterprise,UAE,Direct,SMB,4,937.15,13.81,923.34,463.06,460.28,886.15,2025,2025-04,Q2
ORD-000517,2025-10-16,Premium,UK,Online,Mid-Market,6,740.97,32.72,708.25,428.63,279.62,758.63,2025,2025-10,Q4
ORD-000518,2026-04-13,Enterprise,Germany,Direct,Enterprise,3,722.33,10.66,711.67,393.37,318.3,684.76,2026,2026-04,Q2
ORD-000519,2026-06-07,Premium,UK,Partner,SMB,2,238.24,10.0,228.24,112.47,115.77,215.06,2026,2026-06,Q2
ORD-000520,2025-01-28,Enterprise,UAE,Partner,Enterprise,3,662.45,2.94,659.51,422.93,236.58,677.2,2025,2025-01,Q1
ORD-000521,2025-11-02,Plus,UK,Direct,Enterprise,5,377.58,13.24,364.34,174.61,189.73,360.56,2025,2025-11,Q4
ORD-000522,2026-03-06,Core,UK,Online,SMB,3,143.4,1.24,142.16,65.87,76.29,133.22,2026,2026-03,Q1
ORD-000523,2026-01-20,Core,Germany,Online,SMB,2,94.09,6.1,87.99,45.98,42.01,98.03,2026,2026-01,Q1
ORD-000524,2025-02-01,Core,US,Direct,Mid-Market,3,139.26,2.02,137.24,64.74,72.5,126.66,2025,2025-02,Q1
ORD-000525,2026-02-08,Premium,UK,Direct,SMB,5,629.2,73.17,556.03,317.65,238.38,573.88,2026,2026-02,Q1
ORD-000526,2025-03-09,Premium,Germany,Partner,SMB,4,460.35,9.48,450.87,232.24,218.63,451.0,2025,2025-03,Q1
ORD-000527,2025-04-11,Plus,US,Online,SMB,5,350.97,25.9,325.07,180.92,144.15,304.76,2025,2025-04,Q2
ORD-000528,2025-04-29,Premium,UK,Direct,SMB,2,250.35,1.6,248.75,118.74,130.01,256.82,2025,2025-04,Q2
ORD-000529,2025-10-04,Core,UK,Online,SMB,1,48.82,1.69,47.13,22.64,24.49,48.37,2025,2025-10,Q4
ORD-000530,2026-07-16,Plus,UK,Online,Enterprise,3,222.58,20.05,202.53,114.78,87.75,180.43,2026,2026-07,Q3
ORD-000531,2026-02-20,Plus,UK,Online,Mid-Market,4,317.84,7.96,309.88,178.8,131.08,306.57,2026,2026-02,Q1
ORD-000532,2025-07-23,Enterprise,UAE,Direct,SMB,5,1307.37,12.0,1295.37,842.86,452.51,1291.98,2025,2025-07,Q3
ORD-000533,2025-04-17,Core,UK,Partner,SMB,2,93.52,6.8,86.72,43.86,42.86,76.58,2025,2025-04,Q2
ORD-000534,2025-04-29,Plus,UK,Direct,Mid-Market,1,72.99,0.6,72.39,34.23,38.16,66.05,2025,2025-04,Q2
ORD-000535,2025-08-09,Plus,India,Online,Enterprise,2,164.69,6.85,157.84,88.72,69.12,175.05,2025,2025-08,Q3
ORD-000536,2026-03-01,Premium,India,Direct,Enterprise,3,385.25,5.11,380.14,168.12,212.02,431.7,2026,2026-03,Q1
ORD-000537,2026-04-10,Premium,India,Online,Enterprise,3,334.42,4.38,330.04,209.48,120.56,350.99,2026,2026-04,Q2
ORD-000538,2025-01-08,Plus,UK,Online,Enterprise,5,389.08,15.93,373.15,199.68,173.47,421.28,2025,2025-01,Q1
ORD-000539,2025-06-09,Plus,UK,Direct,Enterprise,4,319.77,8.52,311.25,179.55,131.7,318.3,2025,2025-06,Q2
ORD-000540,2025-09-03,Plus,Germany,Direct,SMB,3,243.72,6.73,236.99,116.6,120.39,225.23,2025,2025-09,Q3
ORD-000541,2025-02-01,Core,Germany,Partner,Mid-Market,4,169.97,11.29,158.68,82.1,76.58,140.75,2025,2025-02,Q1
ORD-000542,2026-03-04,Core,Germany,Online,SMB,3,133.31,1.28,132.03,81.12,50.91,136.12,2026,2026-03,Q1
ORD-000543,2026-01-10,Premium,UK,Online,SMB,2,246.14,11.43,234.71,121.55,113.16,208.26,2026,2026-01,Q1
ORD-000544,2025-07-27,Core,UK,Online,Mid-Market,2,86.53,3.47,83.06,47.79,35.27,76.23,2025,2025-07,Q3
ORD-000545,2025-12-16,Enterprise,US,Direct,SMB,3,741.94,13.91,728.03,336.47,391.56,661.47,2025,2025-12,Q4
ORD-000546,2026-01-18,Enterprise,UK,Partner,Enterprise,2,481.89,6.38,475.51,317.02,158.49,524.59,2026,2026-01,Q1
ORD-000547,2025-12-04,Premium,India,Partner,Mid-Market,4,508.68,17.5,491.18,295.75,195.43,501.68,2025,2025-12,Q4
ORD-000548,2026-02-23,Enterprise,India,Direct,SMB,2,527.69,10.3,517.39,275.38,242.01,526.31,2026,2026-02,Q1
ORD-000549,2026-03-07,Plus,Germany,Online,Mid-Market,1,79.17,0.7,78.47,47.64,30.83,86.09,2026,2026-03,Q1
ORD-000550,2025-12-11,Premium,UK,Online,Mid-Market,2,230.88,12.43,218.45,133.03,85.42,225.28,2025,2025-12,Q4
ORD-000551,2025-11-09,Enterprise,India,Direct,SMB,1,225.2,32.86,192.34,112.72,79.62,187.51,2025,2025-11,Q4
ORD-000552,2025-06-17,Premium,UK,Direct,Enterprise,6,718.75,41.72,677.03,289.67,387.36,722.65,2025,2025-06,Q2
ORD-000553,2025-04-04,Plus,Germany,Online,SMB,6,476.13,4.46,471.67,254.98,216.69,468.92,2025,2025-04,Q2
ORD-000554,2025-04-28,Premium,US,Direct,SMB,2,243.84,4.49,239.35,159.2,80.15,211.98,2025,2025-04,Q2
ORD-000555,2025-04-19,Plus,Germany,Partner,SMB,4,288.86,4.54,284.32,133.04,151.28,284.31,2025,2025-04,Q2
ORD-000556,2025-03-04,Plus,Germany,Direct,SMB,2,145.82,0.94,144.88,66.42,78.46,127.77,2025,2025-03,Q1
ORD-000557,2025-02-17,Plus,US,Direct,SMB,4,310.06,4.37,305.69,188.02,117.67,342.4,2025,2025-02,Q1
ORD-000558,2025-02-12,Premium,US,Partner,SMB,2,261.23,0.65,260.58,133.39,127.19,267.1,2025,2025-02,Q1
ORD-000559,2025-01-29,Premium,UK,Direct,Enterprise,3,371.81,17.24,354.57,186.06,168.51,398.39,2025,2025-01,Q1
ORD-000560,2026-05-03,Plus,UK,Online,Mid-Market,2,162.87,9.96,152.91,71.7,81.21,154.25,2026,2026-05,Q2
ORD-000561,2025-02-08,Plus,UK,Online,Mid-Market,5,355.37,2.94,352.43,177.47,174.96,310.15,2025,2025-02,Q1
ORD-000562,2025-11-29,Premium,US,Online,SMB,1,124.57,3.4,121.17,77.9,43.27,119.71,2025,2025-11,Q4
ORD-000563,2026-03-07,Premium,UK,Online,SMB,7,777.5,14.86,762.64,441.25,321.39,810.55,2026,2026-03,Q1
ORD-000564,2025-08-16,Premium,UK,Online,Mid-Market,2,233.31,4.24,229.07,119.43,109.64,243.41,2025,2025-08,Q3
ORD-000565,2026-02-14,Premium,India,Partner,Enterprise,3,329.09,15.69,313.4,159.05,154.35,354.51,2026,2026-02,Q1
ORD-000566,2025-03-20,Core,India,Partner,Mid-Market,1,48.72,2.86,45.86,22.41,23.45,46.59,2025,2025-03,Q1
ORD-000567,2025-12-07,Core,Germany,Partner,Enterprise,1,48.39,1.18,47.21,24.42,22.79,50.3,2025,2025-12,Q4
ORD-000568,2025-09-03,Core,UAE,Online,Enterprise,4,173.16,24.3,148.86,84.27,64.59,156.1,2025,2025-09,Q3
ORD-000569,2026-07-25,Enterprise,UAE,Direct,SMB,2,478.21,6.33,471.88,265.14,206.74,428.23,2026,2026-07,Q3
ORD-000570,2025-06-26,Core,US,Online,Mid-Market,5,217.45,9.79,207.66,108.65,99.01,190.24,2025,2025-06,Q2
ORD-000571,2025-11-18,Enterprise,US,Partner,SMB,3,738.2,22.17,716.03,446.23,269.8,742.21,2025,2025-11,Q4
ORD-000572,2026-07-18,Core,UK,Direct,Mid-Market,1,49.17,0.5,48.67,20.71,27.96,44.94,2026,2026-07,Q3
ORD-000573,2026-01-14,Core,UK,Partner,SMB,1,48.38,2.29,46.09,22.3,23.79,44.58,2026,2026-01,Q1
ORD-000574,2026-02-13,Core,UK,Direct,SMB,3,143.01,6.49,136.52,89.7,46.82,125.85,2026,2026-02,Q1
ORD-000575,2025-02-05,Premium,Germany,Direct,Enterprise,3,377.4,13.06,364.34,234.92,129.42,324.94,2025,2025-02,Q1
ORD-000576,2026-07-07,Plus,India,Online,Mid-Market,2,141.37,7.88,133.49,72.67,60.82,139.66,2026,2026-07,Q3
ORD-000577,2026-06-19,Plus,India,Direct,Mid-Market,3,217.86,1.21,216.65,136.82,79.83,200.41,2026,2026-06,Q2
ORD-000578,2026-03-14,Enterprise,UK,Partner,Mid-Market,2,497.12,14.64,482.48,202.87,279.61,514.34,2026,2026-03,Q1
ORD-000579,2026-03-04,Premium,UK,Partner,Enterprise,2,226.98,9.08,217.9,121.75,96.15,233.6,2026,2026-03,Q1
ORD-000580,2025-08-29,Enterprise,US,Partner,SMB,3,656.15,17.83,638.32,350.57,287.75,683.86,2025,2025-08,Q3
ORD-000581,2025-01-13,Core,UK,Online,Mid-Market,1,41.7,4.48,37.22,23.84,13.38,37.61,2025,2025-01,Q1
ORD-000582,2026-03-26,Premium,UAE,Partner,Enterprise,4,517.72,13.24,504.48,271.15,233.33,573.77,2026,2026-03,Q1
ORD-000583,2025-05-09,Core,Germany,Partner,SMB,3,133.66,15.42,118.24,66.14,52.1,110.16,2025,2025-05,Q2
ORD-000584,2026-06-10,Plus,US,Online,Mid-Market,1,72.03,0.3,71.73,31.19,40.54,63.15,2026,2026-06,Q2
ORD-000585,2025-11-05,Plus,UK,Direct,Enterprise,5,363.95,20.76,343.19,156.21,186.98,380.81,2025,2025-11,Q4
ORD-000586,2026-07-27,Plus,India,Direct,Enterprise,4,328.91,42.94,285.97,184.98,100.99,315.26,2026,2026-07,Q3
ORD-000587,2025-06-30,Premium,UK,Partner,Enterprise,4,515.03,4.17,510.86,300.21,210.65,469.72,2025,2025-06,Q2
ORD-000588,2025-12-21,Core,UAE,Online,Mid-Market,2,82.08,4.33,77.75,44.36,33.39,81.69,2025,2025-12,Q4
ORD-000589,2025-05-02,Premium,US,Partner,Mid-Market,2,253.95,6.93,247.02,117.26,129.76,250.14,2025,2025-05,Q2
ORD-000590,2025-05-07,Plus,US,Online,SMB,6,489.82,12.47,477.35,247.06,230.29,446.7,2025,2025-05,Q2
ORD-000591,2025-10-22,Plus,UK,Direct,Enterprise,12,840.91,99.31,741.6,476.7,264.9,670.97,2025,2025-10,Q4
ORD-000592,2025-01-21,Core,UK,Direct,SMB,4,171.31,10.28,161.03,96.41,64.62,160.29,2025,2025-01,Q1
ORD-000593,2026-01-28,Plus,US,Online,SMB,14,1100.46,64.45,1036.01,534.17,501.84,986.27,2026,2026-01,Q1
ORD-000594,2026-03-08,Core,UK,Partner,Enterprise,2,89.01,9.18,79.83,37.23,42.6,84.89,2026,2026-03,Q1
ORD-000595,2025-03-19,Core,UK,Online,SMB,4,192.1,4.24,187.86,99.79,88.07,181.51,2025,2025-03,Q1
ORD-000596,2025-10-07,Enterprise,UK,Online,SMB,1,230.19,29.32,200.87,127.0,73.87,209.95,2025,2025-10,Q4
ORD-000597,2025-03-26,Core,US,Partner,Enterprise,4,174.47,1.71,172.76,88.82,83.94,155.69,2025,2025-03,Q1
ORD-000598,2026-04-19,Premium,India,Direct,Mid-Market,2,249.61,13.89,235.72,134.15,101.57,253.0,2026,2026-04,Q2
ORD-000599,2025-02-06,Core,US,Partner,SMB,3,131.85,0.65,131.2,76.58,54.62,143.99,2025,2025-02,Q1
ORD-000600,2026-06-15,Premium,US,Partner,Mid-Market,7,856.36,45.96,810.4,521.46,288.94,917.46,2026,2026-06,Q2
ORD-000601,2026-01-26,Core,Germany,Partner,SMB,4,193.73,3.92,189.81,86.93,102.88,207.59,2026,2026-01,Q1
ORD-000602,2026-03-25,Premium,US,Direct,Enterprise,3,355.39,7.99,347.4,225.15,122.25,388.41,2026,2026-03,Q1
ORD-000603,2026-02-18,Premium,Germany,Partner,Enterprise,4,481.16,32.09,449.07,216.44,232.63,397.92,2026,2026-02,Q1
ORD-000604,2025-10-05,Enterprise,US,Online,Mid-Market,1,261.7,20.38,241.32,132.85,108.47,244.63,2025,2025-10,Q4
ORD-000605,2026-04-04,Premium,India,Online,Mid-Market,3,388.28,29.54,358.74,217.29,141.45,352.77,2026,2026-04,Q2
ORD-000606,2025-07-14,Core,UAE,Direct,Mid-Market,3,146.92,3.99,142.93,72.63,70.3,139.22,2025,2025-07,Q3
ORD-000607,2025-09-18,Core,Germany,Direct,Enterprise,1,47.01,0.25,46.76,25.81,20.95,43.08,2025,2025-09,Q3
ORD-000608,2025-02-14,Premium,UK,Direct,Enterprise,1,113.85,2.28,111.57,56.17,55.4,121.66,2025,2025-02,Q1
ORD-000609,2025-12-14,Premium,India,Direct,SMB,2,224.81,19.92,204.89,110.11,94.78,195.62,2025,2025-12,Q4
ORD-000610,2025-08-21,Premium,Germany,Direct,Enterprise,6,694.34,24.93,669.41,419.96,249.45,601.05,2025,2025-08,Q3
ORD-000611,2026-07-13,Core,UK,Online,SMB,1,46.55,0.38,46.17,29.7,16.47,40.82,2026,2026-07,Q3
ORD-000612,2025-06-29,Core,UK,Online,Mid-Market,3,137.99,2.73,135.26,72.43,62.83,153.66,2025,2025-06,Q2
ORD-000613,2025-01-30,Core,Germany,Direct,Enterprise,3,143.49,1.47,142.02,76.94,65.08,125.2,2025,2025-01,Q1
ORD-000614,2026-02-20,Premium,US,Partner,SMB,2,236.23,1.79,234.44,122.68,111.76,250.2,2026,2026-02,Q1
ORD-000615,2026-01-23,Premium,India,Direct,Enterprise,4,501.07,23.59,477.48,297.24,180.24,490.29,2026,2026-01,Q1
ORD-000616,2026-02-23,Core,India,Direct,SMB,4,191.94,1.18,190.76,109.34,81.42,194.63,2026,2026-02,Q1
ORD-000617,2025-07-10,Core,UK,Direct,Mid-Market,2,85.71,5.52,80.19,43.02,37.17,84.35,2025,2025-07,Q3
ORD-000618,2025-05-09,Premium,US,Direct,SMB,3,378.84,13.59,365.25,208.14,157.11,362.44,2025,2025-05,Q2
ORD-000619,2025-10-06,Enterprise,India,Online,Enterprise,3,735.04,36.83,698.21,339.51,358.7,750.18,2025,2025-10,Q4
ORD-000620,2025-05-16,Plus,US,Partner,Mid-Market,3,226.8,9.85,216.95,103.71,113.24,198.4,2025,2025-05,Q2
ORD-000621,2025-07-22,Premium,India,Partner,Enterprise,1,127.92,4.96,122.96,62.65,60.31,119.88,2025,2025-07,Q3
ORD-000622,2026-03-12,Core,UK,Partner,Enterprise,1,48.22,0.22,48.0,24.53,23.47,47.19,2026,2026-03,Q1
ORD-000623,2026-07-07,Premium,Germany,Online,Mid-Market,5,579.51,35.01,544.5,354.21,190.29,540.74,2026,2026-07,Q3
ORD-000624,2025-02-24,Core,UAE,Direct,SMB,4,163.57,5.11,158.46,103.32,55.14,151.23,2025,2025-02,Q1
ORD-000625,2025-11-22,Premium,India,Direct,Enterprise,4,441.67,30.86,410.81,215.51,195.3,374.2,2025,2025-11,Q4
ORD-000626,2025-10-21,Enterprise,India,Partner,Mid-Market,7,1660.84,111.31,1549.53,833.56,715.97,1563.55,2025,2025-10,Q4
ORD-000627,2026-03-14,Plus,US,Direct,Mid-Market,4,294.18,21.5,272.68,141.77,130.91,303.54,2026,2026-03,Q1
ORD-000628,2025-07-29,Premium,UAE,Online,SMB,3,345.52,1.93,343.59,190.1,153.49,317.85,2025,2025-07,Q3
ORD-000629,2026-01-01,Premium,US,Online,SMB,1,109.89,1.69,108.2,50.92,57.28,115.66,2026,2026-01,Q1
ORD-000630,2025-05-10,Enterprise,UK,Direct,Enterprise,1,255.21,3.64,251.57,122.16,129.41,266.13,2025,2025-05,Q2
ORD-000631,2025-08-12,Core,UK,Online,Enterprise,3,141.52,1.49,140.03,82.55,57.48,134.0,2025,2025-08,Q3
ORD-000632,2025-10-05,Premium,US,Direct,SMB,1,127.31,3.81,123.5,57.19,66.31,129.42,2025,2025-10,Q4
ORD-000633,2026-02-19,Core,India,Direct,SMB,2,96.63,0.61,96.02,57.81,38.21,106.66,2026,2026-02,Q1
ORD-000634,2026-04-16,Plus,US,Direct,SMB,6,445.04,10.34,434.7,258.19,176.51,389.08,2026,2026-04,Q2
ORD-000635,2026-03-21,Core,UAE,Online,SMB,1,44.11,0.51,43.6,23.95,19.65,38.97,2026,2026-03,Q1
ORD-000636,2025-10-27,Core,India,Direct,SMB,7,292.57,3.91,288.66,189.04,99.62,318.78,2025,2025-10,Q4
ORD-000637,2025-05-21,Plus,UK,Partner,Mid-Market,1,80.6,0.87,79.73,45.02,34.71,83.31,2025,2025-05,Q2
ORD-000638,2026-05-22,Core,UAE,Partner,Mid-Market,1,46.72,0.88,45.84,21.09,24.75,51.9,2026,2026-05,Q2
ORD-000639,2025-12-17,Premium,India,Online,SMB,2,259.66,6.71,252.95,112.79,140.16,222.82,2025,2025-12,Q4
ORD-000640,2025-09-02,Premium,UAE,Partner,Enterprise,2,234.32,11.28,223.04,131.02,92.02,202.65,2025,2025-09,Q3
ORD-000641,2025-08-12,Enterprise,UK,Direct,Mid-Market,5,1140.42,171.25,969.17,643.63,325.54,943.85,2025,2025-08,Q3
ORD-000642,2025-09-08,Core,India,Direct,Mid-Market,1,42.17,2.09,40.08,26.71,13.37,36.11,2025,2025-09,Q3
ORD-000643,2025-03-06,Core,UK,Direct,Enterprise,2,86.98,2.6,84.38,50.03,34.35,85.71,2025,2025-03,Q1
ORD-000644,2025-06-25,Core,UK,Online,Mid-Market,1,45.51,1.4,44.11,24.35,19.76,38.95,2025,2025-06,Q2
ORD-000645,2025-04-14,Plus,India,Direct,Mid-Market,6,466.43,3.21,463.22,206.01,257.21,423.1,2025,2025-04,Q2
ORD-000646,2026-01-15,Premium,UAE,Online,SMB,2,228.02,5.27,222.75,120.89,101.86,203.59,2026,2026-01,Q1
ORD-000647,2025-09-06,Plus,UK,Direct,Mid-Market,2,156.63,10.62,146.01,86.06,59.95,149.06,2025,2025-09,Q3
ORD-000648,2025-04-22,Plus,Germany,Direct,Enterprise,5,401.35,46.28,355.07,166.53,188.54,393.82,2025,2025-04,Q2
ORD-000649,2025-02-26,Core,UK,Partner,SMB,5,219.13,7.91,211.22,121.55,89.67,188.68,2025,2025-02,Q1
ORD-000650,2025-03-18,Core,UK,Direct,Mid-Market,2,96.4,17.51,78.89,48.1,30.79,70.09,2025,2025-03,Q1
ORD-000651,2025-01-09,Core,US,Direct,Mid-Market,3,125.88,3.41,122.47,52.62,69.85,117.81,2025,2025-01,Q1
ORD-000652,2026-05-19,Enterprise,UK,Online,SMB,1,243.27,4.14,239.13,134.06,105.07,216.5,2026,2026-05,Q2
ORD-000653,2025-10-05,Plus,India,Online,Mid-Market,1,75.21,6.21,69.0,41.44,27.56,61.67,2025,2025-10,Q4
ORD-000654,2025-04-19,Enterprise,UK,Partner,Enterprise,2,502.84,28.44,474.4,206.73,267.67,536.54,2025,2025-04,Q2
ORD-000655,2026-03-06,Core,UAE,Online,Enterprise,1,42.26,1.87,40.39,19.12,21.27,42.15,2026,2026-03,Q1
ORD-000656,2025-09-19,Plus,UK,Direct,SMB,2,153.66,2.27,151.39,74.77,76.62,159.72,2025,2025-09,Q3
ORD-000657,2025-03-25,Premium,UK,Direct,SMB,2,229.03,16.68,212.35,113.87,98.48,195.77,2025,2025-03,Q1
ORD-000658,2025-02-09,Core,US,Partner,SMB,6,261.27,5.3,255.97,165.91,90.06,248.89,2025,2025-02,Q1
ORD-000659,2025-02-06,Plus,UK,Online,Enterprise,3,222.42,3.72,218.7,125.77,92.93,193.05,2025,2025-02,Q1
ORD-000660,2026-03-21,Premium,India,Partner,SMB,7,757.22,13.07,744.15,448.93,295.22,794.74,2026,2026-03,Q1
ORD-000661,2025-11-30,Core,Germany,Direct,SMB,8,344.26,1.48,342.78,208.72,134.06,350.6,2025,2025-11,Q4
ORD-000662,2025-01-04,Core,US,Direct,Enterprise,2,91.96,4.09,87.87,49.44,38.43,93.87,2025,2025-01,Q1
ORD-000663,2026-03-21,Core,India,Online,Mid-Market,5,239.83,0.17,239.66,158.64,81.02,239.89,2026,2026-03,Q1
ORD-000664,2025-08-24,Plus,UK,Online,SMB,1,70.93,12.57,58.36,33.43,24.93,58.99,2025,2025-08,Q3
ORD-000665,2025-03-11,Core,UK,Partner,Enterprise,4,176.15,2.14,174.01,90.36,83.65,190.01,2025,2025-03,Q1
ORD-000666,2025-12-03,Premium,UAE,Online,Mid-Market,5,601.38,19.56,581.82,265.63,316.19,552.98,2025,2025-12,Q4
ORD-000667,2026-03-29,Premium,US,Online,Enterprise,2,240.5,2.23,238.27,111.6,126.67,249.04,2026,2026-03,Q1
ORD-000668,2025-02-22,Enterprise,US,Direct,SMB,2,514.06,19.46,494.6,289.56,205.04,484.43,2025,2025-02,Q1
ORD-000669,2025-05-10,Premium,US,Partner,Enterprise,2,219.59,13.21,206.38,109.62,96.76,224.83,2025,2025-05,Q2
ORD-000670,2025-04-30,Plus,India,Partner,SMB,1,73.44,5.82,67.62,30.33,37.29,69.43,2025,2025-04,Q2
ORD-000671,2025-06-18,Enterprise,UK,Online,Mid-Market,1,223.01,3.23,219.78,119.66,100.12,220.58,2025,2025-06,Q2
ORD-000672,2026-07-24,Premium,UK,Online,SMB,2,252.9,4.75,248.15,165.41,82.74,225.27,2026,2026-07,Q3
ORD-000673,2026-06-19,Enterprise,UK,Online,SMB,1,245.08,16.77,228.31,96.24,132.07,244.37,2026,2026-06,Q2
ORD-000674,2026-02-08,Premium,US,Direct,SMB,2,254.29,7.09,247.2,156.29,90.91,238.75,2026,2026-02,Q1
ORD-000675,2025-07-22,Core,UK,Online,SMB,2,98.74,2.99,95.75,59.18,36.57,93.26,2025,2025-07,Q3
ORD-000676,2025-10-25,Enterprise,UK,Online,SMB,2,489.31,44.57,444.74,266.5,178.24,392.84,2025,2025-10,Q4
ORD-000677,2025-06-17,Enterprise,UK,Online,SMB,3,736.96,107.0,629.96,363.09,266.87,716.47,2025,2025-06,Q2
ORD-000678,2026-01-02,Plus,UK,Direct,SMB,2,147.82,6.16,141.66,93.09,48.57,141.35,2026,2026-01,Q1
ORD-000679,2025-01-28,Premium,UK,Online,Enterprise,4,523.71,5.22,518.49,303.43,215.06,529.14,2025,2025-01,Q1
ORD-000680,2025-12-10,Core,Germany,Partner,SMB,7,307.99,3.93,304.06,183.14,120.92,294.28,2025,2025-12,Q4
ORD-000681,2025-01-26,Plus,Germany,Partner,SMB,2,158.83,7.23,151.6,66.24,85.36,156.1,2025,2025-01,Q1
ORD-000682,2026-01-02,Core,US,Online,Mid-Market,2,83.19,0.95,82.24,43.74,38.5,73.87,2026,2026-01,Q1
ORD-000683,2025-10-18,Premium,US,Direct,Mid-Market,2,221.22,1.28,219.94,117.67,102.27,244.08,2025,2025-10,Q4
ORD-000684,2026-03-25,Core,UK,Direct,SMB,4,191.49,12.33,179.16,114.93,64.23,163.15,2026,2026-03,Q1
ORD-000685,2026-05-16,Core,Germany,Online,SMB,1,43.55,3.33,40.22,18.86,21.36,43.27,2026,2026-05,Q2
ORD-000686,2025-09-26,Core,Germany,Online,Enterprise,2,85.64,5.81,79.83,41.29,38.54,75.98,2025,2025-09,Q3
ORD-000687,2025-06-21,Core,India,Online,Mid-Market,2,83.43,6.34,77.09,32.93,44.16,82.89,2025,2025-06,Q2
ORD-000688,2025-02-16,Enterprise,India,Direct,Enterprise,3,750.6,24.86,725.74,451.92,273.82,727.5,2025,2025-02,Q1
ORD-000689,2025-10-25,Core,UK,Online,Mid-Market,2,87.32,4.61,82.71,44.28,38.43,82.76,2025,2025-10,Q4
ORD-000690,2026-01-15,Premium,US,Online,Mid-Market,3,367.31,5.62,361.69,212.07,149.62,365.44,2026,2026-01,Q1
ORD-000691,2025-01-12,Plus,UAE,Partner,SMB,7,526.74,32.83,493.91,262.98,230.93,516.01,2025,2025-01,Q1
ORD-000692,2025-08-24,Enterprise,UK,Partner,SMB,3,670.41,31.09,639.32,347.75,291.57,634.06,2025,2025-08,Q3
ORD-000693,2025-12-21,Premium,India,Online,Mid-Market,7,790.62,1.72,788.9,477.42,311.48,759.95,2025,2025-12,Q4
ORD-000694,2026-04-14,Core,India,Partner,Mid-Market,5,205.97,2.57,203.4,117.45,85.95,193.87,2026,2026-04,Q2
ORD-000695,2025-03-18,Plus,US,Online,Mid-Market,2,163.96,2.13,161.83,81.35,80.48,174.2,2025,2025-03,Q1
ORD-000696,2025-09-28,Core,India,Direct,Mid-Market,7,325.59,23.8,301.79,196.45,105.34,340.7,2025,2025-09,Q3
ORD-000697,2025-08-17,Plus,India,Direct,SMB,2,151.5,7.63,143.87,81.01,62.86,151.8,2025,2025-08,Q3
ORD-000698,2025-07-31,Plus,India,Direct,SMB,2,156.85,5.92,150.93,92.22,58.71,152.48,2025,2025-07,Q3
ORD-000699,2026-02-10,Plus,Germany,Direct,Enterprise,2,145.63,9.23,136.4,87.72,48.68,136.77,2026,2026-02,Q1
ORD-000700,2025-05-30,Plus,US,Direct,SMB,1,69.92,2.9,67.02,40.87,26.15,62.4,2025,2025-05,Q2
ORD-000701,2025-10-09,Premium,India,Partner,SMB,1,109.91,5.95,103.96,55.15,48.81,94.2,2025,2025-10,Q4
ORD-000702,2025-08-22,Core,UK,Online,Enterprise,2,93.22,0.92,92.3,52.53,39.77,93.19,2025,2025-08,Q3
ORD-000703,2026-01-09,Core,UK,Online,Enterprise,6,249.61,3.75,245.86,136.68,109.18,261.11,2026,2026-01,Q1
ORD-000704,2025-08-24,Premium,UK,Direct,SMB,1,120.73,12.31,108.42,64.2,44.22,101.17,2025,2025-08,Q3
ORD-000705,2025-08-24,Enterprise,UK,Online,Enterprise,3,730.35,71.55,658.8,396.05,262.75,750.27,2025,2025-08,Q3
ORD-000706,2026-01-02,Enterprise,Germany,Online,Mid-Market,3,758.8,75.35,683.45,289.56,393.89,742.54,2026,2026-01,Q1
ORD-000707,2025-09-01,Plus,UK,Online,SMB,1,67.59,3.76,63.83,40.06,23.77,59.22,2025,2025-09,Q3
ORD-000708,2025-02-21,Core,India,Online,SMB,3,142.0,9.98,132.02,68.12,63.9,146.82,2025,2025-02,Q1
ORD-000709,2025-06-07,Enterprise,UK,Direct,Enterprise,1,244.22,6.19,238.03,111.97,126.06,227.85,2025,2025-06,Q2
ORD-000710,2026-04-03,Plus,US,Direct,Mid-Market,2,161.9,5.17,156.73,100.1,56.63,160.45,2026,2026-04,Q2
ORD-000711,2025-09-29,Core,UK,Online,SMB,4,197.38,7.84,189.54,102.91,86.63,173.67,2025,2025-09,Q3
ORD-000712,2025-02-23,Plus,UAE,Direct,Enterprise,3,211.6,5.37,206.23,124.88,81.35,206.56,2025,2025-02,Q1
ORD-000713,2025-03-29,Premium,India,Partner,Mid-Market,2,219.54,6.94,212.6,97.93,114.67,214.37,2025,2025-03,Q1
ORD-000714,2025-02-12,Enterprise,US,Partner,Mid-Market,1,226.73,19.13,207.6,127.82,79.78,195.38,2025,2025-02,Q1
ORD-000715,2025-12-11,Premium,India,Partner,Mid-Market,2,218.58,2.79,215.79,104.47,111.32,215.89,2025,2025-12,Q4
ORD-000716,2025-09-16,Plus,UK,Direct,Mid-Market,3,226.5,7.13,219.37,116.69,102.68,202.19,2025,2025-09,Q3
ORD-000717,2025-09-18,Premium,UK,Online,Enterprise,2,236.86,12.29,224.57,114.26,110.31,218.7,2025,2025-09,Q3
ORD-000718,2026-01-05,Core,India,Online,SMB,5,230.38,14.71,215.67,109.54,106.13,193.18,2026,2026-01,Q1
ORD-000719,2026-07-20,Enterprise,US,Online,Mid-Market,6,1538.23,112.79,1425.44,759.19,666.25,1281.84,2026,2026-07,Q3
ORD-000720,2025-10-22,Plus,India,Direct,SMB,3,240.04,3.36,236.68,133.96,102.72,226.29,2025,2025-10,Q4
ORD-000721,2025-02-22,Core,US,Direct,SMB,2,92.56,7.98,84.58,42.91,41.67,88.44,2025,2025-02,Q1
ORD-000722,2026-07-23,Plus,UK,Direct,Mid-Market,4,322.67,41.17,281.5,131.27,150.23,299.04,2026,2026-07,Q3
ORD-000723,2026-07-04,Plus,UK,Partner,SMB,1,82.38,4.03,78.35,46.03,32.32,76.76,2026,2026-07,Q3
ORD-000724,2026-07-05,Plus,India,Online,Enterprise,2,141.67,0.4,141.27,69.53,71.74,134.43,2026,2026-07,Q3
ORD-000725,2025-11-04,Enterprise,Germany,Online,SMB,1,221.58,9.94,211.64,107.64,104.0,193.18,2025,2025-11,Q4
ORD-000726,2025-08-04,Enterprise,UK,Online,SMB,5,1167.48,47.13,1120.35,733.18,387.17,1216.79,2025,2025-08,Q3
ORD-000727,2026-01-30,Core,India,Online,SMB,10,468.93,50.26,418.67,246.85,171.82,415.86,2026,2026-01,Q1
ORD-000728,2025-06-15,Premium,India,Direct,Mid-Market,5,619.58,24.92,594.66,266.51,328.15,628.07,2025,2025-06,Q2
ORD-000729,2026-07-07,Premium,UAE,Online,Mid-Market,5,602.24,16.82,585.42,364.08,221.34,550.86,2026,2026-07,Q3
ORD-000730,2025-01-15,Core,UAE,Partner,Mid-Market,4,189.95,3.36,186.59,113.64,72.95,204.37,2025,2025-01,Q1
ORD-000731,2025-10-03,Enterprise,UK,Partner,Mid-Market,4,948.13,51.3,896.83,595.52,301.31,922.99,2025,2025-10,Q4
ORD-000732,2025-07-10,Core,UK,Partner,SMB,1,43.36,0.06,43.3,27.58,15.72,48.64,2025,2025-07,Q3
ORD-000733,2025-05-22,Plus,UK,Direct,SMB,3,215.95,5.59,210.36,117.1,93.26,207.05,2025,2025-05,Q2
ORD-000734,2026-07-24,Premium,India,Online,Mid-Market,3,377.21,6.51,370.7,190.25,180.45,340.16,2026,2026-07,Q3
ORD-000735,2026-04-29,Enterprise,India,Partner,SMB,2,452.08,10.9,441.18,237.64,203.54,441.35,2026,2026-04,Q2
ORD-000736,2025-01-17,Plus,UAE,Online,Enterprise,4,278.75,32.93,245.82,155.4,90.42,226.31,2025,2025-01,Q1
ORD-000737,2025-02-10,Core,UK,Direct,SMB,1,45.44,0.05,45.39,20.99,24.4,49.89,2025,2025-02,Q1
ORD-000738,2026-01-20,Plus,US,Partner,Enterprise,2,163.41,5.79,157.62,93.54,64.08,174.59,2026,2026-01,Q1
ORD-000739,2025-08-25,Plus,UK,Partner,SMB,4,322.28,14.62,307.66,147.64,160.02,289.84,2025,2025-08,Q3
ORD-000740,2026-01-23,Plus,UAE,Partner,SMB,6,491.14,9.94,481.2,247.19,234.01,487.18,2026,2026-01,Q1
ORD-000741,2025-10-28,Plus,US,Direct,Mid-Market,2,154.66,3.48,151.18,78.29,72.89,137.86,2025,2025-10,Q4
ORD-000742,2025-01-13,Plus,UK,Direct,Enterprise,2,156.44,4.46,151.98,85.5,66.48,170.38,2025,2025-01,Q1
ORD-000743,2026-07-29,Premium,UK,Online,Mid-Market,2,231.42,4.24,227.18,123.57,103.61,219.98,2026,2026-07,Q3
ORD-000744,2025-11-12,Enterprise,Germany,Direct,Mid-Market,7,1629.72,107.25,1522.47,642.32,880.15,1345.43,2025,2025-11,Q4
ORD-000745,2025-10-29,Core,UAE,Partner,SMB,2,91.64,3.21,88.43,52.42,36.01,87.16,2025,2025-10,Q4
ORD-000746,2025-10-15,Plus,UK,Online,Mid-Market,2,145.19,6.4,138.79,66.84,71.95,132.85,2025,2025-10,Q4
ORD-000747,2025-03-21,Core,UK,Partner,SMB,8,374.37,38.86,335.51,165.97,169.54,313.96,2025,2025-03,Q1
ORD-000748,2026-06-08,Core,UK,Partner,Mid-Market,1,41.3,0.82,40.48,25.34,15.14,41.51,2026,2026-06,Q2
ORD-000749,2025-02-12,Core,Germany,Online,Mid-Market,2,83.74,0.84,82.9,43.38,39.52,75.02,2025,2025-02,Q1
ORD-000750,2026-02-15,Premium,US,Direct,Mid-Market,3,367.37,23.62,343.75,180.49,163.26,320.34,2026,2026-02,Q1
ORD-000751,2026-05-26,Plus,US,Direct,Enterprise,2,151.42,8.42,143.0,63.01,79.99,146.43,2026,2026-05,Q2
ORD-000752,2026-07-23,Core,UAE,Direct,SMB,6,273.4,0.25,273.15,163.87,109.28,257.31,2026,2026-07,Q3
ORD-000753,2026-02-20,Core,UK,Direct,Mid-Market,3,144.14,14.7,129.44,70.38,59.06,117.26,2026,2026-02,Q1
ORD-000754,2026-01-17,Enterprise,UK,Partner,Enterprise,4,922.16,22.44,899.72,594.07,305.65,837.27,2026,2026-01,Q1
ORD-000755,2025-06-06,Plus,India,Direct,SMB,2,138.37,14.41,123.96,75.17,48.79,109.52,2025,2025-06,Q2
ORD-000756,2025-01-21,Core,Germany,Online,Mid-Market,6,291.43,11.34,280.09,139.32,140.77,303.46,2025,2025-01,Q1
ORD-000757,2025-11-01,Premium,UK,Direct,Mid-Market,5,554.56,2.62,551.94,358.99,192.95,583.94,2025,2025-11,Q4
ORD-000758,2025-06-09,Plus,US,Partner,Enterprise,1,74.61,3.84,70.77,38.29,32.48,63.39,2025,2025-06,Q2
ORD-000759,2025-01-26,Plus,US,Online,Mid-Market,5,404.23,23.73,380.5,181.86,198.64,384.67,2025,2025-01,Q1
ORD-000760,2025-02-09,Premium,US,Online,SMB,4,465.27,8.09,457.18,281.95,175.23,514.04,2025,2025-02,Q1
ORD-000761,2025-05-14,Premium,US,Direct,SMB,4,505.02,25.21,479.81,296.41,183.4,521.78,2025,2025-05,Q2
ORD-000762,2025-12-26,Plus,Germany,Direct,SMB,7,491.47,0.38,491.09,223.51,267.58,496.48,2025,2025-12,Q4
ORD-000763,2025-12-19,Plus,UAE,Partner,SMB,1,79.3,1.45,77.85,40.05,37.8,82.12,2025,2025-12,Q4
ORD-000764,2025-02-03,Premium,Germany,Direct,SMB,2,217.01,10.52,206.49,130.64,75.85,203.04,2025,2025-02,Q1
ORD-000765,2026-01-04,Core,Germany,Partner,Enterprise,6,245.4,10.48,234.92,154.62,80.3,240.6,2026,2026-01,Q1
ORD-000766,2025-02-16,Plus,UK,Direct,Mid-Market,3,225.04,1.24,223.8,97.62,126.18,215.77,2025,2025-02,Q1
ORD-000767,2026-03-04,Enterprise,Germany,Partner,SMB,3,703.53,58.31,645.22,367.56,277.66,679.06,2026,2026-03,Q1
ORD-000768,2025-02-25,Premium,UK,Partner,Mid-Market,4,520.86,1.87,518.99,290.24,228.75,495.71,2025,2025-02,Q1
ORD-000769,2026-01-09,Plus,UK,Direct,SMB,2,161.42,7.9,153.52,80.8,72.72,158.84,2026,2026-01,Q1
ORD-000770,2026-05-07,Plus,US,Online,Mid-Market,1,70.64,1.98,68.66,37.39,31.27,72.39,2026,2026-05,Q2
ORD-000771,2025-03-24,Core,US,Partner,SMB,1,41.76,1.72,40.04,22.85,17.19,36.04,2025,2025-03,Q1
ORD-000772,2026-04-21,Core,Germany,Partner,Enterprise,1,45.05,1.19,43.86,18.46,25.4,47.13,2026,2026-04,Q2
ORD-000773,2025-08-07,Core,US,Direct,Mid-Market,3,121.73,12.31,109.42,65.38,44.04,98.63,2025,2025-08,Q3
ORD-000774,2026-05-15,Plus,US,Partner,Enterprise,2,137.31,0.08,137.23,72.11,65.12,131.78,2026,2026-05,Q2
ORD-000775,2025-09-02,Premium,UK,Online,Mid-Market,5,618.07,2.79,615.28,375.39,239.89,554.84,2025,2025-09,Q3
ORD-000776,2025-09-13,Plus,India,Partner,Mid-Market,3,224.06,0.08,223.98,111.97,112.01,209.33,2025,2025-09,Q3
ORD-000777,2025-10-29,Premium,India,Online,SMB,2,241.16,7.9,233.26,116.62,116.64,244.38,2025,2025-10,Q4
ORD-000778,2026-02-08,Premium,UK,Direct,Mid-Market,5,577.85,41.98,535.87,270.01,265.86,538.05,2026,2026-02,Q1
ORD-000779,2025-11-08,Core,UK,Partner,SMB,1,44.03,0.64,43.39,21.83,21.56,46.88,2025,2025-11,Q4
ORD-000780,2026-06-08,Premium,UK,Direct,SMB,3,334.26,5.92,328.34,192.08,136.26,311.2,2026,2026-06,Q2
ORD-000781,2025-09-18,Enterprise,UAE,Online,Mid-Market,3,690.35,28.0,662.35,362.48,299.87,690.71,2025,2025-09,Q3
ORD-000782,2026-07-23,Enterprise,UK,Direct,Enterprise,2,455.28,7.88,447.4,202.6,244.8,413.21,2026,2026-07,Q3
ORD-000783,2025-01-19,Core,UAE,Partner,SMB,4,176.35,5.32,171.03,86.7,84.33,164.3,2025,2025-01,Q1
ORD-000784,2025-09-05,Core,US,Partner,SMB,1,46.14,1.03,45.11,27.33,17.78,40.47,2025,2025-09,Q3
ORD-000785,2025-12-21,Plus,UK,Direct,Mid-Market,5,345.9,22.62,323.28,159.54,163.74,287.69,2025,2025-12,Q4
ORD-000786,2025-01-13,Core,Germany,Partner,Mid-Market,2,93.06,0.26,92.8,44.92,47.88,88.15,2025,2025-01,Q1
ORD-000787,2025-11-13,Premium,Germany,Online,Mid-Market,1,125.08,0.9,124.18,70.25,53.93,120.63,2025,2025-11,Q4
ORD-000788,2025-03-01,Premium,US,Direct,Mid-Market,6,760.12,3.93,756.19,479.42,276.77,782.02,2025,2025-03,Q1
ORD-000789,2025-09-25,Core,Germany,Online,SMB,1,46.12,2.12,44.0,26.49,17.51,45.3,2025,2025-09,Q3
ORD-000790,2025-02-11,Enterprise,US,Direct,SMB,1,258.8,2.41,256.39,126.62,129.77,257.72,2025,2025-02,Q1
ORD-000791,2025-09-03,Premium,Germany,Partner,SMB,3,344.88,22.61,322.27,170.94,151.33,336.22,2025,2025-09,Q3
ORD-000792,2025-11-25,Premium,UAE,Partner,Mid-Market,5,613.99,39.49,574.5,279.57,294.93,523.04,2025,2025-11,Q4
ORD-000793,2025-10-17,Plus,UK,Direct,Mid-Market,2,135.44,5.18,130.26,57.98,72.28,115.97,2025,2025-10,Q4
ORD-000794,2025-07-06,Plus,UAE,Direct,Mid-Market,1,73.87,0.24,73.63,45.2,28.43,79.29,2025,2025-07,Q3
ORD-000795,2025-01-02,Core,India,Direct,Mid-Market,6,264.49,9.8,254.69,147.83,106.86,254.01,2025,2025-01,Q1
ORD-000796,2025-09-02,Premium,Germany,Online,Mid-Market,4,432.09,22.71,409.38,234.92,174.46,426.93,2025,2025-09,Q3
ORD-000797,2025-03-05,Enterprise,US,Online,SMB,3,760.04,8.38,751.66,403.41,348.25,743.73,2025,2025-03,Q1
ORD-000798,2025-02-10,Plus,UK,Partner,Enterprise,2,149.26,3.99,145.27,75.46,69.81,134.09,2025,2025-02,Q1
ORD-000799,2026-02-23,Premium,UK,Direct,SMB,1,123.32,4.35,118.97,55.26,63.71,109.93,2026,2026-02,Q1
ORD-000800,2025-09-21,Core,US,Direct,Enterprise,3,135.38,10.97,124.41,52.6,71.81,123.98,2025,2025-09,Q3
ORD-000801,2025-01-14,Plus,India,Online,Mid-Market,5,357.8,41.35,316.45,192.26,124.19,287.56,2025,2025-01,Q1
ORD-000802,2026-01-10,Premium,Germany,Online,SMB,10,1294.38,41.26,1253.12,716.61,536.51,1234.92,2026,2026-01,Q1
ORD-000803,2026-03-19,Plus,US,Partner,Mid-Market,6,466.82,3.56,463.26,210.2,253.06,475.39,2026,2026-03,Q1
ORD-000804,2026-03-19,Plus,US,Online,SMB,1,77.17,5.35,71.82,38.28,33.54,65.07,2026,2026-03,Q1
ORD-000805,2026-02-27,Plus,UK,Direct,SMB,1,78.74,10.38,68.36,42.13,26.23,61.32,2026,2026-02,Q1
ORD-000806,2025-12-02,Core,US,Direct,Enterprise,9,431.47,0.91,430.56,265.25,165.31,442.84,2025,2025-12,Q4
ORD-000807,2025-10-22,Plus,US,Online,SMB,5,377.84,1.59,376.25,191.14,185.11,336.46,2025,2025-10,Q4
ORD-000808,2025-10-30,Premium,UK,Partner,Mid-Market,3,395.93,13.34,382.59,219.05,163.54,377.36,2025,2025-10,Q4
ORD-000809,2025-03-02,Plus,UK,Direct,SMB,4,285.33,12.44,272.89,131.92,140.97,279.82,2025,2025-03,Q1
ORD-000810,2025-07-27,Enterprise,US,Partner,Enterprise,1,222.06,3.06,219.0,125.28,93.72,204.27,2025,2025-07,Q3
ORD-000811,2026-05-17,Premium,UK,Online,Enterprise,1,110.01,5.09,104.92,60.8,44.12,116.02,2026,2026-05,Q2
ORD-000812,2026-04-16,Core,India,Partner,Enterprise,4,186.38,10.8,175.58,117.35,58.23,180.5,2026,2026-04,Q2
ORD-000813,2025-03-01,Core,US,Online,Enterprise,1,47.83,1.78,46.05,30.79,15.26,44.2,2025,2025-03,Q1
ORD-000814,2026-01-14,Premium,UK,Direct,SMB,3,370.87,31.04,339.83,198.54,141.29,358.57,2026,2026-01,Q1
ORD-000815,2026-06-01,Enterprise,India,Direct,SMB,2,471.6,12.36,459.24,213.88,245.36,471.28,2026,2026-06,Q2
ORD-000816,2026-03-07,Plus,US,Direct,Enterprise,4,293.53,7.27,286.26,163.33,122.93,324.09,2026,2026-03,Q1
ORD-000817,2026-07-15,Premium,India,Direct,Enterprise,3,362.31,5.63,356.68,202.51,154.17,325.6,2026,2026-07,Q3
ORD-000818,2025-06-06,Core,UK,Direct,Mid-Market,7,300.41,6.95,293.46,189.36,104.1,333.95,2025,2025-06,Q2
ORD-000819,2025-08-30,Core,UK,Online,Mid-Market,4,178.27,4.67,173.6,113.28,60.32,178.4,2025,2025-08,Q3
ORD-000820,2025-10-03,Core,US,Online,Mid-Market,2,83.47,9.33,74.14,34.66,39.48,65.6,2025,2025-10,Q4
ORD-000821,2025-04-21,Premium,UAE,Direct,Enterprise,4,459.6,14.8,444.8,293.08,151.72,469.74,2025,2025-04,Q2
ORD-000822,2025-05-07,Core,UK,Partner,Mid-Market,1,47.36,1.01,46.35,28.0,18.35,44.84,2025,2025-05,Q2
ORD-000823,2025-10-30,Core,UK,Direct,Mid-Market,5,219.39,8.54,210.85,98.14,112.71,214.4,2025,2025-10,Q4
ORD-000824,2026-01-05,Premium,UAE,Online,Mid-Market,1,126.46,2.65,123.81,70.87,52.94,124.22,2026,2026-01,Q1
ORD-000825,2026-05-12,Core,India,Direct,Enterprise,2,85.42,10.77,74.65,38.12,36.53,84.57,2026,2026-05,Q2
ORD-000826,2025-04-24,Core,UAE,Online,Enterprise,2,82.21,2.4,79.81,49.14,30.67,75.26,2025,2025-04,Q2
ORD-000827,2026-04-24,Plus,US,Online,SMB,1,81.72,1.4,80.32,40.77,39.55,88.47,2026,2026-04,Q2
ORD-000828,2026-04-12,Premium,India,Direct,Mid-Market,1,128.05,0.94,127.11,57.75,69.36,127.97,2026,2026-04,Q2
ORD-000829,2025-12-27,Premium,Germany,Partner,SMB,3,330.57,26.81,303.76,157.88,145.88,274.67,2025,2025-12,Q4
ORD-000830,2025-08-14,Premium,UK,Direct,Enterprise,2,227.99,1.02,226.97,100.72,126.25,220.61,2025,2025-08,Q3
ORD-000831,2026-01-29,Plus,UK,Online,Mid-Market,9,719.56,10.54,709.02,394.12,314.9,665.26,2026,2026-01,Q1
ORD-000832,2026-01-20,Premium,Germany,Direct,Mid-Market,6,692.07,29.5,662.57,356.79,305.78,605.82,2026,2026-01,Q1
ORD-000833,2025-04-18,Core,UAE,Online,SMB,1,46.67,4.39,42.28,24.21,18.07,42.34,2025,2025-04,Q2
ORD-000834,2026-03-28,Premium,US,Partner,SMB,8,876.32,21.84,854.48,569.23,285.25,904.7,2026,2026-03,Q1
ORD-000835,2025-12-04,Enterprise,UK,Direct,Mid-Market,2,468.26,8.59,459.67,242.55,217.12,516.3,2025,2025-12,Q4
ORD-000836,2025-12-26,Plus,Germany,Direct,Enterprise,2,149.29,11.25,138.04,76.05,61.99,127.93,2025,2025-12,Q4
ORD-000837,2026-06-11,Plus,UK,Direct,SMB,3,206.27,8.17,198.1,113.26,84.84,189.52,2026,2026-06,Q2
ORD-000838,2025-02-13,Premium,US,Direct,SMB,8,925.68,10.26,915.42,415.95,499.47,868.82,2025,2025-02,Q1
ORD-000839,2025-05-04,Premium,India,Direct,Enterprise,4,507.5,60.1,447.4,251.55,195.85,488.07,2025,2025-05,Q2
ORD-000840,2025-03-23,Enterprise,Germany,Direct,SMB,1,258.49,18.94,239.55,123.83,115.72,255.72,2025,2025-03,Q1
ORD-000841,2025-11-12,Core,India,Online,Mid-Market,2,97.26,7.6,89.66,50.9,38.76,89.21,2025,2025-11,Q4
ORD-000842,2026-05-03,Plus,UK,Online,SMB,1,80.39,5.39,75.0,43.94,31.06,74.94,2026,2026-05,Q2
ORD-000843,2026-04-25,Premium,India,Online,SMB,3,361.47,4.66,356.81,232.54,124.27,401.78,2026,2026-04,Q2
ORD-000844,2026-02-06,Premium,US,Direct,SMB,2,222.13,20.23,201.9,121.06,80.84,229.68,2026,2026-02,Q1
ORD-000845,2025-10-02,Premium,India,Direct,SMB,1,108.6,3.05,105.55,58.75,46.8,111.51,2025,2025-10,Q4
ORD-000846,2026-05-05,Plus,US,Partner,SMB,2,146.05,0.83,145.22,95.8,49.42,155.89,2026,2026-05,Q2
ORD-000847,2025-03-15,Premium,India,Direct,Enterprise,2,250.84,13.63,237.21,143.13,94.08,259.66,2025,2025-03,Q1
ORD-000848,2026-04-29,Premium,Germany,Partner,SMB,2,249.79,4.87,244.92,133.93,110.99,225.56,2026,2026-04,Q2
ORD-000849,2025-10-12,Core,India,Direct,SMB,2,94.44,1.11,93.33,46.38,46.95,93.35,2025,2025-10,Q4
ORD-000850,2025-03-04,Enterprise,Germany,Partner,Enterprise,1,258.66,5.24,253.42,135.16,118.26,252.43,2025,2025-03,Q1
ORD-000851,2026-02-13,Enterprise,India,Online,Enterprise,1,216.31,9.43,206.88,106.92,99.96,207.99,2026,2026-02,Q1
ORD-000852,2026-02-20,Premium,US,Online,Mid-Market,4,501.46,28.85,472.61,308.9,163.71,508.85,2026,2026-02,Q1
ORD-000853,2025-04-16,Enterprise,UK,Direct,SMB,2,468.62,5.92,462.7,225.13,237.57,419.84,2025,2025-04,Q2
ORD-000854,2026-02-25,Premium,UAE,Online,SMB,4,471.28,36.46,434.82,236.65,198.17,407.05,2026,2026-02,Q1
ORD-000855,2026-01-30,Premium,US,Direct,SMB,4,435.15,14.58,420.57,210.05,210.52,401.29,2026,2026-01,Q1
ORD-000856,2026-01-02,Enterprise,UAE,Direct,Enterprise,3,700.97,6.73,694.24,341.77,352.47,742.06,2026,2026-01,Q1
ORD-000857,2025-11-06,Core,US,Direct,Enterprise,2,96.12,1.23,94.89,47.2,47.69,107.02,2025,2025-11,Q4
ORD-000858,2025-04-18,Enterprise,UK,Online,SMB,12,2622.49,40.18,2582.31,1395.97,1186.34,2750.1,2025,2025-04,Q2
ORD-000859,2026-04-18,Enterprise,UAE,Direct,Enterprise,1,247.82,23.58,224.24,143.34,80.9,200.85,2026,2026-04,Q2
ORD-000860,2026-07-17,Core,India,Direct,Mid-Market,2,83.55,3.98,79.57,35.54,44.03,79.95,2026,2026-07,Q3
ORD-000861,2025-11-03,Core,UK,Direct,Mid-Market,2,84.83,0.33,84.5,51.71,32.79,80.57,2025,2025-11,Q4
ORD-000862,2026-02-23,Enterprise,UAE,Partner,Enterprise,2,498.62,39.1,459.52,262.45,197.07,479.43,2026,2026-02,Q1
ORD-000863,2025-08-25,Core,Germany,Partner,SMB,5,214.15,1.72,212.43,92.98,119.45,189.5,2025,2025-08,Q3
ORD-000864,2026-07-22,Core,UAE,Online,SMB,1,46.2,0.23,45.97,29.74,16.23,45.11,2026,2026-07,Q3
ORD-000865,2026-01-24,Core,Germany,Online,Mid-Market,3,142.81,8.94,133.87,67.92,65.95,130.83,2026,2026-01,Q1
ORD-000866,2026-02-18,Core,Germany,Direct,Mid-Market,2,84.4,3.99,80.41,46.37,34.04,89.76,2026,2026-02,Q1
ORD-000867,2025-11-13,Core,India,Direct,Mid-Market,5,212.45,14.7,197.75,103.57,94.18,206.53,2025,2025-11,Q4
ORD-000868,2026-01-20,Premium,US,Online,Mid-Market,3,335.17,10.01,325.16,151.04,174.12,341.75,2026,2026-01,Q1
ORD-000869,2026-05-01,Enterprise,India,Partner,Mid-Market,3,725.23,22.89,702.34,359.16,343.18,767.57,2026,2026-05,Q2
ORD-000870,2025-07-04,Enterprise,Germany,Online,SMB,1,230.98,7.69,223.29,120.88,102.41,201.38,2025,2025-07,Q3
ORD-000871,2026-06-11,Enterprise,UAE,Direct,Mid-Market,2,481.87,25.27,456.6,211.63,244.97,430.95,2026,2026-06,Q2
ORD-000872,2025-04-14,Core,India,Direct,SMB,2,81.82,8.27,73.55,31.75,41.8,72.42,2025,2025-04,Q2
ORD-000873,2026-02-27,Core,UAE,Online,Enterprise,5,231.05,34.39,196.66,122.74,73.92,192.25,2026,2026-02,Q1
ORD-000874,2026-07-17,Enterprise,India,Direct,Mid-Market,2,448.24,20.09,428.15,272.57,155.58,384.85,2026,2026-07,Q3
ORD-000875,2025-06-05,Plus,Germany,Direct,SMB,3,221.47,9.35,212.12,140.03,72.09,210.81,2025,2025-06,Q2
ORD-000876,2026-02-03,Core,UK,Online,SMB,12,545.6,6.15,539.45,337.51,201.94,591.46,2026,2026-02,Q1
ORD-000877,2025-03-18,Plus,Germany,Online,Mid-Market,4,318.86,14.71,304.15,196.13,108.02,297.06,2025,2025-03,Q1
ORD-000878,2026-07-27,Core,US,Direct,SMB,1,46.81,6.75,40.06,19.51,20.55,43.13,2026,2026-07,Q3
ORD-000879,2026-02-24,Premium,Germany,Partner,SMB,10,1177.73,9.92,1167.81,510.33,657.48,1033.12,2026,2026-02,Q1
ORD-000880,2026-01-08,Plus,UK,Direct,SMB,6,428.17,5.93,422.24,212.29,209.95,402.23,2026,2026-01,Q1
ORD-000881,2025-02-27,Plus,India,Partner,Mid-Market,1,70.2,0.89,69.31,32.6,36.71,72.35,2025,2025-02,Q1
ORD-000882,2026-05-31,Premium,UK,Online,SMB,2,246.35,14.61,231.74,112.76,118.98,246.55,2026,2026-05,Q2
ORD-000883,2025-10-09,Plus,UAE,Direct,SMB,2,162.42,10.23,152.19,91.39,60.8,147.54,2025,2025-10,Q4
ORD-000884,2026-01-23,Plus,India,Partner,SMB,4,316.56,3.0,313.56,153.98,159.58,328.24,2026,2026-01,Q1
ORD-000885,2025-12-21,Premium,India,Online,Mid-Market,2,238.82,3.63,235.19,144.7,90.49,256.59,2025,2025-12,Q4
ORD-000886,2025-12-31,Enterprise,UK,Partner,Mid-Market,1,238.89,5.77,233.12,151.76,81.36,254.83,2025,2025-12,Q4
ORD-000887,2025-01-04,Premium,UAE,Online,SMB,1,118.22,2.38,115.84,71.35,44.49,109.74,2025,2025-01,Q1
ORD-000888,2025-06-02,Core,UAE,Online,Mid-Market,5,204.76,6.91,197.85,88.62,109.23,219.11,2025,2025-06,Q2
ORD-000889,2026-06-08,Core,UK,Online,SMB,5,246.9,3.65,243.25,159.75,83.5,251.24,2026,2026-06,Q2
ORD-000890,2026-02-17,Core,Germany,Direct,Enterprise,2,91.55,9.41,82.14,53.63,28.51,85.4,2026,2026-02,Q1
ORD-000891,2026-04-20,Premium,Germany,Direct,SMB,5,550.38,15.61,534.77,341.71,193.06,486.2,2026,2026-04,Q2
ORD-000892,2025-03-09,Premium,India,Online,Enterprise,6,762.92,89.9,673.02,408.75,264.27,626.93,2025,2025-03,Q1
ORD-000893,2025-08-30,Core,UK,Partner,SMB,5,223.23,7.81,215.42,99.98,115.44,230.35,2025,2025-08,Q3
ORD-000894,2026-05-06,Enterprise,UK,Partner,SMB,2,520.11,68.82,451.29,221.26,230.03,463.79,2026,2026-05,Q2
ORD-000895,2025-11-20,Plus,UAE,Direct,SMB,2,159.94,3.33,156.61,91.11,65.5,143.48,2025,2025-11,Q4
ORD-000896,2025-11-23,Enterprise,UK,Direct,SMB,3,656.53,17.35,639.18,420.23,218.95,582.53,2025,2025-11,Q4
ORD-000897,2025-07-02,Premium,UK,Direct,Enterprise,3,377.81,11.04,366.77,213.75,153.02,397.75,2025,2025-07,Q3
ORD-000898,2025-02-18,Premium,UK,Online,Mid-Market,1,122.98,5.84,117.14,57.79,59.35,113.49,2025,2025-02,Q1
ORD-000899,2026-05-11,Premium,UAE,Direct,Mid-Market,3,391.7,60.65,331.05,192.39,138.66,302.2,2026,2026-05,Q2
ORD-000900,2025-05-17,Enterprise,UK,Direct,SMB,4,893.74,60.34,833.4,527.8,305.6,843.3,2025,2025-05,Q2
ORD-000901,2025-02-08,Core,US,Direct,SMB,1,45.95,0.58,45.37,20.77,24.6,42.98,2025,2025-02,Q1
ORD-000902,2026-01-23,Core,India,Online,SMB,7,344.98,23.73,321.25,183.52,137.73,319.84,2026,2026-01,Q1
ORD-000903,2026-03-10,Plus,UAE,Online,Enterprise,7,485.32,20.19,465.13,219.49,245.64,433.85,2026,2026-03,Q1
ORD-000904,2026-03-24,Plus,Germany,Online,Mid-Market,3,239.31,3.44,235.87,140.12,95.75,208.68,2026,2026-03,Q1
ORD-000905,2025-12-12,Core,Germany,Online,SMB,3,135.18,4.3,130.88,57.27,73.61,134.39,2025,2025-12,Q4
ORD-000906,2025-11-27,Core,UAE,Online,Enterprise,3,137.97,5.37,132.6,86.31,46.29,132.28,2025,2025-11,Q4
ORD-000907,2026-02-11,Plus,UAE,Direct,SMB,4,281.36,14.49,266.87,174.06,92.81,273.92,2026,2026-02,Q1
ORD-000908,2025-07-14,Core,US,Direct,Mid-Market,7,318.01,15.79,302.22,181.99,120.23,337.91,2025,2025-07,Q3
ORD-000909,2025-05-31,Plus,UK,Direct,SMB,8,570.79,24.08,546.71,314.35,232.36,534.02,2025,2025-05,Q2
ORD-000910,2025-08-26,Core,UAE,Online,SMB,2,94.03,3.33,90.7,46.74,43.96,95.28,2025,2025-08,Q3
ORD-000911,2025-09-22,Core,UK,Direct,Mid-Market,3,131.39,8.62,122.77,56.68,66.09,118.43,2025,2025-09,Q3
ORD-000912,2025-07-19,Enterprise,US,Direct,Enterprise,5,1116.75,145.62,971.13,467.36,503.77,1087.19,2025,2025-07,Q3
ORD-000913,2025-06-28,Premium,UK,Partner,SMB,1,116.1,10.91,105.19,57.65,47.54,117.0,2025,2025-06,Q2
ORD-000914,2025-06-15,Plus,UK,Online,SMB,6,468.43,1.08,467.35,215.24,252.11,421.23,2025,2025-06,Q2
ORD-000915,2026-06-28,Premium,India,Online,SMB,3,362.54,22.23,340.31,219.67,120.64,318.24,2026,2026-06,Q2
ORD-000916,2025-04-27,Plus,India,Direct,SMB,7,570.16,24.62,545.54,237.68,307.86,606.15,2025,2025-04,Q2
ORD-000917,2025-09-24,Core,UK,Direct,Enterprise,3,130.85,8.39,122.46,66.67,55.79,133.64,2025,2025-09,Q3
ORD-000918,2025-09-30,Plus,UK,Partner,SMB,2,149.46,20.48,128.98,83.96,45.02,142.08,2025,2025-09,Q3
ORD-000919,2026-04-17,Plus,Germany,Direct,Mid-Market,5,409.8,10.01,399.79,213.72,186.07,357.99,2026,2026-04,Q2
ORD-000920,2025-12-12,Enterprise,UAE,Direct,SMB,2,514.83,21.14,493.69,300.4,193.29,530.17,2025,2025-12,Q4
ORD-000921,2025-08-07,Plus,India,Direct,Mid-Market,5,357.45,35.14,322.31,188.16,134.15,330.12,2025,2025-08,Q3
ORD-000922,2025-09-08,Plus,UK,Direct,SMB,1,70.42,0.92,69.5,39.16,30.34,65.16,2025,2025-09,Q3
ORD-000923,2026-07-21,Plus,UK,Online,Mid-Market,1,76.43,1.53,74.9,38.1,36.8,66.22,2026,2026-07,Q3
ORD-000924,2025-12-06,Enterprise,Germany,Online,SMB,3,686.34,46.04,640.3,303.3,337.0,635.03,2025,2025-12,Q4
ORD-000925,2026-01-11,Core,India,Online,Enterprise,4,180.68,4.79,175.89,78.69,97.2,155.33,2026,2026-01,Q1
ORD-000926,2026-07-02,Premium,Germany,Direct,Mid-Market,6,670.23,10.19,660.04,437.98,222.06,589.22,2026,2026-07,Q3
ORD-000927,2026-03-30,Premium,UK,Online,SMB,1,123.47,11.2,112.27,61.47,50.8,122.06,2026,2026-03,Q1
ORD-000928,2026-07-20,Enterprise,India,Online,SMB,5,1234.12,57.87,1176.25,612.14,564.11,1083.43,2026,2026-07,Q3
ORD-000929,2026-05-18,Premium,India,Partner,Enterprise,2,222.31,0.73,221.58,101.25,120.33,226.13,2026,2026-05,Q2
ORD-000930,2025-01-30,Plus,UK,Direct,Enterprise,3,246.01,19.82,226.19,128.27,97.92,204.85,2025,2025-01,Q1
ORD-000931,2025-10-22,Premium,India,Partner,Enterprise,1,115.47,8.49,106.98,45.69,61.29,112.08,2025,2025-10,Q4
ORD-000932,2026-05-15,Premium,US,Direct,Enterprise,4,434.49,13.05,421.44,243.46,177.98,372.48,2026,2026-05,Q2
ORD-000933,2025-11-22,Premium,UK,Direct,Enterprise,1,129.64,14.33,115.31,74.81,40.5,115.41,2025,2025-11,Q4
ORD-000934,2026-01-10,Enterprise,UK,Direct,SMB,2,499.67,46.97,452.7,251.91,200.79,430.06,2026,2026-01,Q1
ORD-000935,2026-01-01,Enterprise,UK,Partner,SMB,1,261.6,9.89,251.71,123.99,127.72,253.07,2026,2026-01,Q1
ORD-000936,2025-08-27,Premium,UK,Direct,SMB,3,325.58,12.04,313.54,151.22,162.32,287.73,2025,2025-08,Q3
ORD-000937,2025-08-13,Core,UK,Direct,SMB,3,136.64,0.92,135.72,76.37,59.35,146.56,2025,2025-08,Q3
ORD-000938,2025-02-16,Premium,UAE,Online,SMB,1,128.56,10.27,118.29,57.99,60.3,115.57,2025,2025-02,Q1
ORD-000939,2026-02-20,Core,UK,Partner,SMB,3,138.06,15.82,122.24,71.36,50.88,137.84,2026,2026-02,Q1
ORD-000940,2026-07-11,Core,Germany,Online,Mid-Market,9,433.96,3.08,430.88,225.95,204.93,404.86,2026,2026-07,Q3
ORD-000941,2025-10-21,Plus,UAE,Direct,SMB,1,75.74,0.32,75.42,33.38,42.04,80.74,2025,2025-10,Q4
ORD-000942,2025-11-06,Enterprise,US,Partner,Enterprise,2,436.45,9.94,426.51,282.81,143.7,423.77,2025,2025-11,Q4
ORD-000943,2025-12-07,Core,UK,Partner,Mid-Market,4,186.44,6.23,180.21,91.96,88.25,165.84,2025,2025-12,Q4
ORD-000944,2026-07-22,Enterprise,UK,Online,Enterprise,1,256.25,3.39,252.86,168.2,84.66,272.19,2026,2026-07,Q3
ORD-000945,2026-01-31,Premium,US,Direct,Mid-Market,3,330.08,14.89,315.19,143.28,171.91,325.59,2026,2026-01,Q1
ORD-000946,2026-01-13,Core,UK,Direct,Mid-Market,6,250.95,19.91,231.04,133.1,97.94,225.96,2026,2026-01,Q1
ORD-000947,2026-07-31,Plus,US,Partner,SMB,4,275.57,12.17,263.4,147.67,115.73,232.06,2026,2026-07,Q3
ORD-000948,2025-07-07,Premium,India,Direct,SMB,2,229.59,3.94,225.65,108.87,116.78,256.34,2025,2025-07,Q3
ORD-000949,2026-06-26,Core,UK,Direct,Enterprise,1,45.45,2.2,43.25,28.7,14.55,39.75,2026,2026-06,Q2
ORD-000950,2025-10-24,Core,UK,Online,Enterprise,4,165.56,13.05,152.51,96.01,56.5,159.39,2025,2025-10,Q4
ORD-000951,2025-08-05,Premium,US,Partner,SMB,2,258.71,0.06,258.65,109.64,149.01,274.96,2025,2025-08,Q3
ORD-000952,2025-03-17,Core,UK,Direct,Mid-Market,2,93.26,10.2,83.06,44.75,38.31,74.11,2025,2025-03,Q1
ORD-000953,2026-04-03,Plus,Germany,Partner,Enterprise,1,68.94,0.75,68.19,29.24,38.95,69.65,2026,2026-04,Q2
ORD-000954,2026-06-12,Core,UK,Online,SMB,1,42.07,4.02,38.05,19.76,18.29,43.21,2026,2026-06,Q2
ORD-000955,2025-08-24,Premium,US,Direct,Mid-Market,5,616.17,30.74,585.43,279.39,306.04,571.96,2025,2025-08,Q3
ORD-000956,2025-06-28,Core,India,Partner,Mid-Market,2,95.74,3.69,92.05,50.41,41.64,104.02,2025,2025-06,Q2
ORD-000957,2026-07-04,Premium,US,Online,SMB,5,565.12,25.66,539.46,255.8,283.66,486.8,2026,2026-07,Q3
ORD-000958,2026-06-18,Core,UK,Direct,SMB,3,141.51,1.09,140.42,71.01,69.41,144.37,2026,2026-06,Q2
ORD-000959,2025-01-03,Core,Germany,Direct,SMB,1,43.52,1.24,42.28,20.26,22.02,44.14,2025,2025-01,Q1
ORD-000960,2026-02-28,Premium,India,Online,SMB,2,246.35,15.79,230.56,119.89,110.67,218.56,2026,2026-02,Q1
ORD-000961,2026-07-18,Plus,India,Partner,Enterprise,3,214.89,2.36,212.53,139.74,72.79,200.44,2026,2026-07,Q3
ORD-000962,2025-05-31,Premium,UAE,Partner,Enterprise,6,777.91,9.69,768.22,438.58,329.64,743.23,2025,2025-05,Q2
ORD-000963,2026-04-08,Core,India,Online,SMB,1,49.19,1.32,47.87,22.03,25.84,46.09,2026,2026-04,Q2
ORD-000964,2025-10-06,Premium,US,Online,SMB,7,880.2,38.81,841.39,536.18,305.21,955.31,2025,2025-10,Q4
ORD-000965,2025-05-06,Premium,US,Partner,Mid-Market,4,454.69,31.32,423.37,277.29,146.08,393.0,2025,2025-05,Q2
ORD-000966,2025-08-15,Core,India,Partner,SMB,3,138.38,3.91,134.47,73.76,60.71,133.23,2025,2025-08,Q3
ORD-000967,2025-12-21,Core,Germany,Online,Mid-Market,2,84.96,3.28,81.68,50.29,31.39,74.01,2025,2025-12,Q4
ORD-000968,2025-05-06,Plus,UK,Online,SMB,1,80.17,4.15,76.02,43.99,32.03,80.02,2025,2025-05,Q2
ORD-000969,2026-01-20,Plus,Germany,Partner,Mid-Market,2,153.54,10.58,142.96,66.28,76.68,152.88,2026,2026-01,Q1
ORD-000970,2025-09-28,Enterprise,UK,Direct,SMB,2,476.89,2.04,474.85,286.2,188.65,517.86,2025,2025-09,Q3
ORD-000971,2025-01-17,Plus,US,Direct,Enterprise,3,244.96,11.51,233.45,127.41,106.04,221.47,2025,2025-01,Q1
ORD-000972,2025-11-06,Core,India,Online,SMB,5,202.86,1.32,201.54,107.75,93.79,225.58,2025,2025-11,Q4
ORD-000973,2026-06-08,Core,UK,Direct,Mid-Market,3,130.63,4.92,125.71,63.46,62.25,130.66,2026,2026-06,Q2
ORD-000974,2025-04-16,Premium,UK,Partner,SMB,1,129.69,25.73,103.96,67.19,36.77,118.21,2025,2025-04,Q2
ORD-000975,2025-12-23,Plus,UK,Partner,Mid-Market,2,152.9,18.7,134.2,61.7,72.5,145.59,2025,2025-12,Q4
ORD-000976,2025-11-29,Plus,US,Partner,Mid-Market,10,784.52,5.28,779.24,508.26,270.98,784.79,2025,2025-11,Q4
ORD-000977,2025-07-24,Plus,India,Partner,SMB,7,550.11,31.51,518.6,222.33,296.27,566.09,2025,2025-07,Q3
ORD-000978,2026-04-05,Core,India,Direct,SMB,2,97.11,1.74,95.37,59.1,36.27,98.02,2026,2026-04,Q2
ORD-000979,2025-11-24,Core,UK,Online,Mid-Market,2,97.58,1.83,95.75,61.78,33.97,89.84,2025,2025-11,Q4
ORD-000980,2026-07-24,Core,US,Partner,Mid-Market,6,267.12,17.57,249.55,164.05,85.5,222.59,2026,2026-07,Q3
ORD-000981,2025-05-09,Core,UK,Partner,Mid-Market,2,92.31,2.41,89.9,59.28,30.62,84.14,2025,2025-05,Q2
ORD-000982,2025-04-07,Core,UAE,Online,SMB,2,93.7,1.4,92.3,44.7,47.6,93.23,2025,2025-04,Q2
ORD-000983,2025-07-04,Enterprise,India,Direct,Enterprise,10,2433.18,133.42,2299.76,1293.59,1006.17,2399.27,2025,2025-07,Q3
ORD-000984,2025-03-19,Plus,UAE,Direct,Enterprise,2,161.92,1.08,160.84,78.48,82.36,154.31,2025,2025-03,Q1
ORD-000985,2025-03-28,Plus,India,Direct,SMB,2,160.9,16.72,144.18,79.99,64.19,150.08,2025,2025-03,Q1
ORD-000986,2025-07-27,Core,India,Partner,Enterprise,2,85.32,1.0,84.32,46.28,38.04,93.98,2025,2025-07,Q3
ORD-000987,2025-03-29,Premium,UK,Online,Enterprise,3,347.61,7.85,339.76,191.0,148.76,352.76,2025,2025-03,Q1
ORD-000988,2026-04-11,Core,Germany,Direct,SMB,1,47.2,4.44,42.76,18.05,24.71,40.81,2026,2026-04,Q2
ORD-000989,2025-11-20,Premium,UAE,Online,Mid-Market,1,119.24,5.62,113.62,58.04,55.58,115.58,2025,2025-11,Q4
ORD-000990,2026-04-26,Core,UK,Direct,Enterprise,12,499.54,0.97,498.57,282.84,215.73,517.48,2026,2026-04,Q2
ORD-000991,2026-01-13,Premium,UAE,Direct,SMB,1,110.33,0.45,109.88,72.36,37.52,120.02,2026,2026-01,Q1
ORD-000992,2026-03-17,Premium,UK,Online,SMB,2,259.09,29.3,229.79,117.95,111.84,261.01,2026,2026-03,Q1
ORD-000993,2025-10-09,Enterprise,UK,Direct,Enterprise,3,725.72,21.44,704.28,338.07,366.21,741.3,2025,2025-10,Q4
ORD-000994,2025-09-25,Core,UK,Direct,SMB,2,98.71,3.78,94.93,51.08,43.85,101.94,2025,2025-09,Q3
ORD-000995,2025-07-16,Plus,US,Direct,SMB,1,77.07,5.13,71.94,38.03,33.91,75.42,2025,2025-07,Q3
ORD-000996,2026-05-03,Core,UK,Partner,Mid-Market,4,178.01,8.47,169.54,109.78,59.76,163.21,2026,2026-05,Q2
ORD-000997,2025-09-28,Enterprise,India,Partner,Enterprise,6,1353.72,45.01,1308.71,673.11,635.6,1403.55,2025,2025-09,Q3
ORD-000998,2026-07-05,Enterprise,India,Direct,Enterprise,1,255.11,3.74,251.37,130.49,120.88,273.31,2026,2026-07,Q3
ORD-000999,2025-10-27,Plus,US,Partner,Mid-Market,1,80.96,2.04,78.92,46.84,32.08,78.08,2025,2025-10,Q4
ORD-001000,2025-04-12,Plus,UK,Direct,Enterprise,5,340.95,12.28,328.67,186.67,142.0,299.29,2025,2025-04,Q2
ORD-001001,2025-07-18,Enterprise,UK,Partner,SMB,4,888.26,18.13,870.13,374.6,495.53,947.65,2025,2025-07,Q3
ORD-001002,2025-01-04,Premium,India,Online,Mid-Market,6,777.25,81.28,695.97,424.09,271.88,748.57,2025,2025-01,Q1
ORD-001003,2026-01-07,Core,Germany,Online,Mid-Market,4,176.5,1.84,174.66,79.54,95.12,197.64,2026,2026-01,Q1
ORD-001004,2025-02-03,Core,Germany,Direct,Mid-Market,2,83.24,4.13,79.11,44.88,34.23,84.61,2025,2025-02,Q1
ORD-001005,2026-02-02,Plus,US,Direct,Enterprise,11,757.05,39.23,717.82,337.81,380.01,784.69,2026,2026-02,Q1
ORD-001006,2026-03-22,Core,UK,Direct,Enterprise,3,146.59,12.3,134.29,76.98,57.31,147.98,2026,2026-03,Q1
ORD-001007,2025-09-16,Core,UAE,Direct,SMB,6,249.45,11.55,237.9,156.57,81.33,264.47,2025,2025-09,Q3
ORD-001008,2026-07-12,Plus,UAE,Direct,SMB,1,81.09,5.96,75.13,49.26,25.87,68.44,2026,2026-07,Q3
ORD-001009,2025-11-16,Plus,UAE,Direct,Enterprise,3,232.62,8.48,224.14,96.27,127.87,247.73,2025,2025-11,Q4
ORD-001010,2025-06-06,Plus,US,Online,Enterprise,1,82.08,3.38,78.7,33.14,45.56,87.08,2025,2025-06,Q2
ORD-001011,2026-07-12,Enterprise,US,Online,Mid-Market,2,503.1,0.84,502.26,290.25,212.01,503.89,2026,2026-07,Q3
ORD-001012,2025-08-24,Premium,UAE,Direct,SMB,2,260.83,16.14,244.69,124.89,119.8,275.01,2025,2025-08,Q3
ORD-001013,2026-07-21,Enterprise,Germany,Direct,Enterprise,1,263.33,30.86,232.47,118.26,114.21,214.22,2026,2026-07,Q3
ORD-001014,2025-12-07,Enterprise,Germany,Direct,Mid-Market,2,475.21,9.06,466.15,284.7,181.45,509.37,2025,2025-12,Q4
ORD-001015,2026-03-14,Enterprise,UK,Direct,SMB,3,770.52,39.5,731.02,463.67,267.35,790.53,2026,2026-03,Q1
ORD-001016,2025-10-07,Enterprise,Germany,Partner,Enterprise,1,219.51,14.17,205.34,99.08,106.26,211.59,2025,2025-10,Q4
ORD-001017,2026-02-04,Premium,India,Direct,SMB,3,352.04,43.22,308.82,205.47,103.35,327.51,2026,2026-02,Q1
ORD-001018,2025-07-22,Plus,Germany,Direct,SMB,2,145.15,5.97,139.18,76.75,62.43,133.31,2025,2025-07,Q3
ORD-001019,2025-06-19,Core,UK,Online,Enterprise,3,133.76,6.81,126.95,55.95,71.0,133.8,2025,2025-06,Q2
ORD-001020,2026-05-21,Premium,US,Direct,SMB,2,238.65,10.21,228.44,121.61,106.83,236.58,2026,2026-05,Q2
ORD-001021,2025-11-29,Enterprise,UAE,Direct,SMB,5,1217.19,129.09,1088.1,471.87,616.23,1128.79,2025,2025-11,Q4
ORD-001022,2025-03-18,Plus,India,Direct,Mid-Market,6,483.89,5.21,478.68,221.73,256.95,484.06,2025,2025-03,Q1
ORD-001023,2025-11-05,Plus,Germany,Partner,SMB,1,71.04,0.3,70.74,39.06,31.68,72.32,2025,2025-11,Q4
ORD-001024,2025-03-13,Core,UK,Partner,SMB,19,923.93,5.6,918.33,491.41,426.92,816.56,2025,2025-03,Q1
ORD-001025,2025-07-21,Enterprise,India,Direct,SMB,10,2634.79,16.0,2618.79,1474.3,1144.49,2342.08,2025,2025-07,Q3
ORD-001026,2025-04-10,Core,UK,Direct,Mid-Market,1,46.54,0.38,46.16,23.1,23.06,51.72,2025,2025-04,Q2
ORD-001027,2026-02-28,Premium,Germany,Partner,SMB,4,462.98,31.6,431.38,275.71,155.67,478.64,2026,2026-02,Q1
ORD-001028,2025-06-27,Plus,UK,Online,SMB,3,231.58,10.62,220.96,119.03,101.93,200.07,2025,2025-06,Q2
ORD-001029,2025-08-14,Core,US,Partner,Enterprise,4,176.68,4.28,172.4,78.12,94.28,192.98,2025,2025-08,Q3
ORD-001030,2025-01-28,Core,UK,Partner,Mid-Market,5,232.3,5.45,226.85,126.29,100.56,257.3,2025,2025-01,Q1
ORD-001031,2025-06-21,Plus,UAE,Direct,SMB,2,144.68,3.63,141.05,87.94,53.11,148.99,2025,2025-06,Q2
ORD-001032,2025-06-20,Plus,US,Online,Enterprise,5,395.36,1.86,393.5,235.58,157.92,367.06,2025,2025-06,Q2
ORD-001033,2025-12-22,Plus,UK,Direct,Enterprise,1,71.65,0.44,71.21,47.41,23.8,65.58,2025,2025-12,Q4
ORD-001034,2026-02-19,Core,US,Online,Enterprise,3,135.98,9.65,126.33,58.88,67.45,123.22,2026,2026-02,Q1
ORD-001035,2025-01-12,Enterprise,US,Direct,SMB,3,660.52,6.66,653.86,361.75,292.11,615.0,2025,2025-01,Q1
ORD-001036,2025-12-19,Premium,UAE,Partner,Mid-Market,5,646.07,21.66,624.41,367.94,256.47,661.7,2025,2025-12,Q4
ORD-001037,2025-06-22,Core,US,Direct,Enterprise,4,174.39,1.3,173.09,99.87,73.22,171.5,2025,2025-06,Q2
ORD-001038,2025-07-28,Core,UK,Direct,Mid-Market,3,132.29,9.7,122.59,58.88,63.71,117.0,2025,2025-07,Q3
ORD-001039,2025-03-02,Plus,UAE,Direct,SMB,3,204.14,5.18,198.96,132.73,66.23,177.62,2025,2025-03,Q1
ORD-001040,2026-05-04,Core,UAE,Direct,Mid-Market,3,135.33,5.28,130.05,74.82,55.23,122.98,2026,2026-05,Q2
ORD-001041,2025-01-01,Premium,Germany,Direct,Enterprise,3,355.61,37.75,317.86,165.56,152.3,293.94,2025,2025-01,Q1
ORD-001042,2026-03-28,Premium,UK,Direct,Mid-Market,2,262.5,1.87,260.63,130.17,130.46,264.05,2026,2026-03,Q1
ORD-001043,2025-11-26,Plus,UK,Direct,SMB,4,278.92,2.38,276.54,162.65,113.89,281.15,2025,2025-11,Q4
ORD-001044,2025-10-25,Core,UAE,Direct,Enterprise,4,179.31,1.7,177.61,99.96,77.65,165.77,2025,2025-10,Q4
ORD-001045,2025-02-28,Plus,UK,Online,SMB,2,135.85,1.68,134.17,67.4,66.77,141.6,2025,2025-02,Q1
ORD-001046,2026-07-18,Plus,UK,Partner,Enterprise,2,157.41,7.09,150.32,78.7,71.62,145.91,2026,2026-07,Q3
ORD-001047,2025-05-06,Core,US,Partner,SMB,6,266.95,34.65,232.3,122.28,110.02,218.51,2025,2025-05,Q2
ORD-001048,2025-07-21,Premium,UAE,Online,Mid-Market,3,343.46,6.19,337.27,182.37,154.9,340.22,2025,2025-07,Q3
ORD-001049,2025-06-23,Premium,UK,Online,SMB,4,441.21,12.66,428.55,239.64,188.91,439.99,2025,2025-06,Q2
ORD-001050,2025-11-27,Plus,UK,Online,Enterprise,3,206.37,9.92,196.45,113.3,83.15,208.62,2025,2025-11,Q4
ORD-001051,2026-04-03,Premium,UK,Partner,SMB,1,128.45,8.24,120.21,68.69,51.52,117.37,2026,2026-04,Q2
ORD-001052,2025-09-20,Plus,UK,Direct,Mid-Market,2,156.71,18.4,138.31,63.55,74.76,141.32,2025,2025-09,Q3
ORD-001053,2026-01-26,Enterprise,US,Direct,SMB,1,256.98,18.4,238.58,153.39,85.19,234.77,2026,2026-01,Q1
ORD-001054,2026-01-03,Enterprise,India,Partner,SMB,3,787.95,18.48,769.47,365.27,404.2,812.47,2026,2026-01,Q1
ORD-001055,2025-02-18,Plus,India,Direct,Mid-Market,1,70.87,0.38,70.49,30.96,39.53,76.8,2025,2025-02,Q1
ORD-001056,2026-03-04,Enterprise,UK,Online,Enterprise,2,435.91,2.92,432.99,241.6,191.39,482.77,2026,2026-03,Q1
ORD-001057,2025-03-02,Plus,US,Partner,SMB,2,148.62,3.95,144.67,85.4,59.27,158.38,2025,2025-03,Q1
ORD-001058,2025-01-10,Plus,US,Direct,Enterprise,2,155.31,0.95,154.36,74.72,79.64,143.1,2025,2025-01,Q1
ORD-001059,2026-07-01,Plus,Germany,Direct,SMB,3,221.97,14.39,207.58,136.19,71.39,229.11,2026,2026-07,Q3
ORD-001060,2026-04-01,Enterprise,UK,Online,SMB,3,776.54,57.28,719.26,331.17,388.09,693.72,2026,2026-04,Q2
ORD-001061,2025-12-21,Plus,US,Partner,SMB,2,138.46,2.27,136.19,79.92,56.27,128.18,2025,2025-12,Q4
ORD-001062,2025-11-20,Premium,UK,Online,SMB,1,130.12,14.46,115.66,72.82,42.84,115.61,2025,2025-11,Q4
ORD-001063,2025-01-01,Premium,Germany,Online,Enterprise,1,114.59,6.25,108.34,62.85,45.49,108.24,2025,2025-01,Q1
ORD-001064,2025-12-29,Premium,India,Partner,Enterprise,6,724.55,36.18,688.37,388.11,300.26,766.51,2025,2025-12,Q4
ORD-001065,2025-06-20,Core,UAE,Online,Mid-Market,6,255.01,2.12,252.89,158.25,94.64,234.52,2025,2025-06,Q2
ORD-001066,2026-06-17,Enterprise,UK,Online,SMB,1,247.96,6.39,241.57,149.5,92.07,229.2,2026,2026-06,Q2
ORD-001067,2025-11-03,Enterprise,US,Direct,SMB,1,261.77,4.71,257.06,162.47,94.59,287.94,2025,2025-11,Q4
ORD-001068,2025-12-08,Premium,US,Online,SMB,2,238.35,19.43,218.92,92.1,126.82,210.64,2025,2025-12,Q4
ORD-001069,2025-02-11,Premium,UAE,Online,Enterprise,3,390.69,25.5,365.19,197.19,168.0,334.53,2025,2025-02,Q1
ORD-001070,2025-04-10,Plus,India,Online,Enterprise,3,225.95,4.59,221.36,122.6,98.76,235.0,2025,2025-04,Q2
ORD-001071,2026-01-10,Premium,US,Direct,Mid-Market,1,120.74,3.71,117.03,68.68,48.35,113.73,2026,2026-01,Q1
ORD-001072,2025-06-18,Enterprise,US,Direct,Enterprise,3,698.17,6.66,691.51,375.36,316.15,725.76,2025,2025-06,Q2
ORD-001073,2026-01-02,Plus,India,Online,SMB,6,494.12,11.18,482.94,254.51,228.43,451.54,2026,2026-01,Q1
ORD-001074,2025-08-09,Core,India,Direct,Mid-Market,2,91.63,4.88,86.75,38.09,48.66,87.23,2025,2025-08,Q3
ORD-001075,2026-04-17,Core,Germany,Direct,Mid-Market,3,146.83,19.69,127.14,81.82,45.32,112.02,2026,2026-04,Q2
ORD-001076,2025-02-21,Core,UK,Direct,SMB,3,146.58,2.27,144.31,90.44,53.87,160.26,2025,2025-02,Q1
ORD-001077,2025-07-31,Plus,US,Partner,SMB,5,352.25,2.61,349.64,198.29,151.35,312.35,2025,2025-07,Q3
ORD-001078,2025-07-16,Enterprise,India,Direct,SMB,3,669.58,14.59,654.99,424.91,230.08,602.77,2025,2025-07,Q3
ORD-001079,2026-06-27,Core,India,Direct,SMB,2,86.89,0.22,86.67,51.6,35.07,84.03,2026,2026-06,Q2
ORD-001080,2025-11-26,Core,US,Online,Mid-Market,1,41.54,3.51,38.03,25.02,13.01,35.56,2025,2025-11,Q4
ORD-001081,2025-10-05,Plus,India,Online,SMB,4,307.56,28.3,279.26,178.64,100.62,274.13,2025,2025-10,Q4
ORD-001082,2025-04-04,Enterprise,UK,Online,Enterprise,1,245.19,15.51,229.68,113.52,116.16,233.31,2025,2025-04,Q2
ORD-001083,2026-05-30,Premium,India,Partner,SMB,1,121.79,4.24,117.55,50.4,67.15,119.8,2026,2026-05,Q2
ORD-001084,2025-09-11,Plus,India,Direct,Enterprise,1,73.25,7.44,65.81,38.42,27.39,60.36,2025,2025-09,Q3
ORD-001085,2026-01-19,Premium,UK,Partner,Mid-Market,1,130.98,3.87,127.11,81.72,45.39,142.22,2026,2026-01,Q1
ORD-001086,2026-07-31,Premium,UK,Direct,Mid-Market,2,226.08,17.49,208.59,97.2,111.39,194.78,2026,2026-07,Q3
ORD-001087,2026-03-30,Plus,Germany,Online,SMB,2,145.62,4.51,141.11,92.58,48.53,131.45,2026,2026-03,Q1
ORD-001088,2025-02-22,Plus,US,Online,Mid-Market,3,243.34,8.51,234.83,136.38,98.45,225.73,2025,2025-02,Q1
ORD-001089,2025-12-14,Enterprise,UAE,Partner,SMB,8,1862.55,151.3,1711.25,1076.65,634.6,1675.09,2025,2025-12,Q4
ORD-001090,2025-10-22,Enterprise,US,Online,SMB,3,770.51,75.97,694.54,320.91,373.63,764.22,2025,2025-10,Q4
ORD-001091,2025-10-11,Premium,UAE,Online,Mid-Market,6,705.81,50.42,655.39,318.22,337.17,642.39,2025,2025-10,Q4
ORD-001092,2026-05-08,Core,Germany,Online,Mid-Market,2,93.67,6.94,86.73,41.31,45.42,98.85,2026,2026-05,Q2
ORD-001093,2026-07-27,Plus,India,Partner,SMB,3,220.16,2.59,217.57,101.61,115.96,191.8,2026,2026-07,Q3
ORD-001094,2026-06-10,Enterprise,UK,Partner,SMB,2,461.8,6.9,454.9,303.16,151.74,429.39,2026,2026-06,Q2
ORD-001095,2025-04-30,Premium,UK,Direct,SMB,3,379.91,9.45,370.46,194.94,175.52,372.0,2025,2025-04,Q2
ORD-001096,2025-03-23,Premium,UK,Partner,Enterprise,2,233.44,3.91,229.53,101.55,127.98,207.42,2025,2025-03,Q1
ORD-001097,2025-01-12,Plus,US,Online,Enterprise,2,139.43,5.29,134.14,61.87,72.27,141.83,2025,2025-01,Q1
ORD-001098,2025-11-26,Plus,UK,Direct,SMB,1,82.25,6.45,75.8,44.32,31.48,82.39,2025,2025-11,Q4
ORD-001099,2025-02-13,Plus,India,Online,Mid-Market,5,361.6,23.48,338.12,155.77,182.35,320.07,2025,2025-02,Q1
ORD-001100,2025-02-12,Plus,Germany,Direct,SMB,2,159.3,4.27,155.03,95.51,59.52,140.2,2025,2025-02,Q1
ORD-001101,2026-04-29,Plus,Germany,Direct,SMB,3,234.23,5.4,228.83,130.17,98.66,237.03,2026,2026-04,Q2
ORD-001102,2026-02-03,Premium,UK,Partner,Mid-Market,4,452.17,32.7,419.47,239.98,179.49,382.54,2026,2026-02,Q1
ORD-001103,2026-03-17,Enterprise,UAE,Direct,Mid-Market,11,2789.59,197.51,2592.08,1736.46,855.62,2786.3,2026,2026-03,Q1
ORD-001104,2025-05-13,Core,US,Direct,Mid-Market,5,208.3,5.89,202.41,86.11,116.3,190.02,2025,2025-05,Q2
ORD-001105,2025-05-02,Plus,UK,Partner,SMB,4,270.27,17.14,253.13,142.63,110.5,271.39,2025,2025-05,Q2
ORD-001106,2025-03-16,Core,India,Online,Mid-Market,2,88.91,1.23,87.68,49.3,38.38,90.92,2025,2025-03,Q1
ORD-001107,2025-09-12,Enterprise,US,Online,Enterprise,2,473.55,5.39,468.16,267.99,200.17,508.35,2025,2025-09,Q3
ORD-001108,2025-05-22,Enterprise,UK,Online,Mid-Market,7,1528.1,67.89,1460.21,648.75,811.46,1551.16,2025,2025-05,Q2
ORD-001109,2026-01-16,Enterprise,India,Partner,Mid-Market,5,1086.81,3.9,1082.91,532.65,550.26,1064.7,2026,2026-01,Q1
ORD-001110,2026-01-28,Core,India,Online,SMB,2,90.67,0.3,90.37,46.66,43.71,85.08,2026,2026-01,Q1
ORD-001111,2026-01-31,Core,UAE,Direct,SMB,2,85.0,3.74,81.26,52.74,28.52,76.56,2026,2026-01,Q1
ORD-001112,2025-04-24,Plus,US,Direct,SMB,4,303.28,11.08,292.2,136.43,155.77,312.79,2025,2025-04,Q2
ORD-001113,2025-04-27,Premium,Germany,Partner,SMB,5,568.22,43.38,524.84,283.71,241.13,579.5,2025,2025-04,Q2
ORD-001114,2025-08-03,Core,Germany,Online,Mid-Market,1,46.12,0.33,45.79,27.07,18.72,43.2,2025,2025-08,Q3
ORD-001115,2025-07-18,Core,UK,Direct,Mid-Market,6,281.39,29.33,252.06,151.8,100.26,233.5,2025,2025-07,Q3
ORD-001116,2025-10-12,Core,UK,Direct,Mid-Market,2,81.09,10.12,70.97,36.75,34.22,75.56,2025,2025-10,Q4
ORD-001117,2025-01-26,Premium,US,Direct,Mid-Market,1,117.7,5.95,111.75,51.78,59.97,103.55,2025,2025-01,Q1
ORD-001118,2026-06-23,Enterprise,UAE,Direct,Enterprise,1,249.43,6.92,242.51,128.9,113.61,252.27,2026,2026-06,Q2
ORD-001119,2025-12-02,Premium,UK,Online,SMB,5,563.05,9.69,553.36,319.97,233.39,523.38,2025,2025-12,Q4
ORD-001120,2026-01-29,Premium,US,Direct,Mid-Market,2,251.46,7.08,244.38,157.15,87.23,273.51,2026,2026-01,Q1
ORD-001121,2026-03-02,Plus,India,Direct,Enterprise,3,238.39,8.6,229.79,134.57,95.22,219.2,2026,2026-03,Q1
ORD-001122,2025-11-23,Core,UAE,Direct,Mid-Market,1,45.75,0.57,45.18,26.59,18.59,41.82,2025,2025-11,Q4
ORD-001123,2025-06-16,Core,US,Partner,Mid-Market,1,44.47,0.87,43.6,23.93,19.67,38.57,2025,2025-06,Q2
ORD-001124,2026-06-25,Enterprise,Germany,Direct,SMB,2,474.45,20.78,453.67,280.22,173.45,465.45,2026,2026-06,Q2
ORD-001125,2026-07-27,Premium,India,Direct,Enterprise,3,378.84,21.59,357.25,181.77,175.48,350.33,2026,2026-07,Q3
ORD-001126,2025-03-12,Core,UK,Direct,SMB,3,137.08,7.13,129.95,84.89,45.06,140.29,2025,2025-03,Q1
ORD-001127,2025-01-07,Plus,UAE,Partner,Mid-Market,3,206.35,12.3,194.05,106.71,87.34,210.28,2025,2025-01,Q1
ORD-001128,2025-03-09,Plus,US,Online,SMB,3,232.27,1.87,230.4,125.07,105.33,236.7,2025,2025-03,Q1
ORD-001129,2026-06-25,Enterprise,Germany,Partner,SMB,5,1291.39,30.09,1261.3,797.59,463.71,1359.93,2026,2026-06,Q2
ORD-001130,2025-06-26,Plus,UK,Direct,SMB,4,305.52,24.57,280.95,144.7,136.25,309.35,2025,2025-06,Q2
ORD-001131,2025-11-08,Premium,Germany,Online,SMB,2,263.16,5.4,257.76,135.45,122.31,282.82,2025,2025-11,Q4
ORD-001132,2025-02-01,Enterprise,Germany,Direct,SMB,2,504.67,28.2,476.47,269.12,207.35,530.03,2025,2025-02,Q1
ORD-001133,2025-07-17,Enterprise,Germany,Partner,SMB,5,1208.81,21.75,1187.06,726.68,460.38,1344.53,2025,2025-07,Q3
ORD-001134,2026-03-23,Plus,UK,Direct,Mid-Market,3,221.03,3.06,217.97,119.84,98.13,223.94,2026,2026-03,Q1
ORD-001135,2026-03-03,Plus,Germany,Partner,SMB,1,74.14,6.8,67.34,40.06,27.28,72.26,2026,2026-03,Q1
ORD-001136,2025-10-01,Core,India,Online,SMB,5,209.31,21.46,187.85,105.97,81.88,212.99,2025,2025-10,Q4
ORD-001137,2026-05-10,Enterprise,UK,Partner,Enterprise,4,1027.1,87.94,939.16,556.06,383.1,980.06,2026,2026-05,Q2
ORD-001138,2025-06-24,Premium,UK,Online,SMB,2,222.19,13.94,208.25,121.8,86.45,233.3,2025,2025-06,Q2
ORD-001139,2026-01-09,Core,Germany,Direct,Enterprise,1,41.73,0.63,41.1,18.54,22.56,41.05,2026,2026-01,Q1
ORD-001140,2025-06-29,Plus,US,Online,Mid-Market,3,239.77,7.55,232.22,125.06,107.16,228.64,2025,2025-06,Q2
ORD-001141,2025-12-07,Core,US,Online,SMB,5,231.33,10.27,221.06,125.62,95.44,251.19,2025,2025-12,Q4
ORD-001142,2025-06-17,Core,UK,Online,Enterprise,1,45.76,2.58,43.18,18.19,24.99,48.03,2025,2025-06,Q2
ORD-001143,2026-03-13,Enterprise,Germany,Direct,SMB,2,490.45,10.74,479.71,240.18,239.53,526.32,2026,2026-03,Q1
ORD-001144,2026-05-24,Core,India,Online,Enterprise,3,140.31,1.1,139.21,60.82,78.39,124.66,2026,2026-05,Q2
ORD-001145,2026-04-05,Plus,India,Online,Mid-Market,4,324.9,21.35,303.55,187.78,115.77,337.39,2026,2026-04,Q2
ORD-001146,2025-09-23,Premium,India,Direct,SMB,3,356.17,16.49,339.68,177.08,162.6,343.88,2025,2025-09,Q3
ORD-001147,2025-08-04,Core,UK,Direct,SMB,2,92.59,5.31,87.28,58.12,29.16,86.97,2025,2025-08,Q3
ORD-001148,2025-05-31,Core,UAE,Direct,Mid-Market,2,88.46,0.8,87.66,37.82,49.84,96.85,2025,2025-05,Q2
ORD-001149,2026-04-02,Plus,UAE,Partner,SMB,6,477.62,19.27,458.35,245.37,212.98,468.22,2026,2026-04,Q2
ORD-001150,2026-07-25,Core,UK,Partner,Mid-Market,2,96.34,4.16,92.18,40.84,51.34,87.37,2026,2026-07,Q3
ORD-001151,2025-04-29,Plus,UK,Direct,SMB,3,215.44,16.89,198.55,113.98,84.57,179.2,2025,2025-04,Q2
ORD-001152,2026-04-08,Premium,India,Partner,Enterprise,5,646.31,41.92,604.39,358.74,245.65,593.2,2026,2026-04,Q2
ORD-001153,2026-05-15,Premium,UK,Partner,SMB,6,781.01,1.1,779.91,514.79,265.12,724.56,2026,2026-05,Q2
ORD-001154,2025-01-03,Core,UAE,Partner,SMB,1,45.44,2.52,42.92,20.53,22.39,41.02,2025,2025-01,Q1
ORD-001155,2025-06-24,Plus,Germany,Online,Enterprise,3,204.16,1.1,203.06,95.18,107.88,190.99,2025,2025-06,Q2
ORD-001156,2025-02-09,Core,US,Partner,Enterprise,5,229.66,3.5,226.16,126.45,99.71,235.29,2025,2025-02,Q1
ORD-001157,2025-01-30,Plus,UK,Partner,SMB,1,79.07,1.81,77.26,36.21,41.05,77.48,2025,2025-01,Q1
ORD-001158,2026-06-29,Plus,US,Partner,Enterprise,5,395.71,11.21,384.5,221.06,163.44,434.98,2026,2026-06,Q2
ORD-001159,2025-06-03,Enterprise,UK,Direct,Mid-Market,6,1299.55,2.13,1297.42,655.42,642.0,1168.23,2025,2025-06,Q2
ORD-001160,2025-04-28,Core,India,Online,SMB,6,270.99,3.38,267.61,126.32,141.29,258.97,2025,2025-04,Q2
ORD-001161,2025-05-26,Core,US,Direct,Enterprise,3,147.24,0.97,146.27,88.83,57.44,164.92,2025,2025-05,Q2
ORD-001162,2026-05-08,Core,India,Direct,Mid-Market,6,256.13,15.05,241.08,113.42,127.66,259.1,2026,2026-05,Q2
ORD-001163,2025-02-23,Enterprise,UAE,Partner,Enterprise,3,735.23,45.39,689.84,348.52,341.32,734.57,2025,2025-02,Q1
ORD-001164,2025-06-22,Core,UAE,Direct,Enterprise,4,164.94,9.34,155.6,77.46,78.14,142.49,2025,2025-06,Q2
ORD-001165,2025-06-08,Core,US,Online,SMB,4,164.07,7.76,156.31,96.14,60.17,173.28,2025,2025-06,Q2
ORD-001166,2025-04-04,Enterprise,US,Direct,Mid-Market,2,435.93,9.92,426.01,201.91,224.1,479.42,2025,2025-04,Q2
ORD-001167,2025-12-23,Plus,UK,Partner,Mid-Market,4,294.06,0.9,293.16,181.25,111.91,289.48,2025,2025-12,Q4
ORD-001168,2026-05-21,Core,Germany,Partner,Enterprise,10,462.73,23.31,439.42,224.82,214.6,471.42,2026,2026-05,Q2
ORD-001169,2026-06-25,Enterprise,India,Online,Mid-Market,4,954.87,21.62,933.25,478.09,455.16,1013.05,2026,2026-06,Q2
ORD-001170,2026-05-28,Core,US,Direct,Enterprise,2,91.27,1.26,90.01,54.88,35.13,96.45,2026,2026-05,Q2
ORD-001171,2025-03-30,Core,India,Direct,SMB,2,92.14,6.71,85.43,42.1,43.33,82.83,2025,2025-03,Q1
ORD-001172,2025-09-27,Core,US,Partner,Enterprise,2,97.15,6.56,90.59,59.07,31.52,90.52,2025,2025-09,Q3
ORD-001173,2025-07-28,Core,India,Partner,SMB,4,196.8,14.69,182.11,98.08,84.03,184.85,2025,2025-07,Q3
ORD-001174,2025-06-03,Core,UK,Online,SMB,3,146.89,0.18,146.71,63.93,82.78,166.86,2025,2025-06,Q2
ORD-001175,2026-06-03,Core,UK,Direct,SMB,3,147.65,6.53,141.12,80.3,60.82,158.24,2026,2026-06,Q2
ORD-001176,2025-02-23,Premium,UK,Online,SMB,1,127.77,8.94,118.83,66.48,52.35,119.82,2025,2025-02,Q1
ORD-001177,2025-10-11,Plus,Germany,Partner,Mid-Market,1,70.81,4.43,66.38,40.8,25.58,61.19,2025,2025-10,Q4
ORD-001178,2025-11-10,Enterprise,US,Direct,Mid-Market,3,782.46,8.38,774.08,404.33,369.75,785.66,2025,2025-11,Q4
ORD-001179,2025-04-24,Plus,UK,Online,Mid-Market,1,72.09,3.36,68.73,33.32,35.41,73.66,2025,2025-04,Q2
ORD-001180,2026-04-04,Enterprise,US,Direct,SMB,6,1439.1,13.95,1425.15,926.92,498.23,1348.23,2026,2026-04,Q2
ORD-001181,2025-03-08,Core,Germany,Online,SMB,5,245.74,19.2,226.54,121.25,105.29,204.07,2025,2025-03,Q1
ORD-001182,2026-01-20,Enterprise,UAE,Direct,Enterprise,3,777.79,46.22,731.57,437.76,293.81,827.9,2026,2026-01,Q1
ORD-001183,2026-02-11,Core,India,Direct,Enterprise,1,43.17,1.81,41.36,23.05,18.31,37.32,2026,2026-02,Q1
ORD-001184,2025-05-15,Plus,US,Online,Mid-Market,4,289.64,10.9,278.74,123.52,155.22,269.81,2025,2025-05,Q2
ORD-001185,2025-11-13,Premium,India,Online,SMB,3,357.57,4.24,353.33,155.55,197.78,381.64,2025,2025-11,Q4
ORD-001186,2025-06-17,Premium,India,Direct,SMB,3,383.96,26.21,357.75,166.88,190.87,372.75,2025,2025-06,Q2
ORD-001187,2025-01-10,Core,US,Online,Mid-Market,1,46.03,1.11,44.92,25.88,19.04,50.35,2025,2025-01,Q1
ORD-001188,2025-04-21,Enterprise,UK,Partner,SMB,6,1536.27,67.54,1468.73,896.63,572.1,1562.1,2025,2025-04,Q2
ORD-001189,2025-09-21,Plus,UK,Partner,SMB,3,227.46,2.73,224.73,137.58,87.15,236.91,2025,2025-09,Q3
ORD-001190,2026-06-25,Enterprise,US,Online,Mid-Market,1,246.47,18.76,227.71,123.79,103.92,218.34,2026,2026-06,Q2
ORD-001191,2025-03-27,Enterprise,India,Partner,SMB,4,965.89,23.56,942.33,504.19,438.14,941.48,2025,2025-03,Q1
ORD-001192,2025-12-27,Core,US,Online,Mid-Market,2,97.99,9.8,88.19,43.17,45.02,81.47,2025,2025-12,Q4
ORD-001193,2025-12-04,Core,US,Direct,Mid-Market,2,97.85,7.76,90.09,53.5,36.59,81.89,2025,2025-12,Q4
ORD-001194,2025-01-30,Premium,US,Direct,Mid-Market,3,376.55,3.19,373.36,183.65,189.71,395.91,2025,2025-01,Q1
ORD-001195,2025-01-23,Core,UAE,Online,Mid-Market,1,45.57,1.73,43.84,27.82,16.02,46.56,2025,2025-01,Q1
ORD-001196,2026-03-21,Plus,UK,Online,Mid-Market,5,344.97,20.01,324.96,140.52,184.44,302.59,2026,2026-03,Q1
ORD-001197,2026-04-28,Core,Germany,Online,SMB,2,97.07,1.58,95.49,45.2,50.29,88.04,2026,2026-04,Q2
ORD-001198,2026-06-21,Plus,India,Partner,Mid-Market,3,226.72,6.68,220.04,145.55,74.49,227.03,2026,2026-06,Q2
ORD-001199,2026-07-30,Enterprise,Germany,Direct,SMB,4,1001.27,133.02,868.25,501.95,366.3,851.96,2026,2026-07,Q3
ORD-001200,2025-07-23,Premium,India,Direct,SMB,2,252.83,1.58,251.25,112.36,138.89,238.19,2025,2025-07,Q3
ORD-001201,2025-05-24,Core,India,Direct,SMB,3,143.87,10.21,133.66,76.9,56.76,120.74,2025,2025-05,Q2
ORD-001202,2026-07-20,Enterprise,Germany,Online,Enterprise,6,1342.9,96.06,1246.84,742.45,504.39,1158.15,2026,2026-07,Q3
ORD-001203,2026-06-29,Plus,US,Online,SMB,1,76.89,1.7,75.19,50.17,25.02,70.03,2026,2026-06,Q2
ORD-001204,2025-09-01,Premium,India,Online,SMB,1,118.03,2.01,116.02,64.02,52.0,119.81,2025,2025-09,Q3
ORD-001205,2025-11-08,Core,India,Direct,Enterprise,2,83.21,1.24,81.97,35.03,46.94,88.78,2025,2025-11,Q4
ORD-001206,2025-04-24,Plus,UK,Direct,Mid-Market,1,74.56,5.24,69.32,40.63,28.69,66.88,2025,2025-04,Q2
ORD-001207,2026-05-15,Core,India,Online,Enterprise,3,141.1,0.14,140.96,92.28,48.68,142.4,2026,2026-05,Q2
ORD-001208,2025-05-10,Premium,US,Online,SMB,2,222.06,2.61,219.45,110.85,108.6,210.09,2025,2025-05,Q2
ORD-001209,2026-04-17,Enterprise,UK,Direct,Enterprise,2,514.04,4.59,509.45,296.54,212.91,518.9,2026,2026-04,Q2
ORD-001210,2025-01-01,Core,UK,Online,Enterprise,3,136.21,5.96,130.25,59.57,70.68,134.49,2025,2025-01,Q1
ORD-001211,2025-07-29,Core,Germany,Direct,SMB,1,45.5,1.24,44.26,29.24,15.02,50.09,2025,2025-07,Q3
ORD-001212,2026-07-22,Premium,Germany,Online,SMB,2,230.86,6.47,224.39,131.37,93.02,250.46,2026,2026-07,Q3
ORD-001213,2026-02-05,Premium,India,Direct,Mid-Market,2,234.61,9.84,224.77,114.68,110.09,212.3,2026,2026-02,Q1
ORD-001214,2025-06-11,Core,Germany,Online,SMB,4,181.51,1.16,180.35,112.0,68.35,173.9,2025,2025-06,Q2
ORD-001215,2025-09-24,Plus,Germany,Online,Mid-Market,6,443.7,10.78,432.92,271.76,161.16,470.96,2025,2025-09,Q3
ORD-001216,2026-03-14,Enterprise,Germany,Direct,Mid-Market,5,1150.4,47.73,1102.67,467.96,634.71,1121.54,2026,2026-03,Q1
ORD-001217,2025-06-10,Enterprise,Germany,Partner,Enterprise,1,255.73,19.2,236.53,152.6,83.93,265.05,2025,2025-06,Q2
ORD-001218,2026-07-03,Core,India,Direct,SMB,10,472.57,1.45,471.12,261.62,209.5,516.71,2026,2026-07,Q3
ORD-001219,2025-06-10,Plus,Germany,Online,Enterprise,3,227.93,2.18,225.75,106.38,119.37,247.39,2025,2025-06,Q2
ORD-001220,2026-05-12,Enterprise,India,Partner,Mid-Market,2,454.61,26.4,428.21,259.47,168.74,429.23,2026,2026-05,Q2
ORD-001221,2025-08-07,Premium,India,Direct,SMB,3,327.17,3.58,323.59,151.6,171.99,350.96,2025,2025-08,Q3
ORD-001222,2025-01-17,Premium,US,Direct,SMB,4,514.53,26.98,487.55,238.48,249.07,546.37,2025,2025-01,Q1
ORD-001223,2026-04-08,Premium,US,Online,Mid-Market,4,518.56,21.36,497.2,318.84,178.36,515.16,2026,2026-04,Q2
ORD-001224,2025-07-17,Premium,US,Direct,Mid-Market,4,506.49,23.66,482.83,227.05,255.78,470.75,2025,2025-07,Q3
ORD-001225,2025-06-17,Plus,India,Direct,SMB,3,206.5,3.44,203.06,111.91,91.15,217.6,2025,2025-06,Q2
ORD-001226,2025-06-25,Core,India,Direct,SMB,2,84.61,1.34,83.27,48.12,35.15,79.97,2025,2025-06,Q2
ORD-001227,2025-08-13,Premium,India,Online,Enterprise,6,774.57,31.19,743.38,356.65,386.73,831.44,2025,2025-08,Q3
ORD-001228,2026-01-11,Premium,UK,Partner,SMB,2,250.26,5.31,244.95,139.45,105.5,275.68,2026,2026-01,Q1
ORD-001229,2025-07-13,Enterprise,UAE,Online,SMB,9,2205.75,91.5,2114.25,983.79,1130.46,2163.84,2025,2025-07,Q3
ORD-001230,2025-01-25,Core,Germany,Direct,Mid-Market,3,129.94,9.45,120.49,57.18,63.31,127.64,2025,2025-01,Q1
ORD-001231,2025-09-03,Enterprise,UK,Partner,Enterprise,3,655.87,29.6,626.27,334.35,291.92,661.32,2025,2025-09,Q3
ORD-001232,2025-07-26,Premium,UK,Direct,SMB,4,454.59,31.87,422.72,234.85,187.87,442.32,2025,2025-07,Q3
ORD-001233,2026-01-27,Plus,US,Online,Mid-Market,3,223.78,0.46,223.32,127.05,96.27,210.53,2026,2026-01,Q1
ORD-001234,2025-12-15,Plus,India,Online,SMB,2,143.69,2.86,140.83,70.31,70.52,145.57,2025,2025-12,Q4
ORD-001235,2025-11-21,Plus,UAE,Online,Enterprise,3,243.77,6.41,237.36,110.31,127.05,255.97,2025,2025-11,Q4
ORD-001236,2026-04-30,Plus,UK,Direct,Enterprise,1,68.47,2.08,66.39,40.99,25.4,66.67,2026,2026-04,Q2
ORD-001237,2025-02-27,Premium,Germany,Online,Enterprise,2,257.3,8.17,249.13,148.79,100.34,254.18,2025,2025-02,Q1
ORD-001238,2026-01-13,Plus,UK,Online,Mid-Market,2,142.03,11.63,130.4,56.83,73.57,122.0,2026,2026-01,Q1
ORD-001239,2025-01-06,Premium,UK,Online,SMB,6,734.23,49.2,685.03,436.14,248.89,720.38,2025,2025-01,Q1
ORD-001240,2026-05-21,Core,Germany,Online,SMB,4,170.31,7.28,163.03,79.85,83.18,163.11,2026,2026-05,Q2
ORD-001241,2025-11-10,Enterprise,US,Direct,Mid-Market,1,233.26,16.13,217.13,111.75,105.38,200.18,2025,2025-11,Q4
ORD-001242,2025-09-30,Enterprise,US,Direct,Enterprise,1,243.6,1.3,242.3,138.87,103.43,249.77,2025,2025-09,Q3
ORD-001243,2026-03-06,Enterprise,UK,Online,Mid-Market,5,1081.55,28.42,1053.13,514.63,538.5,968.72,2026,2026-03,Q1
ORD-001244,2025-01-16,Enterprise,UK,Partner,Mid-Market,1,256.76,2.89,253.87,141.37,112.5,255.11,2025,2025-01,Q1
ORD-001245,2025-11-11,Core,US,Online,SMB,2,90.64,4.53,86.11,49.75,36.36,88.03,2025,2025-11,Q4
ORD-001246,2025-06-22,Premium,India,Direct,Enterprise,1,116.14,14.11,102.03,45.04,56.99,100.73,2025,2025-06,Q2
ORD-001247,2025-04-10,Plus,US,Online,SMB,2,161.91,2.01,159.9,95.17,64.73,175.34,2025,2025-04,Q2
ORD-001248,2025-12-12,Enterprise,UK,Direct,SMB,1,263.85,24.44,239.41,124.33,115.08,241.35,2025,2025-12,Q4
ORD-001249,2025-06-05,Premium,India,Direct,SMB,2,221.8,3.83,217.97,103.68,114.29,194.59,2025,2025-06,Q2
ORD-001250,2026-01-16,Core,UK,Online,Mid-Market,2,88.83,7.21,81.62,47.33,34.29,90.08,2026,2026-01,Q1
ORD-001251,2025-07-24,Enterprise,Germany,Partner,Enterprise,2,496.38,15.74,480.64,258.1,222.54,514.51,2025,2025-07,Q3
ORD-001252,2026-03-12,Premium,India,Direct,SMB,2,235.48,10.26,225.22,101.08,124.14,246.44,2026,2026-03,Q1
ORD-001253,2025-10-20,Core,India,Partner,Mid-Market,12,494.91,13.42,481.49,289.14,192.35,534.87,2025,2025-10,Q4
ORD-001254,2025-12-26,Core,Germany,Direct,Mid-Market,2,81.3,11.11,70.19,34.05,36.14,75.1,2025,2025-12,Q4
ORD-001255,2025-11-09,Plus,UAE,Partner,Enterprise,1,80.52,4.2,76.32,47.9,28.42,78.67,2025,2025-11,Q4
ORD-001256,2025-04-26,Premium,UK,Online,Mid-Market,7,888.78,61.13,827.65,367.28,460.37,728.51,2025,2025-04,Q2
ORD-001257,2025-08-31,Core,UK,Direct,Mid-Market,1,47.87,2.65,45.22,25.26,19.96,41.89,2025,2025-08,Q3
ORD-001258,2026-04-14,Premium,India,Direct,Mid-Market,2,247.44,1.5,245.94,134.64,111.3,269.72,2026,2026-04,Q2
ORD-001259,2025-06-13,Premium,UK,Direct,Mid-Market,3,391.01,21.08,369.93,193.38,176.55,390.28,2025,2025-06,Q2
ORD-001260,2026-05-16,Plus,UAE,Online,Mid-Market,4,299.85,12.76,287.09,188.57,98.52,257.7,2026,2026-05,Q2
ORD-001261,2026-03-19,Plus,UAE,Direct,Enterprise,2,138.81,4.12,134.69,69.98,64.71,146.0,2026,2026-03,Q1
ORD-001262,2025-02-10,Core,US,Direct,SMB,1,43.86,0.39,43.47,26.24,17.23,46.87,2025,2025-02,Q1
ORD-001263,2025-07-10,Core,US,Online,SMB,9,406.9,17.8,389.1,174.36,214.74,419.46,2025,2025-07,Q3
ORD-001264,2025-12-12,Plus,UK,Online,Enterprise,1,68.16,5.78,62.38,34.14,28.24,64.38,2025,2025-12,Q4
ORD-001265,2025-03-03,Core,India,Direct,Enterprise,1,40.68,1.72,38.96,25.54,13.42,38.49,2025,2025-03,Q1
ORD-001266,2026-06-07,Premium,India,Online,Enterprise,4,527.9,10.1,517.8,247.55,270.25,476.29,2026,2026-06,Q2
ORD-001267,2025-10-04,Core,UK,Partner,SMB,1,42.81,0.18,42.63,21.89,20.74,45.85,2025,2025-10,Q4
ORD-001268,2025-02-04,Premium,India,Direct,SMB,2,242.76,12.34,230.42,101.18,129.24,260.16,2025,2025-02,Q1
ORD-001269,2025-12-06,Core,UK,Direct,Mid-Market,2,96.09,3.4,92.69,59.03,33.66,104.95,2025,2025-12,Q4
ORD-001270,2025-07-05,Enterprise,India,Online,Enterprise,1,222.06,3.23,218.83,100.04,118.79,209.69,2025,2025-07,Q3
ORD-001271,2025-01-26,Premium,Germany,Direct,Enterprise,3,324.79,3.22,321.57,139.2,182.37,322.5,2025,2025-01,Q1
ORD-001272,2026-04-21,Core,India,Direct,Enterprise,1,48.85,0.32,48.53,28.56,19.97,45.66,2026,2026-04,Q2
ORD-001273,2025-10-21,Premium,India,Online,SMB,4,472.08,5.3,466.78,267.32,199.46,435.15,2025,2025-10,Q4
ORD-001274,2025-07-01,Core,UAE,Online,SMB,1,49.04,6.07,42.97,18.82,24.15,40.52,2025,2025-07,Q3
ORD-001275,2025-02-24,Plus,US,Direct,Mid-Market,2,164.23,7.44,156.79,72.39,84.4,146.8,2025,2025-02,Q1
ORD-001276,2026-03-14,Plus,UK,Partner,Mid-Market,1,80.68,5.6,75.08,48.19,26.89,66.32,2026,2026-03,Q1
ORD-001277,2025-02-10,Core,UAE,Partner,Mid-Market,1,45.69,4.01,41.68,21.38,20.3,47.36,2025,2025-02,Q1
ORD-001278,2025-06-27,Enterprise,UK,Direct,Enterprise,3,717.1,28.6,688.5,452.68,235.82,761.98,2025,2025-06,Q2
ORD-001279,2025-12-30,Plus,Germany,Online,SMB,3,247.26,12.88,234.38,134.53,99.85,212.8,2025,2025-12,Q4
ORD-001280,2025-09-15,Core,India,Online,SMB,2,85.9,7.22,78.68,35.1,43.58,72.05,2025,2025-09,Q3
ORD-001281,2026-04-05,Plus,India,Direct,SMB,3,243.57,1.18,242.39,102.59,139.8,270.62,2026,2026-04,Q2
ORD-001282,2025-06-09,Premium,UK,Online,Mid-Market,1,127.48,7.18,120.3,52.92,67.38,110.39,2025,2025-06,Q2
ORD-001283,2025-09-05,Premium,UK,Partner,Mid-Market,3,384.68,5.07,379.61,236.69,142.92,382.51,2025,2025-09,Q3
ORD-001284,2026-04-08,Premium,Germany,Online,Mid-Market,3,362.2,13.79,348.41,149.24,199.17,325.84,2026,2026-04,Q2
ORD-001285,2026-02-11,Core,US,Online,Mid-Market,3,126.96,7.69,119.27,63.49,55.78,129.59,2026,2026-02,Q1
ORD-001286,2025-01-28,Core,UK,Online,Enterprise,1,45.92,1.94,43.98,25.4,18.58,48.75,2025,2025-01,Q1
ORD-001287,2025-07-28,Premium,UK,Direct,Mid-Market,5,625.79,4.32,621.47,262.49,358.98,592.74,2025,2025-07,Q3
ORD-001288,2025-07-05,Enterprise,UK,Direct,SMB,3,746.19,9.41,736.78,329.07,407.71,741.76,2025,2025-07,Q3
ORD-001289,2026-02-14,Premium,UAE,Direct,SMB,1,127.01,2.12,124.89,78.86,46.03,110.42,2026,2026-02,Q1
ORD-001290,2025-04-07,Core,US,Direct,Mid-Market,1,49.24,1.51,47.73,25.78,21.95,54.18,2025,2025-04,Q2
ORD-001291,2025-10-29,Plus,UAE,Online,SMB,3,233.47,19.73,213.74,96.19,117.55,204.71,2025,2025-10,Q4
ORD-001292,2026-03-03,Core,India,Partner,Enterprise,5,219.28,3.35,215.93,120.54,95.39,231.78,2026,2026-03,Q1
ORD-001293,2026-01-11,Enterprise,UK,Online,Enterprise,3,736.94,5.31,731.63,477.71,253.92,676.32,2026,2026-01,Q1
ORD-001294,2026-01-23,Premium,UAE,Online,Mid-Market,2,220.6,2.67,217.93,100.85,117.08,247.11,2026,2026-01,Q1
ORD-001295,2025-12-04,Plus,UK,Direct,SMB,5,344.57,17.43,327.14,207.92,119.22,365.08,2025,2025-12,Q4
ORD-001296,2025-11-17,Core,UAE,Direct,Enterprise,6,249.13,23.34,225.79,120.55,105.24,200.07,2025,2025-11,Q4
ORD-001297,2026-04-18,Core,UK,Online,SMB,1,48.64,3.69,44.95,27.66,17.29,40.25,2026,2026-04,Q2
ORD-001298,2025-02-20,Enterprise,UK,Direct,Mid-Market,2,471.11,7.04,464.07,274.55,189.52,482.09,2025,2025-02,Q1
ORD-001299,2025-08-11,Core,US,Online,SMB,3,126.74,3.23,123.51,59.54,63.97,118.52,2025,2025-08,Q3
ORD-001300,2025-10-10,Enterprise,US,Online,Mid-Market,2,469.71,6.04,463.67,277.91,185.76,454.32,2025,2025-10,Q4
ORD-001301,2025-06-07,Core,UK,Direct,Mid-Market,4,163.94,3.99,159.95,67.77,92.18,163.63,2025,2025-06,Q2
ORD-001302,2025-09-03,Core,India,Direct,Enterprise,1,43.33,0.7,42.63,22.23,20.4,37.94,2025,2025-09,Q3
ORD-001303,2026-01-12,Plus,US,Partner,Enterprise,2,146.18,15.14,131.04,64.28,66.76,128.27,2026,2026-01,Q1
ORD-001304,2025-07-09,Premium,UK,Direct,SMB,2,232.99,16.41,216.58,102.69,113.89,236.84,2025,2025-07,Q3
ORD-001305,2025-10-26,Core,Germany,Direct,Enterprise,1,41.92,1.96,39.96,23.33,16.63,37.28,2025,2025-10,Q4
ORD-001306,2025-03-26,Enterprise,India,Online,SMB,2,481.72,8.63,473.09,290.45,182.64,433.99,2025,2025-03,Q1
ORD-001307,2026-04-14,Core,UK,Partner,Mid-Market,4,175.73,1.57,174.16,103.83,70.33,169.51,2026,2026-04,Q2
ORD-001308,2025-05-11,Core,UAE,Partner,Enterprise,3,148.13,10.77,137.36,67.24,70.12,148.34,2025,2025-05,Q2
ORD-001309,2026-05-11,Core,UAE,Partner,Enterprise,5,226.78,5.02,221.76,126.99,94.77,210.75,2026,2026-05,Q2
ORD-001310,2025-12-12,Premium,India,Direct,Enterprise,3,339.58,15.93,323.65,197.45,126.2,349.03,2025,2025-12,Q4
ORD-001311,2025-03-24,Core,India,Direct,Enterprise,1,46.65,0.28,46.37,23.36,23.01,44.41,2025,2025-03,Q1
ORD-001312,2026-04-11,Plus,Germany,Direct,Mid-Market,7,550.88,15.97,534.91,316.46,218.45,594.2,2026,2026-04,Q2
ORD-001313,2025-03-16,Core,UK,Partner,Enterprise,5,227.18,3.33,223.85,134.43,89.42,233.52,2025,2025-03,Q1
ORD-001314,2025-08-04,Core,India,Online,Mid-Market,2,84.11,5.83,78.28,39.93,38.35,88.46,2025,2025-08,Q3
ORD-001315,2025-10-18,Plus,UK,Online,Mid-Market,5,368.84,2.58,366.26,193.61,172.65,340.81,2025,2025-10,Q4
ORD-001316,2025-08-08,Core,UAE,Direct,Mid-Market,2,89.28,10.93,78.35,47.21,31.14,71.49,2025,2025-08,Q3
ORD-001317,2026-04-07,Premium,UK,Partner,SMB,4,453.72,13.77,439.95,186.18,253.77,468.13,2026,2026-04,Q2
ORD-001318,2026-02-01,Core,UK,Partner,Enterprise,2,94.84,0.7,94.14,55.65,38.49,97.31,2026,2026-02,Q1
ORD-001319,2026-07-28,Core,UK,Direct,SMB,2,85.59,1.62,83.97,37.14,46.83,74.72,2026,2026-07,Q3
ORD-001320,2026-04-27,Plus,India,Partner,Enterprise,2,161.65,6.75,154.9,67.06,87.84,158.99,2026,2026-04,Q2
ORD-001321,2025-05-29,Premium,UK,Partner,Mid-Market,2,242.42,3.59,238.83,138.1,100.73,229.66,2025,2025-05,Q2
ORD-001322,2026-01-07,Premium,UAE,Direct,SMB,2,223.74,6.09,217.65,140.83,76.82,194.54,2026,2026-01,Q1
ORD-001323,2025-11-26,Core,US,Online,Mid-Market,1,44.64,1.14,43.5,19.43,24.07,44.9,2025,2025-11,Q4
ORD-001324,2026-05-01,Premium,Germany,Online,Enterprise,5,649.64,62.63,587.01,337.99,249.02,592.26,2026,2026-05,Q2
ORD-001325,2025-01-17,Premium,UK,Online,SMB,1,110.83,7.15,103.68,56.92,46.76,107.92,2025,2025-01,Q1
ORD-001326,2026-04-27,Enterprise,India,Partner,Enterprise,2,520.09,2.29,517.8,297.39,220.41,515.97,2026,2026-04,Q2
ORD-001327,2025-02-21,Core,UK,Direct,Enterprise,3,145.07,5.78,139.29,61.98,77.31,127.12,2025,2025-02,Q1
ORD-001328,2026-04-28,Premium,India,Online,SMB,3,374.15,8.28,365.87,207.35,158.52,414.02,2026,2026-04,Q2
ORD-001329,2025-03-08,Core,UK,Direct,SMB,8,348.36,8.83,339.53,203.62,135.91,316.25,2025,2025-03,Q1
ORD-001330,2025-03-13,Premium,Germany,Direct,SMB,5,624.6,25.39,599.21,293.93,305.28,594.06,2025,2025-03,Q1
ORD-001331,2026-07-09,Plus,Germany,Partner,Mid-Market,1,69.58,5.91,63.67,35.04,28.63,62.52,2026,2026-07,Q3
ORD-001332,2026-05-09,Premium,US,Direct,SMB,6,748.33,51.35,696.98,396.03,300.95,674.24,2026,2026-05,Q2
ORD-001333,2026-05-04,Plus,UK,Direct,SMB,1,79.93,6.48,73.45,46.86,26.59,75.68,2026,2026-05,Q2
ORD-001334,2026-05-17,Core,US,Online,Enterprise,2,92.42,3.72,88.7,38.94,49.76,81.9,2026,2026-05,Q2
ORD-001335,2025-02-06,Core,UAE,Online,SMB,1,48.28,5.0,43.28,18.94,24.34,48.98,2025,2025-02,Q1
ORD-001336,2025-07-07,Premium,India,Online,Mid-Market,3,392.49,14.53,377.96,232.24,145.72,387.79,2025,2025-07,Q3
ORD-001337,2026-05-06,Premium,UAE,Online,SMB,3,329.82,47.32,282.5,121.47,161.03,320.55,2026,2026-05,Q2
ORD-001338,2025-08-13,Premium,Germany,Partner,Enterprise,18,2097.37,16.74,2080.63,1294.62,786.01,2044.94,2025,2025-08,Q3
ORD-001339,2025-09-18,Core,US,Direct,Mid-Market,2,98.91,1.8,97.11,49.88,47.23,87.29,2025,2025-09,Q3
ORD-001340,2025-12-04,Core,UK,Online,Mid-Market,1,47.99,2.96,45.03,23.13,21.9,45.62,2025,2025-12,Q4
ORD-001341,2026-06-17,Plus,US,Partner,SMB,6,467.3,24.26,443.04,256.98,186.06,440.11,2026,2026-06,Q2
ORD-001342,2025-04-26,Premium,UK,Direct,Enterprise,3,387.36,3.5,383.86,217.73,166.13,407.16,2025,2025-04,Q2
ORD-001343,2025-02-20,Core,UAE,Direct,Mid-Market,1,48.05,2.45,45.6,23.31,22.29,42.6,2025,2025-02,Q1
ORD-001344,2026-02-18,Plus,UAE,Partner,Enterprise,2,161.54,2.29,159.25,94.64,64.61,176.11,2026,2026-02,Q1
ORD-001345,2025-03-24,Enterprise,UK,Online,Mid-Market,1,229.46,11.65,217.81,105.28,112.53,219.72,2025,2025-03,Q1
ORD-001346,2025-07-02,Core,India,Direct,SMB,3,126.34,3.35,122.99,53.56,69.43,123.81,2025,2025-07,Q3
ORD-001347,2026-04-01,Premium,UAE,Online,Mid-Market,2,243.89,10.52,233.37,102.7,130.67,238.0,2026,2026-04,Q2
ORD-001348,2025-03-16,Premium,UK,Direct,Enterprise,2,261.33,5.47,255.86,151.25,104.61,262.55,2025,2025-03,Q1
ORD-001349,2025-09-18,Enterprise,India,Partner,Mid-Market,1,218.81,3.84,214.97,96.35,118.62,238.02,2025,2025-09,Q3
ORD-001350,2025-12-14,Enterprise,UAE,Direct,SMB,1,230.07,23.96,206.11,112.25,93.86,203.62,2025,2025-12,Q4
ORD-001351,2026-06-29,Core,Germany,Partner,SMB,1,42.75,1.03,41.72,20.34,21.38,39.7,2026,2026-06,Q2
ORD-001352,2025-06-28,Enterprise,UK,Direct,Mid-Market,4,877.67,65.41,812.26,529.7,282.56,757.34,2025,2025-06,Q2
ORD-001353,2026-03-10,Plus,UAE,Direct,SMB,1,71.01,2.77,68.24,35.98,32.26,71.91,2026,2026-03,Q1
ORD-001354,2025-02-10,Enterprise,UK,Direct,Mid-Market,1,256.77,14.24,242.53,162.01,80.52,219.67,2025,2025-02,Q1
ORD-001355,2026-02-25,Core,India,Direct,Enterprise,5,221.6,4.76,216.84,95.74,121.1,234.18,2026,2026-02,Q1
ORD-001356,2026-05-14,Premium,UAE,Online,SMB,2,239.47,14.76,224.71,141.49,83.22,222.61,2026,2026-05,Q2
ORD-001357,2025-07-01,Enterprise,Germany,Online,SMB,2,464.14,10.69,453.45,229.69,223.76,505.3,2025,2025-07,Q3
ORD-001358,2025-03-11,Core,US,Online,SMB,1,44.41,1.92,42.49,26.26,16.23,43.89,2025,2025-03,Q1
ORD-001359,2025-05-29,Premium,UAE,Direct,Enterprise,2,243.81,1.67,242.14,130.05,112.09,267.33,2025,2025-05,Q2
ORD-001360,2025-11-03,Premium,UAE,Partner,Enterprise,2,219.78,9.93,209.85,132.71,77.14,193.4,2025,2025-11,Q4
ORD-001361,2026-04-18,Plus,India,Online,SMB,2,160.78,7.01,153.77,96.47,57.3,174.84,2026,2026-04,Q2
ORD-001362,2025-06-27,Plus,UK,Direct,SMB,2,154.49,13.02,141.47,80.12,61.35,139.09,2025,2025-06,Q2
ORD-001363,2025-06-10,Premium,US,Direct,Enterprise,1,112.11,17.45,94.66,50.82,43.84,99.5,2025,2025-06,Q2
ORD-001364,2025-03-11,Premium,India,Online,SMB,1,123.83,4.56,119.27,74.44,44.83,135.67,2025,2025-03,Q1
ORD-001365,2025-01-16,Core,UK,Online,Enterprise,1,41.53,4.1,37.43,24.03,13.4,38.51,2025,2025-01,Q1
ORD-001366,2025-01-25,Plus,UK,Online,Enterprise,2,143.19,3.47,139.72,64.58,75.14,149.27,2025,2025-01,Q1
ORD-001367,2025-01-06,Core,US,Online,Enterprise,6,274.18,2.78,271.4,135.13,136.27,283.76,2025,2025-01,Q1
ORD-001368,2025-04-10,Plus,Germany,Online,SMB,3,207.75,3.84,203.91,116.09,87.82,214.61,2025,2025-04,Q2
ORD-001369,2026-04-22,Premium,UK,Direct,SMB,1,130.06,8.38,121.68,79.53,42.15,115.24,2026,2026-04,Q2
ORD-001370,2025-01-28,Premium,India,Partner,SMB,3,336.96,26.86,310.1,179.47,130.63,328.62,2025,2025-01,Q1
ORD-001371,2025-08-17,Plus,UK,Direct,Enterprise,8,589.23,27.79,561.44,236.33,325.11,634.49,2025,2025-08,Q3
ORD-001372,2025-01-16,Enterprise,UK,Online,SMB,2,515.74,5.73,510.01,242.04,267.97,481.94,2025,2025-01,Q1
ORD-001373,2025-11-16,Plus,UK,Direct,Enterprise,1,69.28,2.72,66.56,40.06,26.5,60.07,2025,2025-11,Q4
ORD-001374,2026-05-07,Premium,UK,Direct,Mid-Market,1,123.15,4.24,118.91,74.78,44.13,121.92,2026,2026-05,Q2
ORD-001375,2025-06-10,Plus,Germany,Online,Mid-Market,1,80.27,3.42,76.85,38.86,37.99,80.07,2025,2025-06,Q2
ORD-001376,2025-11-25,Core,UAE,Direct,SMB,2,87.35,1.57,85.78,48.89,36.89,89.1,2025,2025-11,Q4
ORD-001377,2026-01-04,Enterprise,India,Direct,Enterprise,1,261.35,7.77,253.58,151.0,102.58,276.59,2026,2026-01,Q1
ORD-001378,2025-09-13,Enterprise,UK,Online,Enterprise,3,718.12,46.89,671.23,292.83,378.4,605.55,2025,2025-09,Q3
ORD-001379,2025-04-21,Plus,UK,Online,Enterprise,6,466.44,13.3,453.14,291.84,161.3,461.19,2025,2025-04,Q2
ORD-001380,2026-06-01,Plus,UK,Direct,Enterprise,2,154.37,4.37,150.0,83.77,66.23,163.61,2026,2026-06,Q2
ORD-001381,2026-07-30,Core,India,Direct,Mid-Market,4,163.18,12.06,151.12,99.84,51.28,160.48,2026,2026-07,Q3
ORD-001382,2025-03-09,Plus,US,Direct,Mid-Market,8,549.77,42.89,506.88,225.43,281.45,478.07,2025,2025-03,Q1
ORD-001383,2025-02-13,Plus,UK,Partner,Mid-Market,2,157.88,5.76,152.12,94.74,57.38,141.88,2025,2025-02,Q1
ORD-001384,2025-03-08,Enterprise,US,Direct,SMB,2,470.38,2.02,468.36,224.13,244.23,532.05,2025,2025-03,Q1
ORD-001385,2025-02-22,Premium,UK,Partner,Enterprise,2,225.46,0.3,225.16,111.3,113.86,244.09,2025,2025-02,Q1
ORD-001386,2025-11-17,Core,India,Direct,SMB,1,40.71,4.03,36.68,15.92,20.76,39.45,2025,2025-11,Q4
ORD-001387,2025-04-25,Plus,India,Partner,SMB,5,374.57,22.69,351.88,214.03,137.85,369.05,2025,2025-04,Q2
ORD-001388,2025-10-14,Enterprise,Germany,Partner,SMB,2,484.72,27.54,457.18,228.85,228.33,484.35,2025,2025-10,Q4
ORD-001389,2026-01-05,Enterprise,Germany,Direct,SMB,3,716.28,31.02,685.26,343.88,341.38,666.78,2026,2026-01,Q1
ORD-001390,2025-11-15,Enterprise,US,Online,SMB,2,445.7,43.92,401.78,211.43,190.35,449.59,2025,2025-11,Q4
ORD-001391,2025-10-08,Premium,UK,Direct,SMB,2,261.37,4.11,257.26,153.77,103.49,261.15,2025,2025-10,Q4
ORD-001392,2026-06-16,Enterprise,India,Direct,SMB,1,222.31,0.02,222.29,103.08,119.21,215.13,2026,2026-06,Q2
ORD-001393,2026-04-21,Core,India,Direct,SMB,3,139.23,0.99,138.24,89.01,49.23,149.76,2026,2026-04,Q2
ORD-001394,2025-04-08,Premium,Germany,Direct,SMB,2,222.58,16.23,206.35,94.45,111.9,188.61,2025,2025-04,Q2
ORD-001395,2026-06-06,Plus,UAE,Direct,Mid-Market,2,150.91,7.75,143.16,64.07,79.09,130.42,2026,2026-06,Q2
ORD-001396,2025-03-16,Enterprise,UK,Partner,SMB,2,463.74,39.63,424.11,179.72,244.39,476.3,2025,2025-03,Q1
ORD-001397,2026-05-15,Premium,India,Online,Mid-Market,2,247.04,9.53,237.51,108.02,129.49,226.22,2026,2026-05,Q2
ORD-001398,2025-02-13,Core,Germany,Online,Mid-Market,2,95.0,4.12,90.88,43.66,47.22,85.17,2025,2025-02,Q1
ORD-001399,2025-07-18,Plus,US,Online,SMB,7,515.79,5.93,509.86,215.63,294.23,477.87,2025,2025-07,Q3
ORD-001400,2026-01-17,Enterprise,India,Online,Enterprise,4,905.03,77.78,827.25,392.69,434.56,891.9,2026,2026-01,Q1
ORD-001401,2025-04-24,Core,India,Direct,Mid-Market,1,41.99,0.3,41.69,25.69,16.0,38.31,2025,2025-04,Q2
ORD-001402,2026-06-16,Enterprise,UK,Online,Enterprise,1,235.57,0.61,234.96,120.54,114.42,221.58,2026,2026-06,Q2
ORD-001403,2025-11-18,Enterprise,UK,Direct,SMB,3,728.37,15.64,712.73,413.11,299.62,638.03,2025,2025-11,Q4
ORD-001404,2026-04-14,Premium,UK,Online,SMB,5,606.24,27.04,579.2,260.05,319.15,656.35,2026,2026-04,Q2
ORD-001405,2025-06-26,Core,Germany,Online,Mid-Market,1,42.18,0.49,41.69,21.42,20.27,46.52,2025,2025-06,Q2
ORD-001406,2026-07-17,Plus,UK,Direct,SMB,3,241.42,8.76,232.66,144.09,88.57,228.98,2026,2026-07,Q3
ORD-001407,2025-01-15,Plus,India,Partner,SMB,2,148.51,16.38,132.13,61.6,70.53,145.0,2025,2025-01,Q1
ORD-001408,2025-08-06,Plus,Germany,Partner,SMB,3,240.67,1.72,238.95,150.44,88.51,211.02,2025,2025-08,Q3
ORD-001409,2025-07-13,Enterprise,UK,Partner,Enterprise,4,1031.29,10.77,1020.52,468.78,551.74,1150.96,2025,2025-07,Q3
ORD-001410,2026-05-11,Plus,UK,Direct,SMB,1,69.41,0.32,69.09,41.07,28.02,65.33,2026,2026-05,Q2
ORD-001411,2026-06-06,Core,Germany,Direct,Mid-Market,3,135.64,1.05,134.59,67.85,66.74,130.17,2026,2026-06,Q2
ORD-001412,2026-01-19,Premium,US,Partner,Mid-Market,8,880.16,16.73,863.43,514.24,349.19,938.39,2026,2026-01,Q1
ORD-001413,2026-02-28,Core,UK,Online,Enterprise,9,377.41,23.94,353.47,178.76,174.71,386.26,2026,2026-02,Q1
ORD-001414,2025-05-17,Plus,US,Direct,SMB,1,73.44,0.2,73.24,34.0,39.24,70.91,2025,2025-05,Q2
ORD-001415,2026-05-25,Core,UK,Online,SMB,2,95.78,1.13,94.65,58.58,36.07,100.11,2026,2026-05,Q2
ORD-001416,2025-04-16,Premium,India,Partner,Mid-Market,4,461.05,10.77,450.28,213.26,237.02,498.7,2025,2025-04,Q2
ORD-001417,2025-01-09,Plus,UAE,Direct,Mid-Market,1,82.43,5.47,76.96,42.62,34.34,77.71,2025,2025-01,Q1
ORD-001418,2025-12-18,Premium,India,Online,Mid-Market,2,263.49,1.75,261.74,150.74,111.0,255.17,2025,2025-12,Q4
ORD-001419,2025-09-26,Core,UAE,Direct,Mid-Market,2,86.12,4.29,81.83,45.57,36.26,84.99,2025,2025-09,Q3
ORD-001420,2026-04-14,Premium,UK,Online,Enterprise,9,1079.92,53.61,1026.31,667.97,358.34,1112.92,2026,2026-04,Q2
ORD-001421,2025-09-28,Enterprise,US,Direct,Mid-Market,1,218.95,10.25,208.7,116.47,92.23,206.03,2025,2025-09,Q3
ORD-001422,2026-02-25,Premium,UK,Partner,Mid-Market,7,876.83,34.25,842.58,469.31,373.27,777.54,2026,2026-02,Q1
ORD-001423,2026-04-18,Enterprise,India,Online,Enterprise,4,968.78,30.03,938.75,583.22,355.53,948.59,2026,2026-04,Q2
ORD-001424,2025-03-17,Plus,India,Online,Mid-Market,2,137.74,3.12,134.62,65.98,68.64,129.67,2025,2025-03,Q1
ORD-001425,2026-07-18,Plus,UAE,Direct,SMB,3,222.05,1.44,220.61,110.76,109.85,237.49,2026,2026-07,Q3
ORD-001426,2026-03-19,Plus,UK,Direct,SMB,3,239.3,14.83,224.47,99.54,124.93,252.85,2026,2026-03,Q1
ORD-001427,2026-06-04,Core,India,Direct,Enterprise,4,176.99,15.9,161.09,96.66,64.43,151.86,2026,2026-06,Q2
ORD-001428,2026-02-13,Core,Germany,Partner,Enterprise,6,294.21,14.07,280.14,119.98,160.16,317.79,2026,2026-02,Q1
ORD-001429,2025-06-10,Core,UAE,Direct,Mid-Market,2,94.4,2.41,91.99,59.84,32.15,80.96,2025,2025-06,Q2
ORD-001430,2025-07-22,Premium,India,Partner,Mid-Market,3,387.36,30.26,357.1,200.09,157.01,330.42,2025,2025-07,Q3
ORD-001431,2025-11-25,Enterprise,UAE,Direct,Enterprise,4,916.54,5.39,911.15,434.65,476.5,921.94,2025,2025-11,Q4
ORD-001432,2025-08-30,Premium,UAE,Direct,Mid-Market,3,376.12,15.86,360.26,160.57,199.69,340.94,2025,2025-08,Q3
ORD-001433,2025-07-21,Core,UAE,Online,SMB,4,197.65,3.7,193.95,86.54,107.41,199.05,2025,2025-07,Q3
ORD-001434,2025-06-03,Enterprise,Germany,Online,Enterprise,4,946.5,5.94,940.56,629.39,311.17,918.17,2025,2025-06,Q2
ORD-001435,2025-07-27,Enterprise,Germany,Online,SMB,1,236.4,19.77,216.63,125.41,91.22,199.53,2025,2025-07,Q3
ORD-001436,2025-02-05,Premium,Germany,Partner,SMB,1,125.14,8.92,116.22,65.47,50.75,110.35,2025,2025-02,Q1
ORD-001437,2026-04-01,Core,US,Direct,Mid-Market,1,43.87,3.2,40.67,20.8,19.87,44.14,2026,2026-04,Q2
ORD-001438,2025-12-02,Plus,Germany,Direct,Enterprise,2,139.13,0.86,138.27,84.55,53.72,157.56,2025,2025-12,Q4
ORD-001439,2025-01-08,Plus,UK,Direct,Mid-Market,2,135.76,1.62,134.14,67.26,66.88,151.15,2025,2025-01,Q1
ORD-001440,2026-07-31,Core,UK,Direct,Mid-Market,1,42.73,2.38,40.35,25.49,14.86,39.36,2026,2026-07,Q3
ORD-001441,2025-07-23,Plus,Germany,Direct,Mid-Market,1,81.45,7.57,73.88,34.36,39.52,76.15,2025,2025-07,Q3
ORD-001442,2025-05-05,Plus,UK,Partner,SMB,2,136.46,13.39,123.07,73.92,49.15,123.78,2025,2025-05,Q2
ORD-001443,2025-10-08,Core,UAE,Online,Mid-Market,2,93.85,1.31,92.54,48.28,44.26,101.05,2025,2025-10,Q4
ORD-001444,2025-04-29,Core,UAE,Online,Enterprise,4,167.75,2.44,165.31,75.33,89.98,168.42,2025,2025-04,Q2
ORD-001445,2025-06-23,Premium,India,Direct,Enterprise,3,327.35,16.54,310.81,157.2,153.61,340.04,2025,2025-06,Q2
ORD-001446,2026-05-26,Enterprise,UK,Direct,Enterprise,2,479.31,1.23,478.08,215.91,262.17,484.7,2026,2026-05,Q2
ORD-001447,2026-02-07,Plus,Germany,Direct,Mid-Market,3,229.22,5.78,223.44,130.14,93.3,230.63,2026,2026-02,Q1
ORD-001448,2025-10-29,Plus,UK,Direct,SMB,1,75.79,0.78,75.01,49.99,25.02,78.72,2025,2025-10,Q4
ORD-001449,2025-10-18,Enterprise,UAE,Direct,Enterprise,3,700.41,42.8,657.61,402.4,255.21,620.06,2025,2025-10,Q4
ORD-001450,2025-11-11,Premium,UK,Online,SMB,1,121.37,6.62,114.75,71.08,43.67,104.77,2025,2025-11,Q4
ORD-001451,2026-03-18,Core,UK,Partner,Mid-Market,2,97.4,10.26,87.14,38.57,48.57,86.29,2026,2026-03,Q1
ORD-001452,2025-02-22,Premium,UK,Direct,Mid-Market,7,796.02,7.12,788.9,488.71,300.19,733.5,2025,2025-02,Q1
ORD-001453,2025-02-12,Premium,US,Direct,SMB,4,505.02,14.59,490.43,327.38,163.05,449.97,2025,2025-02,Q1
ORD-001454,2026-04-01,Enterprise,UK,Direct,SMB,3,665.91,69.53,596.38,256.94,339.44,558.31,2026,2026-04,Q2
ORD-001455,2025-06-17,Premium,UK,Partner,SMB,5,606.53,46.46,560.07,302.02,258.05,501.21,2025,2025-06,Q2
ORD-001456,2025-03-29,Enterprise,US,Direct,SMB,1,240.23,14.01,226.22,113.9,112.32,249.95,2025,2025-03,Q1
ORD-001457,2026-02-06,Enterprise,India,Direct,Enterprise,3,687.75,9.88,677.87,397.06,280.81,716.8,2026,2026-02,Q1
ORD-001458,2025-01-17,Plus,UAE,Online,SMB,1,67.6,1.87,65.73,35.87,29.86,67.92,2025,2025-01,Q1
ORD-001459,2026-03-14,Premium,UAE,Online,Mid-Market,1,128.18,16.73,111.45,53.36,58.09,103.96,2026,2026-03,Q1
ORD-001460,2026-03-06,Plus,US,Partner,SMB,3,236.21,2.86,233.35,120.89,112.46,265.61,2026,2026-03,Q1
ORD-001461,2026-06-14,Core,India,Direct,Enterprise,4,184.78,15.1,169.68,110.15,59.53,169.83,2026,2026-06,Q2
ORD-001462,2025-01-12,Premium,US,Online,Enterprise,2,216.63,3.18,213.45,107.97,105.48,221.55,2025,2025-01,Q1
ORD-001463,2025-01-24,Premium,Germany,Partner,SMB,2,231.84,7.27,224.57,118.76,105.81,221.44,2025,2025-01,Q1
ORD-001464,2025-12-31,Premium,UAE,Partner,Mid-Market,3,336.99,1.5,335.49,181.44,154.05,364.24,2025,2025-12,Q4
ORD-001465,2025-03-14,Plus,UAE,Direct,Mid-Market,1,73.6,7.13,66.47,32.76,33.71,71.18,2025,2025-03,Q1
ORD-001466,2025-09-15,Premium,Germany,Direct,SMB,3,370.86,14.31,356.55,153.81,202.74,378.41,2025,2025-09,Q3
ORD-001467,2025-05-04,Core,US,Partner,Mid-Market,5,223.68,2.22,221.46,94.16,127.3,242.82,2025,2025-05,Q2
ORD-001468,2025-04-11,Premium,Germany,Direct,SMB,2,252.55,9.39,243.16,150.55,92.61,245.63,2025,2025-04,Q2
ORD-001469,2026-02-28,Plus,UK,Partner,Enterprise,2,139.43,0.8,138.63,82.78,55.85,143.33,2026,2026-02,Q1
ORD-001470,2026-05-25,Premium,US,Online,SMB,1,113.78,3.87,109.91,51.76,58.15,102.76,2026,2026-05,Q2
ORD-001471,2026-02-16,Premium,US,Partner,Mid-Market,1,131.02,11.04,119.98,61.12,58.86,125.56,2026,2026-02,Q1
ORD-001472,2025-12-06,Premium,UK,Online,Enterprise,5,609.49,6.7,602.79,387.58,215.21,650.62,2025,2025-12,Q4
ORD-001473,2025-06-22,Plus,UK,Direct,Enterprise,2,139.24,12.07,127.17,68.32,58.85,131.06,2025,2025-06,Q2
ORD-001474,2025-11-22,Enterprise,UK,Partner,Enterprise,5,1148.86,37.71,1111.15,605.11,506.04,1192.12,2025,2025-11,Q4
ORD-001475,2026-02-24,Plus,US,Direct,Enterprise,3,214.93,2.01,212.92,111.6,101.32,226.39,2026,2026-02,Q1
ORD-001476,2025-03-08,Core,Germany,Online,Mid-Market,1,46.57,1.24,45.33,24.83,20.5,43.92,2025,2025-03,Q1
ORD-001477,2025-07-07,Core,UK,Online,Mid-Market,1,44.05,1.72,42.33,18.4,23.93,38.41,2025,2025-07,Q3
ORD-001478,2025-11-25,Plus,UAE,Online,SMB,1,67.65,2.3,65.35,42.9,22.45,62.45,2025,2025-11,Q4
ORD-001479,2025-09-19,Core,US,Partner,SMB,5,217.08,21.58,195.5,125.14,70.36,214.17,2025,2025-09,Q3
ORD-001480,2026-02-09,Premium,UK,Direct,Mid-Market,6,767.4,21.27,746.13,348.17,397.96,751.21,2026,2026-02,Q1
ORD-001481,2025-12-02,Premium,UK,Online,Enterprise,3,358.15,36.49,321.66,140.55,181.11,358.7,2025,2025-12,Q4
ORD-001482,2026-01-11,Core,India,Partner,SMB,3,134.2,11.73,122.47,68.76,53.71,123.16,2026,2026-01,Q1
ORD-001483,2025-12-19,Premium,US,Direct,Enterprise,2,261.05,39.55,221.5,117.07,104.43,228.26,2025,2025-12,Q4
ORD-001484,2025-07-14,Plus,India,Direct,Enterprise,9,669.87,51.35,618.52,331.58,286.94,696.96,2025,2025-07,Q3
ORD-001485,2025-12-09,Premium,US,Partner,Mid-Market,2,222.98,15.61,207.37,91.92,115.45,212.3,2025,2025-12,Q4
ORD-001486,2025-02-19,Enterprise,India,Direct,Mid-Market,3,673.08,71.11,601.97,330.71,271.26,561.88,2025,2025-02,Q1
ORD-001487,2026-03-10,Core,India,Direct,Enterprise,5,220.09,14.2,205.89,130.94,74.95,199.48,2026,2026-03,Q1
ORD-001488,2025-10-27,Plus,India,Online,SMB,1,71.73,2.15,69.58,32.54,37.04,73.92,2025,2025-10,Q4
ORD-001489,2025-12-01,Core,US,Direct,Enterprise,2,92.25,3.43,88.82,48.67,40.15,92.31,2025,2025-12,Q4
ORD-001490,2026-02-17,Plus,UK,Partner,Enterprise,5,378.03,54.73,323.3,190.39,132.91,353.81,2026,2026-02,Q1
ORD-001491,2026-05-04,Plus,Germany,Direct,SMB,1,80.67,2.7,77.97,46.27,31.7,86.66,2026,2026-05,Q2
ORD-001492,2025-07-17,Premium,UK,Partner,SMB,1,114.4,7.78,106.62,47.89,58.73,104.6,2025,2025-07,Q3
ORD-001493,2025-09-26,Core,US,Direct,Mid-Market,2,94.72,1.38,93.34,57.09,36.25,82.82,2025,2025-09,Q3
ORD-001494,2025-04-07,Enterprise,India,Online,Mid-Market,4,1033.48,3.47,1030.01,506.78,523.23,1002.79,2025,2025-04,Q2
ORD-001495,2026-07-26,Core,India,Online,Enterprise,2,90.94,5.21,85.73,42.05,43.68,94.32,2026,2026-07,Q3
ORD-001496,2025-08-26,Premium,UK,Partner,SMB,2,254.31,3.95,250.36,150.69,99.67,243.96,2025,2025-08,Q3
ORD-001497,2025-07-20,Plus,India,Online,Mid-Market,3,242.74,9.33,233.41,125.65,107.76,230.57,2025,2025-07,Q3
ORD-001498,2025-04-01,Plus,UK,Partner,Enterprise,1,81.13,3.05,78.08,45.2,32.88,74.5,2025,2025-04,Q2
ORD-001499,2026-05-14,Core,UAE,Partner,Enterprise,2,84.05,4.46,79.59,41.94,37.65,88.01,2026,2026-05,Q2
ORD-001500,2025-06-08,Premium,Germany,Online,SMB,4,435.14,0.61,434.53,252.96,181.57,436.99,2025,2025-06,Q2
ORD-001501,2026-07-31,Plus,UK,Online,Enterprise,3,228.13,1.89,226.24,97.33,128.91,203.26,2026,2026-07,Q3
ORD-001502,2025-08-11,Core,UK,Partner,Enterprise,12,494.23,5.02,489.21,213.18,276.03,502.88,2025,2025-08,Q3
ORD-001503,2026-07-10,Plus,US,Direct,Enterprise,3,239.1,8.85,230.25,105.0,125.25,203.67,2026,2026-07,Q3
ORD-001504,2025-05-26,Premium,UAE,Direct,Mid-Market,5,602.81,34.52,568.29,323.13,245.16,637.92,2025,2025-05,Q2
ORD-001505,2026-04-08,Core,India,Direct,SMB,7,330.34,14.63,315.71,134.7,181.01,281.59,2026,2026-04,Q2
ORD-001506,2026-03-20,Premium,UK,Partner,SMB,3,338.83,13.66,325.17,187.02,138.15,354.69,2026,2026-03,Q1
ORD-001507,2026-04-10,Plus,Germany,Direct,SMB,8,642.76,8.49,634.27,316.78,317.49,568.78,2026,2026-04,Q2
ORD-001508,2025-11-24,Premium,UK,Direct,Enterprise,2,261.44,30.74,230.7,131.05,99.65,214.4,2025,2025-11,Q4
ORD-001509,2026-03-23,Enterprise,US,Online,Mid-Market,1,248.83,10.35,238.48,123.86,114.62,227.51,2026,2026-03,Q1
ORD-001510,2025-09-18,Core,US,Direct,Mid-Market,2,88.64,0.85,87.79,49.17,38.62,84.16,2025,2025-09,Q3
ORD-001511,2026-02-28,Enterprise,Germany,Direct,Enterprise,3,758.86,3.33,755.53,351.72,403.81,714.1,2026,2026-02,Q1
ORD-001512,2026-07-11,Enterprise,India,Partner,SMB,2,500.09,23.79,476.3,251.38,224.92,535.86,2026,2026-07,Q3
ORD-001513,2025-02-06,Core,UK,Partner,Mid-Market,5,223.39,15.71,207.68,137.73,69.95,236.38,2025,2025-02,Q1
ORD-001514,2026-01-01,Enterprise,UK,Partner,SMB,3,734.39,58.03,676.36,353.63,322.73,679.18,2026,2026-01,Q1
ORD-001515,2026-07-29,Plus,UK,Partner,SMB,3,230.86,0.95,229.91,152.54,77.37,241.14,2026,2026-07,Q3
ORD-001516,2025-04-02,Core,UAE,Online,SMB,6,277.39,10.73,266.66,161.66,105.0,266.49,2025,2025-04,Q2
ORD-001517,2026-06-28,Premium,India,Online,SMB,5,630.73,13.99,616.74,407.74,209.0,572.09,2026,2026-06,Q2
ORD-001518,2025-10-27,Premium,India,Direct,SMB,7,803.3,19.35,783.95,363.43,420.52,869.69,2025,2025-10,Q4
ORD-001519,2025-05-02,Plus,US,Direct,SMB,9,682.96,5.11,677.85,316.5,361.35,691.77,2025,2025-05,Q2
ORD-001520,2025-02-24,Premium,US,Online,SMB,3,375.96,16.21,359.75,200.24,159.51,374.08,2025,2025-02,Q1
ORD-001521,2025-06-30,Core,US,Direct,Mid-Market,1,48.56,1.78,46.78,20.95,25.83,44.98,2025,2025-06,Q2
ORD-001522,2025-06-09,Core,Germany,Direct,Enterprise,1,41.35,3.37,37.98,18.23,19.75,38.7,2025,2025-06,Q2
ORD-001523,2025-05-13,Core,UK,Direct,Enterprise,1,44.72,2.15,42.57,28.36,14.21,45.2,2025,2025-05,Q2
ORD-001524,2025-10-23,Core,UK,Partner,Enterprise,7,331.66,10.93,320.73,197.19,123.54,329.54,2025,2025-10,Q4
ORD-001525,2025-01-17,Enterprise,UK,Direct,Mid-Market,3,762.1,68.61,693.49,363.38,330.11,675.56,2025,2025-01,Q1
ORD-001526,2025-04-17,Plus,US,Online,Mid-Market,3,218.18,16.82,201.36,87.71,113.65,179.47,2025,2025-04,Q2
ORD-001527,2026-06-14,Premium,India,Direct,SMB,1,127.72,1.22,126.5,55.93,70.57,138.85,2026,2026-06,Q2
ORD-001528,2025-12-31,Plus,UK,Direct,Enterprise,3,246.62,32.55,214.07,132.18,81.89,234.65,2025,2025-12,Q4
ORD-001529,2025-11-05,Plus,India,Online,Enterprise,2,157.0,16.3,140.7,59.41,81.29,131.62,2025,2025-11,Q4
ORD-001530,2026-04-27,Premium,UAE,Direct,Mid-Market,2,256.63,2.03,254.6,137.46,117.14,245.72,2026,2026-04,Q2
ORD-001531,2026-03-11,Premium,India,Direct,Enterprise,3,335.5,7.0,328.5,205.99,122.51,334.96,2026,2026-03,Q1
ORD-001532,2025-12-03,Core,US,Partner,Mid-Market,6,256.47,21.84,234.63,110.9,123.73,254.14,2025,2025-12,Q4
ORD-001533,2026-02-22,Enterprise,UK,Partner,Mid-Market,4,931.86,83.91,847.95,454.91,393.04,790.13,2026,2026-02,Q1
ORD-001534,2025-07-10,Premium,Germany,Direct,SMB,7,923.47,7.65,915.82,601.99,313.83,861.35,2025,2025-07,Q3
ORD-001535,2025-07-22,Plus,India,Partner,SMB,1,76.75,1.94,74.81,33.29,41.52,81.53,2025,2025-07,Q3
ORD-001536,2025-05-12,Core,UK,Direct,SMB,3,143.29,1.47,141.82,93.27,48.55,144.78,2025,2025-05,Q2
ORD-001537,2025-11-12,Plus,Germany,Direct,SMB,3,243.11,0.37,242.74,119.55,123.19,232.2,2025,2025-11,Q4
ORD-001538,2025-08-24,Plus,US,Partner,Enterprise,5,368.67,4.24,364.43,229.6,134.83,386.61,2025,2025-08,Q3
ORD-001539,2026-02-02,Plus,UK,Direct,SMB,5,369.27,29.75,339.52,208.14,131.38,332.32,2026,2026-02,Q1
ORD-001540,2025-04-10,Premium,US,Partner,Enterprise,3,392.29,7.21,385.08,162.03,223.05,428.12,2025,2025-04,Q2
ORD-001541,2026-05-30,Core,US,Direct,SMB,7,289.15,4.3,284.85,171.07,113.78,312.47,2026,2026-05,Q2
ORD-001542,2025-02-20,Premium,India,Partner,Enterprise,3,347.44,18.85,328.59,183.55,145.04,319.66,2025,2025-02,Q1
ORD-001543,2025-09-04,Core,Germany,Partner,SMB,1,48.17,4.39,43.78,19.66,24.12,45.16,2025,2025-09,Q3
ORD-001544,2026-05-27,Premium,US,Direct,Mid-Market,5,553.05,19.41,533.64,277.19,256.45,567.79,2026,2026-05,Q2
ORD-001545,2025-07-02,Core,US,Online,Enterprise,2,94.65,3.8,90.85,43.76,47.09,85.15,2025,2025-07,Q3
ORD-001546,2025-10-11,Plus,India,Online,Enterprise,3,209.15,15.44,193.71,101.8,91.91,200.69,2025,2025-10,Q4
ORD-001547,2026-03-07,Plus,UAE,Direct,Mid-Market,2,135.4,10.08,125.32,61.3,64.02,116.87,2026,2026-03,Q1
ORD-001548,2025-05-20,Plus,India,Direct,SMB,4,311.62,12.79,298.83,176.73,122.1,321.83,2025,2025-05,Q2
ORD-001549,2026-04-05,Enterprise,UAE,Online,Enterprise,1,252.84,8.02,244.82,132.68,112.14,265.73,2026,2026-04,Q2
ORD-001550,2026-07-08,Plus,UK,Direct,Mid-Market,4,321.45,10.89,310.56,196.63,113.93,283.93,2026,2026-07,Q3
ORD-001551,2025-06-05,Premium,UAE,Direct,Mid-Market,3,335.83,9.9,325.93,212.84,113.09,361.17,2025,2025-06,Q2
ORD-001552,2025-08-20,Plus,UK,Direct,SMB,2,158.33,0.86,157.47,76.14,81.33,177.31,2025,2025-08,Q3
ORD-001553,2026-02-03,Enterprise,US,Online,Mid-Market,8,1998.06,37.59,1960.47,992.65,967.82,1899.33,2026,2026-02,Q1
ORD-001554,2026-06-17,Plus,UK,Online,SMB,4,273.86,48.15,225.71,118.41,107.3,224.34,2026,2026-06,Q2
ORD-001555,2025-07-03,Premium,India,Partner,Enterprise,2,253.71,12.8,240.91,139.91,101.0,240.62,2025,2025-07,Q3
ORD-001556,2025-09-15,Premium,India,Direct,Mid-Market,1,126.86,0.35,126.51,71.71,54.8,119.5,2025,2025-09,Q3
ORD-001557,2026-01-02,Premium,UK,Online,Mid-Market,4,464.26,15.58,448.68,275.96,172.72,410.3,2026,2026-01,Q1
ORD-001558,2025-01-02,Core,India,Online,SMB,3,147.27,5.09,142.18,94.61,47.57,148.22,2025,2025-01,Q1
ORD-001559,2025-01-06,Plus,India,Direct,SMB,2,139.83,11.76,128.07,76.94,51.13,143.67,2025,2025-01,Q1
ORD-001560,2026-04-02,Enterprise,UK,Direct,SMB,5,1100.85,50.7,1050.15,498.85,551.3,1098.91,2026,2026-04,Q2
ORD-001561,2025-10-14,Core,US,Direct,Enterprise,1,48.04,0.15,47.89,28.25,19.64,43.41,2025,2025-10,Q4
ORD-001562,2026-07-04,Premium,UK,Partner,SMB,2,253.46,4.44,249.02,144.36,104.66,270.36,2026,2026-07,Q3
ORD-001563,2025-09-22,Plus,India,Direct,SMB,3,220.56,13.21,207.35,88.57,118.78,234.62,2025,2025-09,Q3
ORD-001564,2026-04-06,Premium,Germany,Partner,Mid-Market,3,367.11,6.33,360.78,230.85,129.93,407.98,2026,2026-04,Q2
ORD-001565,2026-03-13,Enterprise,UAE,Direct,SMB,2,459.5,3.51,455.99,293.66,162.33,515.9,2026,2026-03,Q1
ORD-001566,2026-05-01,Plus,UK,Direct,Enterprise,5,380.02,22.02,358.0,209.82,148.18,369.24,2026,2026-05,Q2
ORD-001567,2025-04-05,Core,US,Online,Enterprise,6,295.22,22.93,272.29,176.84,95.45,268.34,2025,2025-04,Q2
ORD-001568,2025-01-03,Premium,India,Direct,Mid-Market,1,129.63,1.36,128.27,63.17,65.1,121.41,2025,2025-01,Q1
ORD-001569,2025-03-26,Premium,US,Partner,Mid-Market,2,229.32,11.14,218.18,131.11,87.07,203.3,2025,2025-03,Q1
ORD-001570,2025-06-03,Premium,US,Online,Mid-Market,4,454.31,3.87,450.44,273.32,177.12,463.99,2025,2025-06,Q2
ORD-001571,2026-05-06,Plus,US,Online,Enterprise,6,417.22,18.27,398.95,208.13,190.82,366.91,2026,2026-05,Q2
ORD-001572,2025-07-15,Core,India,Partner,Mid-Market,4,162.6,7.63,154.97,103.73,51.24,163.88,2025,2025-07,Q3
ORD-001573,2026-02-21,Plus,India,Direct,Mid-Market,9,721.65,45.01,676.64,337.84,338.8,667.18,2026,2026-02,Q1
ORD-001574,2025-10-15,Plus,US,Direct,SMB,2,155.25,8.87,146.38,79.2,67.18,136.33,2025,2025-10,Q4
ORD-001575,2026-03-09,Premium,UAE,Online,SMB,6,736.3,20.58,715.72,427.85,287.87,678.94,2026,2026-03,Q1
ORD-001576,2026-07-21,Enterprise,Germany,Direct,Mid-Market,5,1278.59,42.57,1236.02,552.24,683.78,1109.42,2026,2026-07,Q3
ORD-001577,2025-07-20,Core,US,Partner,SMB,2,91.31,4.76,86.55,47.32,39.23,95.8,2025,2025-07,Q3
ORD-001578,2025-02-11,Premium,India,Partner,SMB,2,245.7,9.48,236.22,136.58,99.64,235.69,2025,2025-02,Q1
ORD-001579,2025-12-29,Core,US,Direct,Mid-Market,1,44.9,2.63,42.27,20.61,21.66,37.47,2025,2025-12,Q4
ORD-001580,2025-08-07,Premium,India,Online,SMB,1,121.96,1.09,120.87,73.4,47.47,121.53,2025,2025-08,Q3
ORD-001581,2025-02-18,Plus,India,Direct,Enterprise,1,77.88,2.24,75.64,36.3,39.34,81.51,2025,2025-02,Q1
ORD-001582,2025-07-04,Premium,Germany,Partner,Enterprise,2,253.56,5.83,247.73,139.33,108.4,260.45,2025,2025-07,Q3
ORD-001583,2025-03-08,Premium,UK,Direct,SMB,3,326.92,22.22,304.7,147.23,157.47,335.72,2025,2025-03,Q1
ORD-001584,2025-10-31,Core,India,Partner,SMB,2,84.51,1.3,83.21,49.99,33.22,73.56,2025,2025-10,Q4
ORD-001585,2025-04-08,Plus,Germany,Online,Enterprise,3,206.93,7.98,198.95,109.33,89.62,218.99,2025,2025-04,Q2
ORD-001586,2026-04-30,Premium,US,Direct,SMB,2,224.24,4.1,220.14,146.56,73.58,206.82,2026,2026-04,Q2
ORD-001587,2025-02-08,Enterprise,India,Direct,Mid-Market,2,441.66,6.89,434.77,271.46,163.31,446.51,2025,2025-02,Q1
ORD-001588,2026-03-26,Enterprise,UK,Direct,Enterprise,3,681.87,47.14,634.73,396.4,238.33,576.29,2026,2026-03,Q1
ORD-001589,2026-01-20,Core,Germany,Direct,Mid-Market,2,86.92,7.4,79.52,42.65,36.87,86.0,2026,2026-01,Q1
ORD-001590,2025-11-04,Premium,India,Online,Enterprise,2,254.55,6.28,248.27,124.72,123.55,230.58,2025,2025-11,Q4
ORD-001591,2026-04-02,Core,US,Direct,Enterprise,3,129.72,1.82,127.9,80.77,47.13,116.56,2026,2026-04,Q2
ORD-001592,2025-02-06,Plus,UAE,Online,Mid-Market,2,151.99,14.5,137.49,72.94,64.55,152.9,2025,2025-02,Q1
ORD-001593,2026-07-19,Premium,Germany,Direct,SMB,4,476.88,2.79,474.09,229.11,244.98,417.84,2026,2026-07,Q3
ORD-001594,2025-07-27,Plus,US,Online,Mid-Market,4,320.56,4.06,316.5,181.11,135.39,328.29,2025,2025-07,Q3
ORD-001595,2025-09-04,Core,UAE,Direct,Enterprise,1,44.92,0.01,44.91,22.06,22.85,41.7,2025,2025-09,Q3
ORD-001596,2026-05-12,Plus,UAE,Direct,SMB,4,275.7,4.45,271.25,147.41,123.84,251.32,2026,2026-05,Q2
ORD-001597,2025-11-30,Core,India,Direct,Mid-Market,4,169.54,0.79,168.75,97.61,71.14,164.27,2025,2025-11,Q4
ORD-001598,2026-01-22,Plus,India,Partner,Enterprise,4,301.85,25.13,276.72,121.31,155.41,287.87,2026,2026-01,Q1
ORD-001599,2025-11-18,Plus,India,Direct,SMB,7,498.26,18.79,479.47,272.41,207.06,471.46,2025,2025-11,Q4
ORD-001600,2026-04-20,Core,India,Direct,SMB,4,196.63,2.53,194.1,122.43,71.67,193.34,2026,2026-04,Q2
ORD-001601,2026-02-25,Plus,UK,Direct,SMB,1,81.55,4.98,76.57,35.77,40.8,70.63,2026,2026-02,Q1
ORD-001602,2025-10-09,Enterprise,UK,Direct,SMB,1,234.12,0.73,233.39,150.45,82.94,211.32,2025,2025-10,Q4
ORD-001603,2025-04-02,Plus,UAE,Direct,Mid-Market,3,235.75,8.91,226.84,117.18,109.66,216.41,2025,2025-04,Q2
ORD-001604,2025-04-17,Core,UK,Direct,Enterprise,4,183.37,5.33,178.04,94.95,83.09,185.6,2025,2025-04,Q2
ORD-001605,2025-12-27,Plus,India,Partner,SMB,1,78.13,3.3,74.83,41.51,33.32,71.96,2025,2025-12,Q4
ORD-001606,2025-09-16,Plus,US,Partner,Enterprise,2,138.81,1.16,137.65,58.63,79.02,133.23,2025,2025-09,Q3
ORD-001607,2026-05-22,Plus,UK,Partner,Mid-Market,2,135.85,1.45,134.4,65.04,69.36,138.67,2026,2026-05,Q2
ORD-001608,2025-09-18,Core,US,Partner,SMB,1,41.93,0.67,41.26,22.83,18.43,45.3,2025,2025-09,Q3
ORD-001609,2025-05-04,Core,India,Direct,SMB,3,125.51,2.29,123.22,74.26,48.96,129.77,2025,2025-05,Q2
ORD-001610,2025-08-08,Premium,UK,Direct,Mid-Market,3,335.42,11.26,324.16,166.19,157.97,286.65,2025,2025-08,Q3
ORD-001611,2025-05-26,Premium,India,Online,Mid-Market,3,333.28,2.89,330.39,201.22,129.17,311.65,2025,2025-05,Q2
ORD-001612,2025-01-10,Premium,UK,Online,Mid-Market,2,257.57,13.6,243.97,109.02,134.95,239.53,2025,2025-01,Q1
ORD-001613,2025-05-25,Core,US,Direct,SMB,4,173.64,20.95,152.69,68.4,84.29,138.32,2025,2025-05,Q2
ORD-001614,2025-08-09,Core,India,Direct,Mid-Market,3,135.89,3.35,132.54,65.21,67.33,136.84,2025,2025-08,Q3
ORD-001615,2026-05-04,Core,India,Direct,SMB,8,352.56,42.76,309.8,151.29,158.51,345.98,2026,2026-05,Q2
ORD-001616,2025-02-14,Core,Germany,Online,SMB,2,87.12,1.42,85.7,49.76,35.94,78.15,2025,2025-02,Q1
ORD-001617,2026-03-17,Plus,Germany,Direct,Mid-Market,3,237.95,9.13,228.82,136.38,92.44,205.34,2026,2026-03,Q1
ORD-001618,2025-08-07,Plus,Germany,Online,Mid-Market,3,222.84,21.76,201.08,95.23,105.85,228.43,2025,2025-08,Q3
ORD-001619,2026-07-19,Plus,UK,Direct,SMB,1,77.06,7.35,69.71,33.76,35.95,68.04,2026,2026-07,Q3
ORD-001620,2025-07-03,Plus,UAE,Online,SMB,2,158.16,4.87,153.29,90.22,63.07,166.28,2025,2025-07,Q3
ORD-001621,2026-05-09,Core,UK,Online,Mid-Market,3,142.11,0.59,141.52,73.7,67.82,161.24,2026,2026-05,Q2
ORD-001622,2025-02-17,Premium,India,Direct,SMB,2,222.21,9.8,212.41,90.95,121.46,197.59,2025,2025-02,Q1
ORD-001623,2025-01-07,Plus,UAE,Direct,SMB,4,284.25,8.13,276.12,182.56,93.56,275.62,2025,2025-01,Q1
ORD-001624,2025-08-18,Premium,India,Online,SMB,4,514.6,50.72,463.88,289.68,174.2,419.04,2025,2025-08,Q3
ORD-001625,2025-10-13,Enterprise,UAE,Online,Enterprise,3,656.32,27.3,629.02,328.72,300.3,554.75,2025,2025-10,Q4
ORD-001626,2026-04-29,Plus,India,Online,Mid-Market,1,78.49,1.37,77.12,40.21,36.91,72.94,2026,2026-04,Q2
ORD-001627,2026-01-15,Core,UAE,Direct,Mid-Market,9,397.81,27.59,370.22,225.7,144.52,384.7,2026,2026-01,Q1
ORD-001628,2025-02-23,Core,US,Online,Mid-Market,4,174.09,14.44,159.65,71.38,88.27,174.47,2025,2025-02,Q1
ORD-001629,2025-12-23,Plus,UK,Online,SMB,10,802.25,66.28,735.97,312.54,423.43,752.3,2025,2025-12,Q4
ORD-001630,2026-03-30,Plus,UK,Direct,Mid-Market,3,232.03,14.48,217.55,144.25,73.3,227.81,2026,2026-03,Q1
ORD-001631,2025-11-08,Premium,UAE,Direct,Mid-Market,1,115.77,2.0,113.77,72.73,41.04,115.4,2025,2025-11,Q4
ORD-001632,2025-07-26,Premium,UK,Partner,Mid-Market,1,118.82,4.64,114.18,52.86,61.32,115.35,2025,2025-07,Q3
ORD-001633,2025-10-23,Enterprise,India,Partner,Enterprise,1,223.4,6.13,217.27,104.09,113.18,202.45,2025,2025-10,Q4
ORD-001634,2026-07-13,Plus,Germany,Partner,Mid-Market,3,217.31,6.9,210.41,121.77,88.64,194.17,2026,2026-07,Q3
ORD-001635,2026-02-14,Enterprise,India,Partner,Mid-Market,3,707.93,45.35,662.58,303.48,359.1,684.95,2026,2026-02,Q1
ORD-001636,2026-01-20,Core,India,Direct,Mid-Market,1,41.01,1.29,39.72,17.56,22.16,34.99,2026,2026-01,Q1
ORD-001637,2025-01-31,Core,UAE,Online,Mid-Market,3,140.58,0.27,140.31,61.4,78.91,149.9,2025,2025-01,Q1
ORD-001638,2026-04-06,Enterprise,India,Partner,Mid-Market,2,467.96,12.29,455.67,255.9,199.77,405.22,2026,2026-04,Q2
ORD-001639,2025-08-17,Premium,US,Direct,Enterprise,4,491.57,40.36,451.21,206.32,244.89,450.74,2025,2025-08,Q3
ORD-001640,2025-02-24,Plus,UK,Online,Mid-Market,5,396.74,30.62,366.12,213.57,152.55,364.86,2025,2025-02,Q1
ORD-001641,2025-12-12,Premium,US,Direct,SMB,3,392.27,49.09,343.18,144.92,198.26,323.13,2025,2025-12,Q4
ORD-001642,2025-10-17,Enterprise,UAE,Online,Enterprise,2,526.5,3.55,522.95,264.17,258.78,519.24,2025,2025-10,Q4
ORD-001643,2025-01-11,Premium,UK,Direct,Mid-Market,3,364.58,7.24,357.34,180.47,176.87,351.92,2025,2025-01,Q1
ORD-001644,2025-07-29,Enterprise,UK,Direct,Enterprise,5,1287.53,10.15,1277.38,807.52,469.86,1196.12,2025,2025-07,Q3
ORD-001645,2025-01-01,Plus,UK,Online,SMB,3,206.88,12.79,194.09,93.98,100.11,207.31,2025,2025-01,Q1
ORD-001646,2025-08-23,Premium,UK,Online,Mid-Market,2,235.99,6.08,229.91,108.09,121.82,260.95,2025,2025-08,Q3
ORD-001647,2025-01-23,Enterprise,India,Partner,SMB,1,225.53,2.19,223.34,149.43,73.91,239.54,2025,2025-01,Q1
ORD-001648,2025-02-04,Enterprise,UK,Partner,SMB,4,947.72,36.78,910.94,493.08,417.86,975.89,2025,2025-02,Q1
ORD-001649,2026-01-10,Core,US,Direct,SMB,3,140.27,2.91,137.36,75.46,61.9,139.77,2026,2026-01,Q1
ORD-001650,2026-01-16,Premium,US,Online,Enterprise,2,245.76,1.75,244.01,129.19,114.82,246.21,2026,2026-01,Q1
ORD-001651,2025-12-07,Enterprise,UK,Online,Mid-Market,3,708.57,15.89,692.68,299.58,393.1,610.81,2025,2025-12,Q4
ORD-001652,2025-06-11,Premium,UAE,Online,SMB,2,250.13,11.2,238.93,141.39,97.54,237.62,2025,2025-06,Q2
ORD-001653,2025-01-24,Enterprise,US,Online,Mid-Market,2,452.16,5.39,446.77,231.79,214.98,482.59,2025,2025-01,Q1
ORD-001654,2025-03-09,Enterprise,India,Online,Mid-Market,5,1117.02,120.52,996.5,648.1,348.4,1124.91,2025,2025-03,Q1
ORD-001655,2026-07-03,Core,US,Direct,Enterprise,1,41.75,3.51,38.24,23.84,14.4,36.2,2026,2026-07,Q3
ORD-001656,2025-07-28,Core,UK,Direct,SMB,1,44.05,3.35,40.7,18.66,22.04,41.19,2025,2025-07,Q3
ORD-001657,2025-03-21,Enterprise,US,Direct,Mid-Market,2,469.01,37.7,431.31,260.05,171.26,436.27,2025,2025-03,Q1
ORD-001658,2025-01-15,Premium,UAE,Partner,Mid-Market,3,324.89,33.3,291.59,138.48,153.11,264.11,2025,2025-01,Q1
ORD-001659,2025-06-29,Premium,UK,Partner,SMB,2,242.1,2.45,239.65,149.38,90.27,256.14,2025,2025-06,Q2
ORD-001660,2026-06-22,Core,US,Direct,Enterprise,2,82.57,5.09,77.48,49.95,27.53,69.76,2026,2026-06,Q2
ORD-001661,2025-04-25,Premium,India,Direct,Enterprise,6,694.14,76.64,617.5,323.12,294.38,687.38,2025,2025-04,Q2
ORD-001662,2025-08-20,Premium,UAE,Direct,Enterprise,6,688.34,68.12,620.22,405.43,214.79,696.58,2025,2025-08,Q3
ORD-001663,2025-03-18,Premium,UK,Partner,Mid-Market,2,222.34,1.4,220.94,101.22,119.72,229.54,2025,2025-03,Q1
ORD-001664,2025-02-12,Premium,India,Direct,SMB,3,346.17,6.2,339.97,201.36,138.61,353.91,2025,2025-02,Q1
ORD-001665,2025-04-21,Core,Germany,Direct,Enterprise,1,42.52,2.88,39.64,24.01,15.63,44.88,2025,2025-04,Q2
ORD-001666,2026-07-13,Plus,UAE,Online,SMB,1,70.17,5.58,64.59,37.89,26.7,72.48,2026,2026-07,Q3
ORD-001667,2025-03-22,Enterprise,US,Direct,SMB,1,216.35,15.82,200.53,92.32,108.21,183.09,2025,2025-03,Q1
ORD-001668,2026-04-09,Premium,UK,Direct,Enterprise,2,222.49,4.74,217.75,110.75,107.0,247.02,2026,2026-04,Q2
ORD-001669,2026-05-25,Core,UK,Partner,SMB,5,210.96,7.16,203.8,115.82,87.98,198.41,2026,2026-05,Q2
ORD-001670,2025-02-12,Plus,Germany,Direct,Enterprise,1,78.3,2.58,75.72,37.85,37.87,80.65,2025,2025-02,Q1
ORD-001671,2025-11-01,Core,India,Online,SMB,2,96.42,6.59,89.83,51.98,37.85,91.18,2025,2025-11,Q4
ORD-001672,2025-07-21,Plus,US,Direct,Enterprise,5,344.12,22.06,322.06,178.95,143.11,339.8,2025,2025-07,Q3
ORD-001673,2026-02-21,Premium,US,Direct,SMB,2,220.01,22.08,197.93,88.19,109.74,206.88,2026,2026-02,Q1
ORD-001674,2025-02-01,Core,US,Online,Mid-Market,2,82.78,1.49,81.29,46.01,35.28,90.86,2025,2025-02,Q1
ORD-001675,2025-06-26,Core,India,Partner,SMB,1,43.1,0.24,42.86,24.85,18.01,41.05,2025,2025-06,Q2
ORD-001676,2025-09-22,Core,US,Partner,SMB,3,147.98,4.85,143.13,63.27,79.86,162.25,2025,2025-09,Q3
ORD-001677,2026-05-14,Enterprise,UK,Partner,Mid-Market,2,461.36,5.22,456.14,237.9,218.24,425.55,2026,2026-05,Q2
ORD-001678,2026-04-12,Core,UK,Partner,SMB,5,232.05,16.05,216.0,92.79,123.21,238.64,2026,2026-04,Q2
ORD-001679,2025-02-01,Core,Germany,Direct,Enterprise,2,84.11,0.67,83.44,35.94,47.5,87.63,2025,2025-02,Q1
ORD-001680,2025-05-14,Premium,India,Online,Mid-Market,10,1273.96,58.04,1215.92,788.69,427.23,1291.99,2025,2025-05,Q2
ORD-001681,2025-06-01,Enterprise,UK,Direct,Mid-Market,1,240.3,1.44,238.86,149.37,89.49,227.76,2025,2025-06,Q2
ORD-001682,2025-05-19,Premium,US,Online,Enterprise,3,357.09,18.11,338.98,220.37,118.61,313.34,2025,2025-05,Q2
ORD-001683,2025-09-19,Enterprise,Germany,Online,SMB,3,705.08,11.56,693.52,311.22,382.3,742.06,2025,2025-09,Q3
ORD-001684,2025-08-20,Plus,UK,Partner,SMB,1,70.44,0.83,69.61,45.22,24.39,78.99,2025,2025-08,Q3
ORD-001685,2025-08-26,Plus,India,Direct,Mid-Market,1,69.9,2.33,67.57,33.17,34.4,63.05,2025,2025-08,Q3
ORD-001686,2025-05-26,Enterprise,UK,Direct,Enterprise,2,522.7,7.45,515.25,275.86,239.39,476.91,2025,2025-05,Q2
ORD-001687,2025-06-03,Plus,UK,Online,SMB,3,244.08,22.91,221.17,94.69,126.48,211.75,2025,2025-06,Q2
ORD-001688,2026-03-26,Core,Germany,Direct,Mid-Market,2,88.25,7.5,80.75,37.32,43.43,85.16,2026,2026-03,Q1
ORD-001689,2026-04-13,Plus,Germany,Online,SMB,1,67.97,1.75,66.22,28.97,37.25,59.03,2026,2026-04,Q2
ORD-001690,2025-08-17,Plus,US,Direct,SMB,3,214.45,6.98,207.47,99.58,107.89,212.87,2025,2025-08,Q3
ORD-001691,2026-04-24,Core,UK,Direct,Enterprise,2,98.58,6.54,92.04,42.07,49.97,92.9,2026,2026-04,Q2
ORD-001692,2025-07-05,Core,US,Online,SMB,3,134.28,3.9,130.38,55.56,74.82,120.08,2025,2025-07,Q3
ORD-001693,2026-02-28,Enterprise,UAE,Online,SMB,2,485.71,12.0,473.71,306.1,167.61,422.25,2026,2026-02,Q1
ORD-001694,2025-05-26,Plus,US,Partner,SMB,1,76.23,1.51,74.72,35.33,39.39,69.19,2025,2025-05,Q2
ORD-001695,2026-06-17,Enterprise,UK,Online,SMB,1,252.55,7.89,244.66,155.06,89.6,233.02,2026,2026-06,Q2
ORD-001696,2025-11-12,Core,UK,Online,Enterprise,3,143.57,1.33,142.24,62.32,79.92,133.73,2025,2025-11,Q4
ORD-001697,2025-04-18,Core,UK,Online,Mid-Market,2,84.95,4.46,80.49,47.56,32.93,78.22,2025,2025-04,Q2
ORD-001698,2025-06-27,Enterprise,Germany,Direct,SMB,1,262.34,18.2,244.14,110.68,133.46,237.31,2025,2025-06,Q2
ORD-001699,2026-07-03,Enterprise,UAE,Online,Enterprise,4,990.93,28.9,962.03,530.87,431.16,871.71,2026,2026-07,Q3
ORD-001700,2025-07-24,Core,UAE,Online,Enterprise,3,137.04,3.69,133.35,80.03,53.32,120.45,2025,2025-07,Q3
ORD-001701,2026-07-26,Plus,UK,Direct,Mid-Market,2,161.49,15.58,145.91,63.25,82.66,143.49,2026,2026-07,Q3
ORD-001702,2025-01-31,Premium,India,Online,Enterprise,11,1390.69,66.68,1324.01,875.62,448.39,1220.34,2025,2025-01,Q1
ORD-001703,2025-07-07,Premium,UK,Direct,SMB,1,126.54,0.91,125.63,57.28,68.35,116.77,2025,2025-07,Q3
ORD-001704,2025-01-12,Plus,Germany,Partner,SMB,2,135.31,0.24,135.07,62.74,72.33,141.35,2025,2025-01,Q1
ORD-001705,2025-09-04,Enterprise,UAE,Direct,Mid-Market,2,467.93,22.44,445.49,243.13,202.36,472.98,2025,2025-09,Q3
ORD-001706,2025-10-15,Plus,UK,Online,SMB,3,244.74,5.66,239.08,154.41,84.67,217.67,2025,2025-10,Q4
ORD-001707,2025-01-17,Core,Germany,Direct,SMB,5,209.9,1.82,208.08,120.95,87.13,183.32,2025,2025-01,Q1
ORD-001708,2025-01-15,Core,US,Direct,SMB,5,234.5,11.85,222.65,114.4,108.25,196.53,2025,2025-01,Q1
ORD-001709,2025-12-27,Plus,UAE,Online,SMB,1,72.46,1.3,71.16,39.92,31.24,76.7,2025,2025-12,Q4
ORD-001710,2026-04-13,Enterprise,UK,Online,SMB,7,1754.58,31.24,1723.34,1148.09,575.25,1677.32,2026,2026-04,Q2
ORD-001711,2025-07-14,Core,UAE,Direct,SMB,1,41.94,2.22,39.72,23.51,16.21,43.21,2025,2025-07,Q3
ORD-001712,2025-02-19,Core,UAE,Online,Mid-Market,6,254.09,4.79,249.3,118.87,130.43,274.83,2025,2025-02,Q1
ORD-001713,2025-08-03,Core,UK,Direct,Enterprise,6,254.85,10.97,243.88,111.0,132.88,230.4,2025,2025-08,Q3
ORD-001714,2025-04-06,Enterprise,UAE,Direct,Enterprise,2,478.95,25.23,453.72,203.64,250.08,501.34,2025,2025-04,Q2
ORD-001715,2026-07-16,Premium,UK,Direct,SMB,2,218.37,4.32,214.05,137.3,76.75,216.47,2026,2026-07,Q3
ORD-001716,2026-03-18,Enterprise,Germany,Partner,SMB,2,432.6,19.64,412.96,211.12,201.84,380.82,2026,2026-03,Q1
ORD-001717,2025-07-11,Core,India,Online,SMB,2,95.56,1.21,94.35,48.89,45.46,94.18,2025,2025-07,Q3
ORD-001718,2025-07-29,Plus,India,Partner,SMB,2,163.15,4.6,158.55,84.6,73.95,152.71,2025,2025-07,Q3
ORD-001719,2026-06-23,Enterprise,UK,Partner,Mid-Market,2,462.21,18.68,443.53,264.31,179.22,461.29,2026,2026-06,Q2
ORD-001720,2025-08-31,Plus,Germany,Direct,SMB,2,158.51,8.95,149.56,84.2,65.36,149.7,2025,2025-08,Q3
ORD-001721,2025-11-10,Core,US,Direct,Mid-Market,4,191.8,10.33,181.47,94.58,86.89,191.93,2025,2025-11,Q4
ORD-001722,2025-06-25,Core,US,Direct,Mid-Market,6,263.6,6.6,257.0,156.43,100.57,271.61,2025,2025-06,Q2
ORD-001723,2025-05-19,Core,US,Online,Mid-Market,2,97.48,6.74,90.74,56.95,33.79,84.83,2025,2025-05,Q2
ORD-001724,2025-02-09,Premium,India,Partner,SMB,2,260.27,9.99,250.28,150.6,99.68,244.1,2025,2025-02,Q1
ORD-001725,2025-03-11,Enterprise,India,Online,SMB,1,241.38,18.22,223.16,99.75,123.41,235.18,2025,2025-03,Q1
ORD-001726,2026-04-04,Premium,Germany,Partner,Mid-Market,2,216.3,8.15,208.15,96.88,111.27,210.93,2026,2026-04,Q2
ORD-001727,2025-10-18,Plus,UK,Partner,Enterprise,1,74.46,2.64,71.82,44.22,27.6,63.96,2025,2025-10,Q4
ORD-001728,2025-08-18,Core,UK,Direct,SMB,4,191.95,3.31,188.64,104.79,83.85,212.18,2025,2025-08,Q3
ORD-001729,2025-10-10,Core,UK,Online,Enterprise,3,129.01,5.33,123.68,61.91,61.77,123.37,2025,2025-10,Q4
ORD-001730,2025-09-02,Plus,UAE,Online,SMB,2,146.84,6.89,139.95,83.38,56.57,159.01,2025,2025-09,Q3
ORD-001731,2025-07-01,Plus,UK,Direct,Enterprise,2,158.19,11.8,146.39,92.07,54.32,158.84,2025,2025-07,Q3
ORD-001732,2025-08-20,Enterprise,Germany,Partner,SMB,3,678.0,11.01,666.99,429.37,237.62,717.8,2025,2025-08,Q3
ORD-001733,2025-03-17,Plus,UK,Partner,SMB,5,364.01,38.99,325.02,139.82,185.2,290.11,2025,2025-03,Q1
ORD-001734,2026-06-26,Plus,Germany,Online,Mid-Market,2,163.28,3.1,160.18,97.29,62.89,158.95,2026,2026-06,Q2
ORD-001735,2025-10-15,Premium,US,Online,Enterprise,3,326.8,33.0,293.8,132.79,161.01,291.99,2025,2025-10,Q4
ORD-001736,2025-03-24,Enterprise,India,Online,Enterprise,4,977.36,52.5,924.86,577.67,347.19,898.76,2025,2025-03,Q1
ORD-001737,2025-09-30,Plus,UK,Online,Enterprise,4,314.57,9.47,305.1,138.36,166.74,329.33,2025,2025-09,Q3
ORD-001738,2025-06-19,Core,UK,Direct,Mid-Market,4,175.16,2.31,172.85,108.04,64.81,187.88,2025,2025-06,Q2
ORD-001739,2026-02-21,Enterprise,India,Direct,Enterprise,1,235.29,4.18,231.11,117.67,113.44,251.64,2026,2026-02,Q1
ORD-001740,2026-01-17,Plus,US,Online,Enterprise,3,220.72,6.36,214.36,115.71,98.65,241.43,2026,2026-01,Q1
ORD-001741,2025-02-26,Plus,UAE,Partner,Mid-Market,7,475.82,9.82,466.0,199.01,266.99,460.63,2025,2025-02,Q1
ORD-001742,2025-05-16,Plus,UK,Online,SMB,4,315.64,14.01,301.63,156.13,145.5,272.31,2025,2025-05,Q2
ORD-001743,2025-06-19,Core,India,Online,Mid-Market,5,231.73,2.64,229.09,99.17,129.92,242.97,2025,2025-06,Q2
ORD-001744,2026-07-26,Plus,UAE,Partner,Mid-Market,1,79.16,6.45,72.71,46.33,26.38,79.58,2026,2026-07,Q3
ORD-001745,2026-07-15,Plus,Germany,Online,SMB,3,219.21,14.22,204.99,103.81,101.18,193.93,2026,2026-07,Q3
ORD-001746,2026-05-05,Enterprise,UK,Direct,SMB,2,447.71,25.26,422.45,235.83,186.62,377.99,2026,2026-05,Q2
ORD-001747,2026-03-23,Plus,UK,Online,SMB,7,558.78,83.29,475.49,240.6,234.89,538.99,2026,2026-03,Q1
ORD-001748,2025-05-29,Enterprise,US,Direct,SMB,2,443.76,7.66,436.1,262.37,173.73,449.08,2025,2025-05,Q2
ORD-001749,2026-05-25,Premium,US,Direct,SMB,5,609.79,11.64,598.15,395.1,203.05,564.3,2026,2026-05,Q2
ORD-001750,2025-03-09,Enterprise,Germany,Partner,SMB,11,2645.28,62.57,2582.71,1568.44,1014.27,2444.52,2025,2025-03,Q1
ORD-001751,2025-09-14,Enterprise,UK,Direct,SMB,3,731.95,4.92,727.03,474.9,252.13,736.92,2025,2025-09,Q3
ORD-001752,2025-05-02,Core,US,Online,SMB,5,243.96,6.37,237.59,124.18,113.41,233.52,2025,2025-05,Q2
ORD-001753,2026-02-11,Core,India,Direct,Enterprise,2,83.68,2.22,81.46,37.99,43.47,80.49,2026,2026-02,Q1
ORD-001754,2026-01-10,Core,UAE,Direct,SMB,3,126.78,0.34,126.44,81.02,45.42,115.83,2026,2026-01,Q1
ORD-001755,2026-07-24,Plus,UK,Online,Enterprise,1,70.48,1.2,69.28,37.87,31.41,62.02,2026,2026-07,Q3
ORD-001756,2025-08-08,Core,UK,Partner,Enterprise,1,48.7,0.86,47.84,23.21,24.63,42.41,2025,2025-08,Q3
ORD-001757,2025-05-14,Premium,US,Online,Enterprise,2,218.97,13.12,205.85,96.59,109.26,185.15,2025,2025-05,Q2
ORD-001758,2025-09-16,Plus,Germany,Direct,Mid-Market,1,72.38,10.01,62.37,41.0,21.37,60.2,2025,2025-09,Q3
ORD-001759,2025-09-20,Plus,India,Online,SMB,1,78.74,3.87,74.87,48.73,26.14,66.06,2025,2025-09,Q3
ORD-001760,2026-06-28,Enterprise,UK,Online,Mid-Market,2,452.03,1.48,450.55,201.23,249.32,423.56,2026,2026-06,Q2
ORD-001761,2025-01-25,Premium,India,Online,SMB,3,326.46,12.63,313.83,181.75,132.08,321.06,2025,2025-01,Q1
ORD-001762,2025-12-11,Core,UK,Online,Mid-Market,4,192.07,4.57,187.5,93.86,93.64,189.7,2025,2025-12,Q4
ORD-001763,2025-02-12,Core,UK,Direct,Enterprise,3,131.24,4.82,126.42,72.0,54.42,136.58,2025,2025-02,Q1
ORD-001764,2025-12-04,Premium,UK,Direct,SMB,3,389.99,4.34,385.65,187.33,198.32,394.46,2025,2025-12,Q4
ORD-001765,2025-09-30,Premium,India,Direct,Mid-Market,3,386.25,26.41,359.84,218.56,141.28,400.12,2025,2025-09,Q3
ORD-001766,2025-10-26,Core,UK,Direct,Mid-Market,3,136.14,9.27,126.87,69.23,57.64,129.66,2025,2025-10,Q4
ORD-001767,2025-11-24,Plus,UAE,Partner,SMB,2,151.16,2.77,148.39,86.38,62.01,159.59,2025,2025-11,Q4
ORD-001768,2026-01-31,Enterprise,US,Online,Mid-Market,5,1138.73,12.59,1126.14,687.97,438.17,1213.54,2026,2026-01,Q1
ORD-001769,2026-04-22,Premium,India,Direct,Mid-Market,2,261.21,0.49,260.72,162.46,98.26,249.3,2026,2026-04,Q2
ORD-001770,2025-03-22,Core,US,Online,SMB,2,89.08,4.22,84.86,52.27,32.59,92.68,2025,2025-03,Q1
ORD-001771,2026-05-26,Core,UAE,Online,Enterprise,3,134.58,4.04,130.54,85.33,45.21,132.44,2026,2026-05,Q2
ORD-001772,2025-01-02,Premium,UK,Direct,SMB,4,505.59,20.15,485.44,248.24,237.2,531.57,2025,2025-01,Q1
ORD-001773,2025-01-15,Enterprise,UK,Partner,Mid-Market,5,1253.2,19.79,1233.41,548.75,684.66,1319.73,2025,2025-01,Q1
ORD-001774,2025-04-30,Enterprise,India,Online,Enterprise,9,1981.81,162.99,1818.82,948.06,870.76,1632.72,2025,2025-04,Q2
ORD-001775,2026-03-28,Plus,UK,Online,Mid-Market,4,288.65,19.35,269.3,122.29,147.01,279.69,2026,2026-03,Q1
ORD-001776,2025-05-13,Enterprise,US,Direct,Enterprise,1,258.22,11.09,247.13,134.09,113.04,226.21,2025,2025-05,Q2
ORD-001777,2026-01-05,Plus,India,Online,SMB,4,323.35,6.92,316.43,141.43,175.0,356.3,2026,2026-01,Q1
ORD-001778,2026-07-27,Plus,India,Direct,Mid-Market,4,315.82,10.81,305.01,135.76,169.25,275.27,2026,2026-07,Q3
ORD-001779,2025-03-21,Plus,US,Direct,SMB,1,79.28,0.51,78.77,40.11,38.66,70.63,2025,2025-03,Q1
ORD-001780,2026-05-07,Premium,Germany,Direct,Mid-Market,2,258.03,12.57,245.46,144.71,100.75,222.14,2026,2026-05,Q2
ORD-001781,2025-04-18,Enterprise,US,Direct,SMB,3,752.17,50.9,701.27,430.23,271.04,714.53,2025,2025-04,Q2
ORD-001782,2026-04-30,Enterprise,India,Direct,Enterprise,3,766.51,14.88,751.63,345.43,406.2,844.03,2026,2026-04,Q2
ORD-001783,2025-10-09,Enterprise,UK,Direct,SMB,2,526.8,13.05,513.75,258.94,254.81,575.23,2025,2025-10,Q4
ORD-001784,2025-10-24,Core,India,Direct,Mid-Market,1,41.98,1.5,40.48,22.78,17.7,42.58,2025,2025-10,Q4
ORD-001785,2025-02-13,Plus,India,Partner,Enterprise,3,203.46,1.07,202.39,134.19,68.2,184.34,2025,2025-02,Q1
ORD-001786,2026-04-18,Enterprise,UK,Partner,Enterprise,2,483.64,1.36,482.28,308.19,174.09,432.63,2026,2026-04,Q2
ORD-001787,2026-02-19,Plus,UK,Direct,Enterprise,4,310.64,19.22,291.42,187.91,103.51,296.57,2026,2026-02,Q1
ORD-001788,2025-11-29,Premium,UAE,Direct,Enterprise,1,118.67,2.41,116.26,60.14,56.12,120.02,2025,2025-11,Q4
ORD-001789,2025-11-02,Core,India,Direct,SMB,4,180.0,1.85,178.15,116.17,61.98,184.06,2025,2025-11,Q4
ORD-001790,2025-11-14,Enterprise,US,Direct,SMB,3,731.57,32.23,699.34,454.44,244.9,792.03,2025,2025-11,Q4
ORD-001791,2025-09-04,Core,UK,Direct,SMB,1,44.49,1.1,43.39,25.09,18.3,44.46,2025,2025-09,Q3
ORD-001792,2025-03-09,Core,UK,Direct,SMB,7,295.24,29.21,266.03,115.19,150.84,291.28,2025,2025-03,Q1
ORD-001793,2026-02-25,Core,Germany,Online,Mid-Market,3,147.73,3.23,144.5,83.73,60.77,127.27,2026,2026-02,Q1
ORD-001794,2025-07-04,Enterprise,India,Direct,SMB,2,459.77,32.39,427.38,267.97,159.41,407.07,2025,2025-07,Q3
ORD-001795,2026-06-06,Enterprise,UK,Online,SMB,7,1579.43,122.8,1456.63,715.17,741.46,1611.69,2026,2026-06,Q2
ORD-001796,2026-05-03,Enterprise,US,Partner,SMB,4,889.0,53.13,835.87,435.09,400.78,766.46,2026,2026-05,Q2
ORD-001797,2025-12-17,Core,US,Direct,SMB,6,252.32,18.29,234.03,116.71,117.32,230.51,2025,2025-12,Q4
ORD-001798,2025-04-04,Plus,UK,Direct,Enterprise,3,214.4,14.65,199.75,94.49,105.26,222.51,2025,2025-04,Q2
ORD-001799,2026-01-13,Plus,UK,Direct,SMB,1,79.07,0.22,78.85,46.84,32.01,83.7,2026,2026-01,Q1
ORD-001800,2026-06-30,Enterprise,Germany,Direct,SMB,1,247.7,19.16,228.54,105.9,122.64,208.94,2026,2026-06,Q2
ORD-001801,2025-05-26,Plus,India,Online,SMB,1,82.01,7.05,74.96,49.68,25.28,84.92,2025,2025-05,Q2
ORD-001802,2026-07-07,Plus,UK,Direct,SMB,4,313.83,3.64,310.19,135.76,174.43,332.56,2026,2026-07,Q3
ORD-001803,2026-03-01,Core,India,Online,Enterprise,1,48.14,3.95,44.19,20.99,23.2,49.42,2026,2026-03,Q1
ORD-001804,2025-10-17,Enterprise,UAE,Partner,Mid-Market,5,1187.1,53.4,1133.7,535.92,597.78,1197.94,2025,2025-10,Q4
ORD-001805,2025-09-13,Core,UK,Direct,Enterprise,1,43.68,0.11,43.57,20.08,23.49,41.21,2025,2025-09,Q3
ORD-001806,2026-07-13,Core,UK,Online,Enterprise,1,46.4,0.17,46.23,25.21,21.02,44.65,2026,2026-07,Q3
ORD-001807,2025-12-06,Core,UK,Direct,SMB,2,95.42,0.15,95.27,62.03,33.24,89.66,2025,2025-12,Q4
ORD-001808,2025-11-30,Premium,UK,Partner,SMB,2,223.17,18.87,204.3,115.68,88.62,197.47,2025,2025-11,Q4
ORD-001809,2025-04-25,Plus,UK,Direct,SMB,1,75.56,2.09,73.47,33.96,39.51,68.44,2025,2025-04,Q2
ORD-001810,2025-02-10,Premium,UK,Online,SMB,2,230.49,3.76,226.73,125.16,101.57,216.04,2025,2025-02,Q1
ORD-001811,2025-10-14,Core,US,Direct,SMB,1,45.6,0.88,44.72,20.4,24.32,45.82,2025,2025-10,Q4
ORD-001812,2025-01-29,Core,UK,Online,SMB,4,187.15,1.55,185.6,92.04,93.56,193.31,2025,2025-01,Q1
ORD-001813,2025-03-03,Enterprise,India,Partner,SMB,4,886.11,28.07,858.04,406.7,451.34,805.41,2025,2025-03,Q1
ORD-001814,2026-02-15,Core,UK,Online,SMB,3,146.23,5.14,141.09,68.26,72.83,159.18,2026,2026-02,Q1
ORD-001815,2025-12-26,Plus,India,Online,SMB,4,282.59,4.36,278.23,143.03,135.2,267.04,2025,2025-12,Q4
ORD-001816,2025-06-25,Premium,US,Partner,SMB,10,1260.92,23.77,1237.15,719.26,517.89,1203.83,2025,2025-06,Q2
ORD-001817,2025-05-24,Core,US,Direct,Enterprise,6,260.95,4.25,256.7,165.06,91.64,239.17,2025,2025-05,Q2
ORD-001818,2025-11-29,Plus,Germany,Direct,SMB,3,206.21,5.66,200.55,111.51,89.04,192.34,2025,2025-11,Q4
ORD-001819,2025-02-03,Core,US,Direct,Mid-Market,3,140.87,5.66,135.21,66.41,68.8,129.57,2025,2025-02,Q1
ORD-001820,2025-12-18,Enterprise,Germany,Direct,Enterprise,5,1189.29,72.62,1116.67,669.26,447.41,1127.94,2025,2025-12,Q4
ORD-001821,2025-12-21,Plus,UAE,Direct,SMB,4,281.58,10.88,270.7,162.4,108.3,272.73,2025,2025-12,Q4
ORD-001822,2026-03-03,Plus,India,Online,Mid-Market,1,77.88,3.04,74.84,43.39,31.45,72.28,2026,2026-03,Q1
ORD-001823,2026-06-22,Premium,UK,Online,SMB,4,513.44,13.21,500.23,302.62,197.61,553.12,2026,2026-06,Q2
ORD-001824,2026-03-24,Core,UAE,Partner,SMB,1,41.36,0.1,41.26,26.9,14.36,42.96,2026,2026-03,Q1
ORD-001825,2026-05-13,Plus,UK,Direct,SMB,1,74.61,1.36,73.25,44.37,28.88,66.07,2026,2026-05,Q2
ORD-001826,2025-10-19,Enterprise,Germany,Direct,Mid-Market,1,243.12,1.54,241.58,107.45,134.13,224.01,2025,2025-10,Q4
ORD-001827,2025-03-14,Core,UK,Direct,SMB,7,324.94,4.46,320.48,135.53,184.95,312.16,2025,2025-03,Q1
ORD-001828,2026-02-24,Core,UK,Direct,Enterprise,2,84.91,5.71,79.2,51.88,27.32,86.88,2026,2026-02,Q1
ORD-001829,2025-01-25,Plus,UAE,Online,Mid-Market,8,591.31,23.85,567.46,270.25,297.21,623.66,2025,2025-01,Q1
ORD-001830,2025-01-28,Core,India,Partner,SMB,1,40.78,3.85,36.93,24.53,12.4,38.08,2025,2025-01,Q1
ORD-001831,2026-04-27,Premium,UK,Online,SMB,3,386.61,6.6,380.01,180.16,199.85,419.15,2026,2026-04,Q2
ORD-001832,2026-01-22,Premium,US,Partner,Enterprise,3,373.47,1.5,371.97,190.08,181.89,405.38,2026,2026-01,Q1
ORD-001833,2026-02-02,Premium,UK,Direct,Mid-Market,2,254.39,3.15,251.24,154.29,96.95,280.3,2026,2026-02,Q1
ORD-001834,2025-01-02,Enterprise,US,Direct,Enterprise,3,791.27,57.0,734.27,426.76,307.51,818.92,2025,2025-01,Q1
ORD-001835,2026-05-28,Premium,US,Online,Enterprise,2,227.94,1.95,225.99,120.09,105.9,235.45,2026,2026-05,Q2
ORD-001836,2025-01-14,Enterprise,India,Partner,Mid-Market,2,514.66,6.6,508.06,305.87,202.19,494.9,2025,2025-01,Q1
ORD-001837,2025-01-31,Plus,UK,Partner,SMB,6,425.71,31.08,394.63,224.82,169.81,398.96,2025,2025-01,Q1
ORD-001838,2025-10-08,Core,UK,Partner,Mid-Market,1,43.64,2.12,41.52,26.34,15.18,47.02,2025,2025-10,Q4
ORD-001839,2025-12-15,Enterprise,India,Online,SMB,2,447.67,29.04,418.63,211.36,207.27,382.98,2025,2025-12,Q4
ORD-001840,2026-06-07,Premium,UAE,Direct,SMB,3,331.89,5.89,326.0,178.21,147.79,292.46,2026,2026-06,Q2
ORD-001841,2026-04-04,Core,UAE,Direct,Mid-Market,3,122.54,4.0,118.54,66.1,52.44,109.25,2026,2026-04,Q2
ORD-001842,2025-06-12,Premium,UAE,Online,SMB,2,240.26,1.51,238.75,148.48,90.27,242.25,2025,2025-06,Q2
ORD-001843,2025-06-02,Enterprise,US,Partner,Mid-Market,4,907.73,38.91,868.82,380.11,488.71,983.3,2025,2025-06,Q2
ORD-001844,2025-12-02,Enterprise,India,Partner,Mid-Market,7,1588.6,82.66,1505.94,657.36,848.58,1406.95,2025,2025-12,Q4
ORD-001845,2025-05-23,Plus,US,Direct,SMB,1,74.89,3.68,71.21,41.97,29.24,71.31,2025,2025-05,Q2
ORD-001846,2025-12-20,Plus,India,Direct,SMB,1,71.46,1.89,69.57,38.0,31.57,70.3,2025,2025-12,Q4
ORD-001847,2025-09-26,Premium,US,Direct,SMB,3,388.89,16.11,372.78,248.97,123.81,379.49,2025,2025-09,Q3
ORD-001848,2025-03-12,Core,UK,Direct,Mid-Market,1,43.15,5.63,37.52,18.96,18.56,38.99,2025,2025-03,Q1
ORD-001849,2026-04-01,Premium,UK,Direct,SMB,4,510.44,83.55,426.89,256.89,170.0,449.8,2026,2026-04,Q2
ORD-001850,2026-07-04,Enterprise,UK,Partner,SMB,1,222.56,3.52,219.04,117.45,101.59,235.34,2026,2026-07,Q3
ORD-001851,2026-06-05,Core,India,Direct,SMB,2,89.09,0.62,88.47,57.35,31.12,78.98,2026,2026-06,Q2
ORD-001852,2025-08-24,Core,UK,Partner,Enterprise,4,184.54,3.18,181.36,98.78,82.58,184.32,2025,2025-08,Q3
ORD-001853,2026-01-18,Plus,UAE,Online,SMB,1,70.46,1.05,69.41,35.19,34.22,69.15,2026,2026-01,Q1
ORD-001854,2025-09-17,Core,India,Partner,Enterprise,5,214.34,0.74,213.6,133.12,80.48,219.25,2025,2025-09,Q3
ORD-001855,2025-03-03,Enterprise,UK,Direct,Mid-Market,2,455.29,6.16,449.13,290.69,158.44,461.26,2025,2025-03,Q1
ORD-001856,2025-08-16,Enterprise,India,Partner,Mid-Market,2,494.07,5.83,488.24,207.08,281.16,462.12,2025,2025-08,Q3
ORD-001857,2025-09-09,Core,India,Direct,Enterprise,1,44.55,0.85,43.7,20.75,22.95,41.71,2025,2025-09,Q3
ORD-001858,2025-07-27,Premium,UK,Partner,SMB,1,112.06,3.92,108.14,55.59,52.55,105.43,2025,2025-07,Q3
ORD-001859,2025-11-06,Core,India,Direct,Mid-Market,2,93.62,12.57,81.05,49.78,31.27,79.44,2025,2025-11,Q4
ORD-001860,2026-04-09,Premium,US,Direct,SMB,3,325.13,42.88,282.25,143.92,138.33,258.14,2026,2026-04,Q2
ORD-001861,2026-03-22,Core,UAE,Partner,Mid-Market,4,180.2,4.36,175.84,103.89,71.95,172.94,2026,2026-03,Q1
ORD-001862,2026-01-24,Core,US,Partner,SMB,4,184.65,9.58,175.07,74.74,100.33,175.36,2026,2026-01,Q1
ORD-001863,2026-03-05,Plus,UK,Direct,Mid-Market,1,78.8,3.07,75.73,44.14,31.59,66.91,2026,2026-03,Q1
ORD-001864,2026-06-26,Plus,US,Online,SMB,4,287.67,2.61,285.06,173.43,111.63,322.83,2026,2026-06,Q2
ORD-001865,2026-06-13,Enterprise,UK,Direct,Enterprise,11,2548.47,29.62,2518.85,1242.18,1276.67,2386.64,2026,2026-06,Q2
ORD-001866,2026-04-09,Core,US,Partner,SMB,2,98.02,2.65,95.37,43.26,52.11,93.67,2026,2026-04,Q2
ORD-001867,2026-03-07,Premium,Germany,Direct,Mid-Market,1,110.82,3.86,106.96,66.69,40.27,113.8,2026,2026-03,Q1
ORD-001868,2026-03-10,Premium,US,Direct,SMB,3,366.84,24.73,342.11,155.35,186.76,351.78,2026,2026-03,Q1
ORD-001869,2026-03-05,Core,India,Partner,SMB,1,46.02,3.05,42.97,19.32,23.65,45.34,2026,2026-03,Q1
ORD-001870,2026-07-08,Plus,Germany,Online,SMB,2,163.81,0.44,163.37,72.28,91.09,165.46,2026,2026-07,Q3
ORD-001871,2026-07-05,Premium,UAE,Partner,SMB,2,261.24,3.62,257.62,154.65,102.97,234.25,2026,2026-07,Q3
ORD-001872,2025-05-10,Plus,UK,Direct,Enterprise,4,319.41,4.84,314.57,148.41,166.16,294.8,2025,2025-05,Q2
ORD-001873,2025-08-24,Plus,UK,Online,SMB,5,409.26,29.27,379.99,228.76,151.23,340.38,2025,2025-08,Q3
ORD-001874,2025-04-21,Plus,Germany,Direct,Mid-Market,1,77.92,5.84,72.08,32.12,39.96,76.53,2025,2025-04,Q2
ORD-001875,2026-01-09,Enterprise,Germany,Online,Enterprise,2,503.55,39.35,464.2,245.23,218.97,519.03,2026,2026-01,Q1
ORD-001876,2026-03-18,Premium,US,Direct,SMB,1,115.72,7.05,108.67,62.9,45.77,106.7,2026,2026-03,Q1
ORD-001877,2025-05-23,Plus,UK,Online,SMB,3,221.35,5.56,215.79,107.56,108.23,241.25,2025,2025-05,Q2
ORD-001878,2026-03-03,Premium,UAE,Direct,Enterprise,3,331.76,16.06,315.7,186.16,129.54,289.72,2026,2026-03,Q1
ORD-001879,2026-07-31,Premium,UK,Online,Mid-Market,2,226.72,7.26,219.46,134.55,84.91,198.83,2026,2026-07,Q3
ORD-001880,2025-01-04,Enterprise,Germany,Direct,SMB,1,228.09,7.48,220.61,104.14,116.47,245.26,2025,2025-01,Q1
ORD-001881,2026-03-11,Premium,UK,Partner,SMB,4,440.06,29.08,410.98,234.85,176.13,375.7,2026,2026-03,Q1
ORD-001882,2025-07-13,Plus,UK,Direct,Mid-Market,2,162.44,5.14,157.3,73.61,83.69,177.98,2025,2025-07,Q3
ORD-001883,2025-05-27,Plus,US,Online,SMB,2,140.3,10.57,129.73,57.35,72.38,120.42,2025,2025-05,Q2
ORD-001884,2026-02-04,Core,India,Online,SMB,1,41.18,1.06,40.12,26.08,14.04,45.55,2026,2026-02,Q1
ORD-001885,2025-11-06,Plus,UK,Direct,Mid-Market,3,233.51,19.09,214.42,97.26,117.16,220.88,2025,2025-11,Q4
ORD-001886,2025-06-12,Plus,US,Direct,SMB,2,145.31,4.52,140.79,65.14,75.65,124.62,2025,2025-06,Q2
ORD-001887,2025-03-10,Premium,UAE,Direct,Enterprise,3,385.01,1.86,383.15,252.29,130.86,422.02,2025,2025-03,Q1
ORD-001888,2026-05-01,Premium,India,Online,SMB,6,732.01,63.3,668.71,339.48,329.23,664.36,2026,2026-05,Q2
ORD-001889,2026-04-08,Enterprise,US,Direct,Mid-Market,2,471.11,26.33,444.78,202.08,242.7,439.12,2026,2026-04,Q2
ORD-001890,2026-05-03,Plus,India,Online,Mid-Market,4,296.07,22.2,273.87,143.05,130.82,270.02,2026,2026-05,Q2
ORD-001891,2026-04-28,Premium,US,Online,SMB,4,435.73,8.68,427.05,234.45,192.6,376.49,2026,2026-04,Q2
ORD-001892,2026-03-02,Core,US,Partner,SMB,2,92.59,2.81,89.78,47.75,42.03,89.42,2026,2026-03,Q1
ORD-001893,2025-12-05,Plus,UK,Direct,Enterprise,5,375.22,1.75,373.47,240.41,133.06,371.41,2025,2025-12,Q4
ORD-001894,2026-02-15,Core,UAE,Online,SMB,3,126.01,9.51,116.5,51.18,65.32,125.11,2026,2026-02,Q1
ORD-001895,2026-02-09,Premium,US,Online,SMB,5,573.84,6.43,567.41,376.19,191.22,633.85,2026,2026-02,Q1
ORD-001896,2025-03-13,Plus,UK,Partner,Enterprise,2,150.29,7.53,142.76,61.37,81.39,149.93,2025,2025-03,Q1
ORD-001897,2025-08-17,Core,Germany,Online,SMB,1,44.73,0.68,44.05,26.17,17.88,45.02,2025,2025-08,Q3
ORD-001898,2026-01-01,Enterprise,UK,Partner,Enterprise,2,519.89,71.53,448.36,241.9,206.46,507.23,2026,2026-01,Q1
ORD-001899,2025-09-15,Premium,Germany,Online,Mid-Market,2,247.11,3.8,243.31,117.45,125.86,215.31,2025,2025-09,Q3
ORD-001900,2026-05-03,Plus,India,Direct,SMB,2,153.31,2.29,151.02,87.36,63.66,162.34,2026,2026-05,Q2
ORD-001901,2026-03-13,Core,UK,Online,Mid-Market,2,85.46,1.48,83.98,53.83,30.15,93.53,2026,2026-03,Q1
ORD-001902,2025-01-23,Plus,US,Direct,Mid-Market,2,141.91,8.12,133.79,72.52,61.27,151.12,2025,2025-01,Q1
ORD-001903,2025-03-22,Core,UAE,Online,SMB,1,44.11,0.84,43.27,28.38,14.89,38.54,2025,2025-03,Q1
ORD-001904,2025-05-20,Enterprise,UK,Direct,Enterprise,7,1571.36,7.48,1563.88,679.36,884.52,1656.4,2025,2025-05,Q2
ORD-001905,2026-06-12,Plus,UK,Online,Mid-Market,5,361.91,5.84,356.07,209.99,146.08,377.72,2026,2026-06,Q2
ORD-001906,2025-12-29,Enterprise,UK,Online,Mid-Market,3,773.09,26.71,746.38,497.02,249.36,682.72,2025,2025-12,Q4
ORD-001907,2025-07-14,Plus,UK,Direct,Enterprise,3,240.61,10.56,230.05,126.67,103.38,203.44,2025,2025-07,Q3
ORD-001908,2025-02-13,Plus,US,Online,Enterprise,3,223.78,13.06,210.72,116.65,94.07,190.56,2025,2025-02,Q1
ORD-001909,2025-04-20,Enterprise,UAE,Direct,SMB,5,1092.38,7.33,1085.05,643.37,441.68,1109.74,2025,2025-04,Q2
ORD-001910,2025-12-05,Enterprise,US,Partner,Enterprise,4,1023.51,6.65,1016.86,599.11,417.75,1103.69,2025,2025-12,Q4
ORD-001911,2025-07-17,Core,UK,Online,Mid-Market,1,46.43,0.12,46.31,21.3,25.01,45.81,2025,2025-07,Q3
ORD-001912,2025-04-08,Enterprise,US,Direct,Mid-Market,5,1182.37,30.38,1151.99,655.89,496.1,1177.94,2025,2025-04,Q2
ORD-001913,2026-06-02,Plus,US,Direct,SMB,7,560.62,16.4,544.22,276.97,267.25,503.97,2026,2026-06,Q2
ORD-001914,2026-03-10,Core,Germany,Direct,SMB,4,182.84,2.11,180.73,91.96,88.77,201.96,2026,2026-03,Q1
ORD-001915,2026-07-20,Enterprise,UK,Direct,SMB,2,447.67,45.64,402.03,219.92,182.11,386.17,2026,2026-07,Q3
ORD-001916,2025-01-28,Plus,UK,Partner,Enterprise,2,138.88,4.79,134.09,88.72,45.37,129.95,2025,2025-01,Q1
ORD-001917,2025-03-28,Premium,US,Online,Enterprise,1,113.16,8.16,105.0,58.6,46.4,111.07,2025,2025-03,Q1
ORD-001918,2025-02-24,Core,US,Partner,SMB,3,146.45,5.75,140.7,66.23,74.47,157.12,2025,2025-02,Q1
ORD-001919,2025-01-04,Enterprise,UK,Direct,Mid-Market,5,1206.62,202.69,1003.93,471.15,532.78,997.44,2025,2025-01,Q1
ORD-001920,2025-10-13,Core,US,Direct,Enterprise,5,234.13,10.46,223.67,123.7,99.97,209.12,2025,2025-10,Q4
ORD-001921,2025-12-25,Premium,Germany,Partner,SMB,1,112.65,4.07,108.58,48.13,60.45,115.23,2025,2025-12,Q4
ORD-001922,2026-05-28,Premium,India,Direct,Enterprise,3,385.75,7.84,377.91,211.18,166.73,341.83,2026,2026-05,Q2
ORD-001923,2025-05-14,Plus,UAE,Online,Mid-Market,2,164.97,5.8,159.17,80.87,78.3,169.72,2025,2025-05,Q2
ORD-001924,2025-03-19,Core,UK,Partner,Mid-Market,1,45.24,2.87,42.37,27.93,14.44,38.14,2025,2025-03,Q1
ORD-001925,2025-08-04,Plus,India,Direct,Enterprise,4,292.68,4.07,288.61,136.31,152.3,306.11,2025,2025-08,Q3
ORD-001926,2025-09-17,Core,UK,Direct,SMB,1,40.64,0.43,40.21,19.35,20.86,37.7,2025,2025-09,Q3
ORD-001927,2025-01-07,Premium,US,Direct,SMB,2,260.48,26.78,233.7,146.99,86.71,261.72,2025,2025-01,Q1
ORD-001928,2025-03-24,Plus,UK,Online,SMB,4,294.41,27.87,266.54,122.96,143.58,247.93,2025,2025-03,Q1
ORD-001929,2025-11-10,Enterprise,UK,Direct,SMB,1,228.19,15.71,212.48,95.46,117.02,188.28,2025,2025-11,Q4
ORD-001930,2025-06-09,Core,Germany,Online,Mid-Market,2,95.41,10.32,85.09,54.57,30.52,81.57,2025,2025-06,Q2
ORD-001931,2025-05-25,Plus,UK,Partner,Enterprise,6,425.4,11.09,414.31,257.24,157.07,373.14,2025,2025-05,Q2
ORD-001932,2025-08-30,Premium,US,Online,SMB,2,259.63,2.12,257.51,160.34,97.17,261.56,2025,2025-08,Q3
ORD-001933,2025-09-21,Enterprise,UK,Online,Mid-Market,2,456.64,5.68,450.96,199.42,251.54,450.73,2025,2025-09,Q3
ORD-001934,2025-01-10,Core,UK,Online,SMB,5,219.68,17.89,201.79,95.48,106.31,179.42,2025,2025-01,Q1
ORD-001935,2026-06-11,Plus,UAE,Online,Enterprise,5,403.6,4.54,399.06,260.72,138.34,359.54,2026,2026-06,Q2
ORD-001936,2025-04-02,Plus,India,Direct,SMB,2,163.65,2.95,160.7,78.41,82.29,171.22,2025,2025-04,Q2
ORD-001937,2025-07-03,Core,UK,Direct,Mid-Market,1,43.4,0.77,42.63,27.82,14.81,45.65,2025,2025-07,Q3
ORD-001938,2025-12-20,Plus,UK,Direct,Mid-Market,3,224.76,14.08,210.68,109.57,101.11,190.29,2025,2025-12,Q4
ORD-001939,2025-12-15,Core,Germany,Partner,SMB,3,145.33,9.03,136.3,84.14,52.16,125.27,2025,2025-12,Q4
ORD-001940,2025-11-18,Plus,Germany,Direct,Mid-Market,2,151.57,5.77,145.8,72.95,72.85,146.92,2025,2025-11,Q4
ORD-001941,2025-04-13,Enterprise,UK,Online,Enterprise,4,1026.47,2.45,1024.02,587.88,436.14,980.52,2025,2025-04,Q2
ORD-001942,2025-08-16,Enterprise,US,Direct,Mid-Market,4,897.54,62.05,835.49,431.75,403.74,824.26,2025,2025-08,Q3
ORD-001943,2025-09-28,Plus,UAE,Direct,Enterprise,4,279.59,12.42,267.17,143.02,124.15,267.18,2025,2025-09,Q3
ORD-001944,2025-10-23,Core,UK,Online,Mid-Market,2,86.84,2.06,84.78,50.27,34.51,86.7,2025,2025-10,Q4
ORD-001945,2025-11-07,Premium,India,Partner,SMB,2,259.3,5.15,254.15,150.09,104.06,273.23,2025,2025-11,Q4
ORD-001946,2026-04-06,Core,UAE,Direct,Mid-Market,3,144.13,5.32,138.81,88.96,49.85,145.68,2026,2026-04,Q2
ORD-001947,2025-01-02,Core,India,Direct,Enterprise,1,44.36,3.28,41.08,26.25,14.83,43.58,2025,2025-01,Q1
ORD-001948,2025-08-21,Plus,UK,Partner,SMB,4,325.34,23.49,301.85,163.85,138.0,276.78,2025,2025-08,Q3
ORD-001949,2026-01-31,Enterprise,US,Direct,SMB,2,462.39,16.77,445.62,205.16,240.46,473.81,2026,2026-01,Q1
ORD-001950,2026-03-10,Premium,UAE,Online,Enterprise,2,230.13,1.45,228.68,149.95,78.73,227.85,2026,2026-03,Q1
ORD-001951,2025-09-14,Premium,Germany,Direct,SMB,4,523.18,18.15,505.03,306.16,198.87,505.01,2025,2025-09,Q3
ORD-001952,2025-01-03,Enterprise,Germany,Partner,SMB,1,217.83,5.95,211.88,126.14,85.74,234.28,2025,2025-01,Q1
ORD-001953,2025-11-13,Core,India,Direct,SMB,2,82.37,7.63,74.74,49.36,25.38,76.94,2025,2025-11,Q4
ORD-001954,2025-09-09,Plus,US,Online,Mid-Market,4,293.38,5.46,287.92,152.38,135.54,257.31,2025,2025-09,Q3
ORD-001955,2026-04-21,Plus,UK,Partner,Enterprise,2,164.34,8.56,155.78,89.92,65.86,160.23,2026,2026-04,Q2
ORD-001956,2026-05-30,Plus,UK,Direct,SMB,2,141.62,1.57,140.05,62.92,77.13,133.54,2026,2026-05,Q2
ORD-001957,2026-06-21,Core,US,Direct,Enterprise,3,127.14,1.29,125.85,63.5,62.35,137.91,2026,2026-06,Q2
ORD-001958,2026-06-25,Premium,Germany,Direct,SMB,1,111.63,8.17,103.46,60.98,42.48,101.52,2026,2026-06,Q2
ORD-001959,2025-07-20,Core,UK,Direct,Enterprise,2,92.43,1.52,90.91,60.09,30.82,90.32,2025,2025-07,Q3
ORD-001960,2026-02-10,Plus,US,Partner,Enterprise,2,149.52,7.43,142.09,88.06,54.03,154.85,2026,2026-02,Q1
ORD-001961,2025-06-03,Plus,UAE,Direct,Mid-Market,5,373.26,27.26,346.0,164.31,181.69,382.08,2025,2025-06,Q2
ORD-001962,2025-06-22,Premium,Germany,Direct,SMB,1,114.36,3.49,110.87,60.85,50.02,102.18,2025,2025-06,Q2
ORD-001963,2026-01-04,Enterprise,UK,Partner,Mid-Market,1,224.02,23.36,200.66,94.89,105.77,223.57,2026,2026-01,Q1
ORD-001964,2026-07-20,Core,India,Partner,SMB,2,90.46,2.32,88.14,44.84,43.3,83.29,2026,2026-07,Q3
ORD-001965,2026-04-28,Plus,India,Direct,SMB,3,241.24,17.97,223.27,145.67,77.6,241.5,2026,2026-04,Q2
ORD-001966,2026-03-31,Plus,UK,Direct,SMB,6,478.84,4.8,474.04,250.74,223.3,453.15,2026,2026-03,Q1
ORD-001967,2025-08-09,Core,India,Direct,Enterprise,2,94.91,0.52,94.39,57.7,36.69,88.52,2025,2025-08,Q3
ORD-001968,2025-06-02,Enterprise,US,Direct,SMB,1,252.03,6.51,245.52,118.12,127.4,256.35,2025,2025-06,Q2
ORD-001969,2025-12-24,Core,India,Online,SMB,1,45.25,1.64,43.61,28.19,15.42,47.62,2025,2025-12,Q4
ORD-001970,2025-10-05,Plus,India,Direct,SMB,2,150.53,3.38,147.15,62.8,84.35,153.27,2025,2025-10,Q4
ORD-001971,2025-03-20,Premium,UAE,Partner,Mid-Market,3,360.94,7.79,353.15,216.46,136.69,358.05,2025,2025-03,Q1
ORD-001972,2025-10-16,Core,UK,Online,SMB,3,146.86,9.72,137.14,75.05,62.09,154.89,2025,2025-10,Q4
ORD-001973,2026-05-01,Enterprise,Germany,Partner,Enterprise,6,1459.56,18.17,1441.39,658.08,783.31,1408.26,2026,2026-05,Q2
ORD-001974,2026-03-01,Plus,India,Partner,SMB,4,276.28,8.37,267.91,174.49,93.42,281.57,2026,2026-03,Q1
ORD-001975,2026-02-08,Core,UK,Online,Mid-Market,4,189.74,11.74,178.0,93.14,84.86,190.64,2026,2026-02,Q1
ORD-001976,2025-02-19,Enterprise,UK,Direct,SMB,2,466.45,1.59,464.86,202.19,262.67,473.03,2025,2025-02,Q1
ORD-001977,2025-02-24,Plus,US,Online,SMB,3,226.48,11.62,214.86,94.77,120.09,211.78,2025,2025-02,Q1
ORD-001978,2025-08-11,Premium,UAE,Direct,SMB,5,655.28,12.1,643.18,295.08,348.1,722.76,2025,2025-08,Q3
ORD-001979,2025-04-25,Enterprise,UK,Direct,SMB,1,254.36,0.58,253.78,159.5,94.28,248.89,2025,2025-04,Q2
ORD-001980,2025-11-30,Plus,UK,Direct,Enterprise,4,290.56,11.07,279.49,126.76,152.73,288.38,2025,2025-11,Q4
ORD-001981,2025-01-27,Plus,India,Direct,Enterprise,7,483.17,0.57,482.6,263.05,219.55,536.8,2025,2025-01,Q1
ORD-001982,2025-08-29,Premium,US,Online,SMB,2,255.07,12.89,242.18,160.09,82.09,228.47,2025,2025-08,Q3
ORD-001983,2026-02-18,Enterprise,UAE,Online,SMB,1,229.72,6.58,223.14,144.35,78.79,248.34,2026,2026-02,Q1
ORD-001984,2025-05-03,Plus,UK,Online,Enterprise,6,452.26,41.18,411.08,261.4,149.68,456.09,2025,2025-05,Q2
ORD-001985,2025-10-10,Plus,India,Direct,Mid-Market,3,203.08,38.59,164.49,104.57,59.92,167.54,2025,2025-10,Q4
ORD-001986,2026-07-13,Plus,US,Direct,SMB,1,75.26,1.46,73.8,34.79,39.01,68.56,2026,2026-07,Q3
ORD-001987,2025-08-11,Core,UK,Online,SMB,4,172.7,5.9,166.8,79.71,87.09,158.41,2025,2025-08,Q3
ORD-001988,2025-04-17,Premium,US,Partner,SMB,4,523.2,40.94,482.26,302.44,179.82,507.94,2025,2025-04,Q2
ORD-001989,2025-06-19,Core,UAE,Direct,Enterprise,2,97.18,6.7,90.48,42.96,47.52,83.47,2025,2025-06,Q2
ORD-001990,2026-02-16,Premium,Germany,Online,Mid-Market,2,218.0,21.36,196.64,84.08,112.56,201.04,2026,2026-02,Q1
ORD-001991,2026-02-27,Plus,UK,Online,Enterprise,3,210.45,7.92,202.53,130.31,72.22,229.49,2026,2026-02,Q1
ORD-001992,2025-10-09,Core,UK,Partner,Enterprise,2,81.21,2.13,79.08,34.2,44.88,79.02,2025,2025-10,Q4
ORD-001993,2025-01-12,Core,India,Online,Mid-Market,1,40.99,1.08,39.91,21.77,18.14,37.71,2025,2025-01,Q1
ORD-001994,2025-11-15,Plus,UK,Direct,Enterprise,5,410.95,36.57,374.38,186.57,187.81,358.52,2025,2025-11,Q4
ORD-001995,2026-01-03,Core,UK,Direct,Mid-Market,2,92.31,2.45,89.86,44.03,45.83,96.16,2026,2026-01,Q1
ORD-001996,2026-01-10,Core,Germany,Direct,SMB,2,96.26,5.19,91.07,60.63,30.44,84.16,2026,2026-01,Q1
ORD-001997,2025-02-07,Plus,US,Online,Mid-Market,2,135.83,3.38,132.45,78.16,54.29,141.06,2025,2025-02,Q1
ORD-001998,2026-05-20,Premium,US,Online,SMB,1,116.58,1.76,114.82,59.79,55.03,111.99,2026,2026-05,Q2
ORD-001999,2025-07-31,Core,Germany,Direct,Mid-Market,2,96.17,6.82,89.35,40.7,48.65,93.09,2025,2025-07,Q3
ORD-002000,2025-09-06,Premium,India,Online,Enterprise,1,128.89,1.06,127.83,68.06,59.77,129.78,2025,2025-09,Q3
ORD-002001,2026-07-05,Core,UK,Direct,SMB,3,122.82,2.48,120.34,51.8,68.54,134.43,2026,2026-07,Q3
ORD-002002,2026-04-10,Premium,India,Partner,Enterprise,1,113.47,2.13,111.34,61.46,49.88,101.25,2026,2026-04,Q2
ORD-002003,2025-09-13,Enterprise,UK,Online,SMB,11,2442.34,72.12,2370.22,1004.55,1365.67,2449.71,2025,2025-09,Q3
ORD-002004,2025-02-12,Enterprise,US,Online,Enterprise,6,1549.82,56.08,1493.74,708.11,785.63,1487.83,2025,2025-02,Q1
ORD-002005,2025-08-15,Plus,India,Direct,Enterprise,1,80.64,2.04,78.6,42.53,36.07,71.41,2025,2025-08,Q3
ORD-002006,2025-08-27,Enterprise,UK,Online,Mid-Market,4,961.32,47.36,913.96,586.83,327.13,838.89,2025,2025-08,Q3
ORD-002007,2025-09-03,Core,UK,Online,Enterprise,3,133.24,4.32,128.92,84.27,44.65,119.13,2025,2025-09,Q3
ORD-002008,2026-06-08,Plus,US,Online,SMB,2,139.39,4.36,135.03,74.68,60.35,119.58,2026,2026-06,Q2
ORD-002009,2025-10-28,Enterprise,Germany,Online,Mid-Market,2,510.37,48.56,461.81,228.67,233.14,489.5,2025,2025-10,Q4
ORD-002010,2025-10-25,Core,Germany,Online,Enterprise,1,48.55,2.27,46.28,26.3,19.98,45.68,2025,2025-10,Q4
ORD-002011,2026-04-07,Core,Germany,Direct,Mid-Market,2,91.03,3.09,87.94,57.78,30.16,78.89,2026,2026-04,Q2
ORD-002012,2025-05-21,Premium,UK,Direct,SMB,2,225.53,5.83,219.7,96.8,122.9,249.49,2025,2025-05,Q2
ORD-002013,2025-04-26,Core,UK,Direct,Mid-Market,3,135.06,7.1,127.96,63.89,64.07,122.08,2025,2025-04,Q2
ORD-002014,2025-10-16,Core,India,Online,Enterprise,4,184.97,6.57,178.4,104.48,73.92,174.18,2025,2025-10,Q4
ORD-002015,2026-04-22,Plus,Germany,Online,SMB,1,79.04,1.81,77.23,45.67,31.56,82.44,2026,2026-04,Q2
ORD-002016,2025-09-15,Core,US,Direct,SMB,4,173.5,5.96,167.54,81.84,85.7,162.96,2025,2025-09,Q3
ORD-002017,2026-04-25,Plus,US,Online,Enterprise,1,72.88,3.37,69.51,29.33,40.18,70.62,2026,2026-04,Q2
ORD-002018,2025-03-20,Core,India,Online,SMB,2,84.53,1.71,82.82,55.24,27.58,82.59,2025,2025-03,Q1
ORD-002019,2025-07-08,Core,UAE,Direct,Enterprise,3,131.94,12.91,119.03,79.55,39.48,110.36,2025,2025-07,Q3
ORD-002020,2026-01-22,Core,UAE,Direct,Mid-Market,7,318.52,14.19,304.33,160.73,143.6,337.28,2026,2026-01,Q1
ORD-002021,2025-08-03,Premium,UAE,Direct,Enterprise,4,522.59,32.81,489.78,208.63,281.15,529.17,2025,2025-08,Q3
ORD-002022,2025-04-13,Premium,UAE,Partner,Mid-Market,1,120.83,8.21,112.62,64.77,47.85,99.6,2025,2025-04,Q2
ORD-002023,2025-01-11,Premium,UK,Direct,SMB,6,739.17,54.06,685.11,342.29,342.82,666.91,2025,2025-01,Q1
ORD-002024,2026-01-26,Plus,UK,Online,SMB,2,148.72,15.02,133.7,66.41,67.29,140.72,2026,2026-01,Q1
ORD-002025,2026-01-12,Plus,UK,Partner,SMB,2,135.73,11.49,124.24,78.22,46.02,118.11,2026,2026-01,Q1
ORD-002026,2026-07-12,Core,India,Partner,Mid-Market,1,40.63,2.41,38.22,22.68,15.54,39.14,2026,2026-07,Q3
ORD-002027,2025-09-06,Core,UK,Direct,Enterprise,1,47.55,5.01,42.54,20.0,22.54,41.71,2025,2025-09,Q3
ORD-002028,2025-05-17,Premium,Germany,Partner,SMB,4,514.77,22.59,492.18,321.5,170.68,472.04,2025,2025-05,Q2
ORD-002029,2026-03-30,Plus,UK,Direct,Enterprise,3,232.0,4.32,227.68,101.03,126.65,247.3,2026,2026-03,Q1
ORD-002030,2025-09-26,Premium,India,Direct,SMB,2,231.5,4.69,226.81,133.33,93.48,254.98,2025,2025-09,Q3
ORD-002031,2025-08-08,Core,UK,Direct,Mid-Market,1,47.81,1.01,46.8,25.84,20.96,53.14,2025,2025-08,Q3
ORD-002032,2025-05-14,Plus,US,Direct,Enterprise,2,164.81,1.06,163.75,100.04,63.71,156.16,2025,2025-05,Q2
ORD-002033,2025-10-21,Core,UK,Direct,SMB,3,129.44,4.53,124.91,83.07,41.84,111.62,2025,2025-10,Q4
ORD-002034,2026-03-03,Premium,UK,Partner,SMB,2,224.01,6.14,217.87,107.41,110.46,208.09,2026,2026-03,Q1
ORD-002035,2025-07-15,Plus,UAE,Online,SMB,3,240.49,33.13,207.36,88.54,118.82,210.62,2025,2025-07,Q3
ORD-002036,2025-09-25,Premium,UAE,Partner,SMB,1,116.77,1.32,115.45,54.54,60.91,119.27,2025,2025-09,Q3
ORD-002037,2026-01-17,Premium,India,Direct,SMB,1,124.07,11.19,112.88,62.49,50.39,105.6,2026,2026-01,Q1
ORD-002038,2025-05-26,Enterprise,US,Online,SMB,1,216.48,20.03,196.45,100.44,96.01,173.82,2025,2025-05,Q2
ORD-002039,2026-01-05,Core,India,Direct,SMB,1,42.51,1.93,40.58,20.22,20.36,36.55,2026,2026-01,Q1
ORD-002040,2026-04-20,Plus,Germany,Online,SMB,2,135.84,7.27,128.57,78.16,50.41,117.56,2026,2026-04,Q2
ORD-002041,2025-10-30,Plus,UK,Online,Mid-Market,8,656.74,19.45,637.29,357.85,279.44,628.84,2025,2025-10,Q4
ORD-002042,2026-02-15,Core,Germany,Partner,Mid-Market,3,143.85,3.39,140.46,86.83,53.63,152.52,2026,2026-02,Q1
ORD-002043,2025-03-30,Enterprise,UK,Direct,SMB,1,257.47,23.98,233.49,138.75,94.74,245.48,2025,2025-03,Q1
ORD-002044,2025-01-18,Core,US,Partner,Mid-Market,3,129.99,22.72,107.27,47.19,60.08,112.74,2025,2025-01,Q1
ORD-002045,2026-07-06,Core,UK,Direct,Mid-Market,1,42.51,1.37,41.14,26.96,14.18,43.89,2026,2026-07,Q3
ORD-002046,2026-03-28,Enterprise,UK,Direct,SMB,4,927.4,43.16,884.24,587.82,296.42,916.63,2026,2026-03,Q1
ORD-002047,2026-01-23,Plus,UK,Direct,Enterprise,2,135.6,2.93,132.67,85.9,46.77,148.89,2026,2026-01,Q1
ORD-002048,2025-01-31,Core,UK,Direct,SMB,2,85.35,1.99,83.36,55.39,27.97,80.63,2025,2025-01,Q1
ORD-002049,2025-02-20,Enterprise,UAE,Direct,SMB,5,1170.32,103.38,1066.94,695.7,371.24,1203.3,2025,2025-02,Q1
ORD-002050,2025-09-18,Premium,Germany,Direct,SMB,2,238.0,4.7,233.3,101.29,132.01,265.06,2025,2025-09,Q3
ORD-002051,2026-07-16,Plus,US,Online,SMB,2,148.71,11.28,137.43,89.62,47.81,136.65,2026,2026-07,Q3
ORD-002052,2026-04-07,Plus,UAE,Direct,Mid-Market,6,484.34,22.09,462.25,216.16,246.09,467.88,2026,2026-04,Q2
ORD-002053,2025-05-04,Plus,US,Direct,Mid-Market,1,71.75,0.27,71.48,34.28,37.2,70.33,2025,2025-05,Q2
ORD-002054,2025-06-30,Core,UK,Partner,Mid-Market,4,174.55,5.5,169.05,108.52,60.53,176.49,2025,2025-06,Q2
ORD-002055,2025-05-06,Core,UK,Direct,SMB,3,123.84,5.72,118.12,65.97,52.15,128.85,2025,2025-05,Q2
ORD-002056,2026-04-22,Premium,India,Direct,Mid-Market,1,123.89,2.04,121.85,79.91,41.94,130.12,2026,2026-04,Q2
ORD-002057,2026-05-24,Enterprise,UK,Partner,SMB,2,466.68,14.78,451.9,192.06,259.84,407.53,2026,2026-05,Q2
ORD-002058,2026-04-09,Plus,India,Direct,Mid-Market,1,77.87,5.64,72.23,31.77,40.46,80.48,2026,2026-04,Q2
ORD-002059,2025-06-11,Core,UK,Online,Mid-Market,5,224.04,12.09,211.95,130.36,81.59,214.29,2025,2025-06,Q2
ORD-002060,2026-01-13,Plus,Germany,Online,SMB,2,149.53,7.51,142.02,75.32,66.7,131.83,2026,2026-01,Q1
ORD-002061,2025-01-01,Plus,UAE,Direct,SMB,4,325.71,17.91,307.8,163.92,143.88,278.65,2025,2025-01,Q1
ORD-002062,2025-06-24,Plus,UK,Direct,Mid-Market,4,274.98,5.81,269.17,166.88,102.29,271.04,2025,2025-06,Q2
ORD-002063,2026-03-01,Core,US,Direct,Enterprise,3,139.99,6.61,133.38,75.03,58.35,140.87,2026,2026-03,Q1
ORD-002064,2025-10-05,Premium,Germany,Direct,Enterprise,1,120.57,6.03,114.54,66.98,47.56,129.73,2025,2025-10,Q4
ORD-002065,2025-07-12,Premium,UAE,Direct,SMB,2,225.3,8.32,216.98,120.65,96.33,209.88,2025,2025-07,Q3
ORD-002066,2025-09-18,Plus,UAE,Partner,Enterprise,2,158.5,11.69,146.81,65.13,81.68,131.39,2025,2025-09,Q3
ORD-002067,2025-02-18,Premium,UK,Partner,Mid-Market,5,553.37,10.09,543.28,237.17,306.11,479.97,2025,2025-02,Q1
ORD-002068,2025-09-14,Enterprise,UK,Direct,Enterprise,4,1044.46,84.25,960.21,464.11,496.1,891.57,2025,2025-09,Q3
ORD-002069,2026-02-03,Premium,UAE,Direct,Enterprise,1,109.12,2.3,106.82,71.01,35.81,96.55,2026,2026-02,Q1
ORD-002070,2026-06-29,Premium,UK,Online,Mid-Market,1,125.86,0.9,124.96,78.37,46.59,116.28,2026,2026-06,Q2
ORD-002071,2025-12-24,Core,India,Online,Mid-Market,1,46.76,1.23,45.53,30.31,15.22,46.63,2025,2025-12,Q4
ORD-002072,2026-03-22,Core,US,Online,SMB,3,134.84,2.03,132.81,65.46,67.35,148.12,2026,2026-03,Q1
ORD-002073,2026-06-16,Core,US,Direct,Enterprise,1,48.73,2.49,46.24,23.17,23.07,52.21,2026,2026-06,Q2
ORD-002074,2026-07-25,Plus,US,Partner,SMB,1,73.06,6.83,66.23,37.62,28.61,58.73,2026,2026-07,Q3
ORD-002075,2026-05-19,Plus,Germany,Online,Enterprise,4,281.99,23.34,258.65,126.79,131.86,264.39,2026,2026-05,Q2
ORD-002076,2025-01-09,Premium,India,Online,SMB,7,880.34,65.26,815.08,521.93,293.15,736.4,2025,2025-01,Q1
ORD-002077,2026-06-04,Core,UK,Online,SMB,2,88.26,4.48,83.78,36.81,46.97,83.97,2026,2026-06,Q2
ORD-002078,2026-04-23,Plus,Germany,Online,Mid-Market,2,163.22,6.14,157.08,67.2,89.88,161.34,2026,2026-04,Q2
ORD-002079,2026-05-23,Premium,US,Direct,SMB,2,255.76,11.19,244.57,154.51,90.06,276.87,2026,2026-05,Q2
ORD-002080,2026-04-05,Premium,UK,Online,Enterprise,5,625.18,12.49,612.69,263.89,348.8,655.5,2026,2026-04,Q2
ORD-002081,2026-04-09,Premium,UK,Online,Mid-Market,3,342.54,21.39,321.15,150.61,170.54,329.27,2026,2026-04,Q2
ORD-002082,2026-01-31,Core,Germany,Partner,Mid-Market,2,98.37,0.95,97.42,52.8,44.62,106.0,2026,2026-01,Q1
ORD-002083,2025-12-12,Enterprise,Germany,Direct,Mid-Market,7,1731.07,132.82,1598.25,750.73,847.52,1434.1,2025,2025-12,Q4
ORD-002084,2026-06-08,Enterprise,UK,Direct,SMB,3,723.9,83.44,640.46,379.68,260.78,633.98,2026,2026-06,Q2
ORD-002085,2025-01-02,Enterprise,UK,Partner,Enterprise,4,1015.4,42.53,972.87,578.62,394.25,946.83,2025,2025-01,Q1
ORD-002086,2025-02-05,Premium,India,Partner,Enterprise,9,1121.42,18.73,1102.69,631.71,470.98,1210.26,2025,2025-02,Q1
ORD-002087,2025-03-12,Premium,India,Online,Mid-Market,1,126.75,3.43,123.32,71.8,51.52,116.58,2025,2025-03,Q1
ORD-002088,2025-12-04,Premium,UAE,Direct,Enterprise,2,258.81,17.2,241.61,128.34,113.27,242.49,2025,2025-12,Q4
ORD-002089,2025-06-28,Plus,UK,Online,Enterprise,2,145.08,1.52,143.56,86.95,56.61,149.99,2025,2025-06,Q2
ORD-002090,2025-03-24,Core,India,Direct,SMB,3,139.03,7.13,131.9,87.45,44.45,121.37,2025,2025-03,Q1
ORD-002091,2025-06-25,Core,UK,Direct,Enterprise,2,91.74,1.07,90.67,49.52,41.15,98.78,2025,2025-06,Q2
ORD-002092,2025-11-30,Plus,US,Partner,Enterprise,8,618.96,18.79,600.17,310.99,289.18,683.06,2025,2025-11,Q4
ORD-002093,2025-10-04,Plus,UK,Direct,SMB,6,468.29,4.01,464.28,244.9,219.38,422.4,2025,2025-10,Q4
ORD-002094,2026-01-17,Core,UAE,Partner,SMB,6,244.64,17.43,227.21,123.62,103.59,207.49,2026,2026-01,Q1
ORD-002095,2026-06-11,Premium,US,Direct,SMB,1,127.23,18.75,108.48,48.41,60.07,96.9,2026,2026-06,Q2
ORD-002096,2026-04-21,Premium,India,Direct,SMB,2,261.56,9.2,252.36,162.84,89.52,242.26,2026,2026-04,Q2
ORD-002097,2025-06-17,Enterprise,UK,Direct,Enterprise,8,2024.89,84.41,1940.48,1065.5,874.98,2085.22,2025,2025-06,Q2
ORD-002098,2025-07-28,Core,India,Online,Mid-Market,4,169.49,2.48,167.01,74.32,92.69,153.23,2025,2025-07,Q3
ORD-002099,2025-05-25,Premium,UK,Online,Enterprise,4,527.11,20.35,506.76,217.01,289.75,487.83,2025,2025-05,Q2
ORD-002100,2026-01-14,Premium,UK,Direct,Mid-Market,2,230.57,6.66,223.91,108.97,114.94,223.76,2026,2026-01,Q1
ORD-002101,2025-05-30,Plus,India,Online,SMB,4,275.28,8.14,267.14,138.16,128.98,244.38,2025,2025-05,Q2
ORD-002102,2025-01-31,Enterprise,India,Direct,Mid-Market,1,231.99,11.34,220.65,110.67,109.98,225.35,2025,2025-01,Q1
ORD-002103,2025-10-07,Core,UK,Direct,Mid-Market,1,45.45,1.62,43.83,19.66,24.17,39.28,2025,2025-10,Q4
ORD-002104,2025-08-24,Plus,US,Direct,SMB,4,275.9,15.84,260.06,128.01,132.05,284.56,2025,2025-08,Q3
ORD-002105,2025-01-23,Premium,UK,Online,Enterprise,3,364.48,15.96,348.52,156.46,192.06,331.44,2025,2025-01,Q1
ORD-002106,2026-02-19,Enterprise,UK,Online,Enterprise,2,512.08,5.01,507.07,240.14,266.93,448.46,2026,2026-02,Q1
ORD-002107,2026-02-19,Plus,Germany,Direct,Mid-Market,4,285.63,2.67,282.96,160.29,122.67,279.79,2026,2026-02,Q1
ORD-002108,2026-02-02,Premium,UK,Direct,SMB,1,125.6,0.29,125.31,66.11,59.2,123.54,2026,2026-02,Q1
ORD-002109,2025-07-24,Core,UAE,Direct,Mid-Market,9,396.72,5.84,390.88,176.02,214.86,351.17,2025,2025-07,Q3
ORD-002110,2025-07-08,Plus,India,Direct,SMB,2,145.79,2.85,142.94,62.08,80.86,138.81,2025,2025-07,Q3
ORD-002111,2025-10-26,Core,UK,Online,Mid-Market,3,125.5,13.03,112.47,64.37,48.1,121.73,2025,2025-10,Q4
ORD-002112,2025-06-26,Core,US,Partner,SMB,5,202.78,0.54,202.24,121.59,80.65,199.81,2025,2025-06,Q2
ORD-002113,2025-07-17,Enterprise,UAE,Partner,Mid-Market,5,1293.18,32.71,1260.47,710.76,549.71,1428.9,2025,2025-07,Q3
ORD-002114,2025-04-06,Premium,UK,Online,Mid-Market,2,218.65,1.54,217.11,92.48,124.63,191.81,2025,2025-04,Q2
ORD-002115,2026-03-22,Core,UK,Partner,Mid-Market,3,124.94,3.26,121.68,51.96,69.72,124.29,2026,2026-03,Q1
ORD-002116,2025-12-16,Premium,UK,Direct,Mid-Market,1,118.07,5.75,112.32,59.49,52.83,102.18,2025,2025-12,Q4
ORD-002117,2025-09-29,Plus,Germany,Online,Enterprise,3,243.84,10.38,233.46,126.36,107.1,207.15,2025,2025-09,Q3
ORD-002118,2026-06-08,Premium,India,Online,SMB,1,126.84,6.48,120.36,60.77,59.59,115.63,2026,2026-06,Q2
ORD-002119,2025-07-02,Core,UAE,Partner,Mid-Market,1,46.6,0.94,45.66,25.43,20.23,47.97,2025,2025-07,Q3
ORD-002120,2026-03-10,Enterprise,UK,Direct,Enterprise,4,999.98,165.06,834.92,444.68,390.24,832.65,2026,2026-03,Q1
ORD-002121,2025-12-04,Premium,US,Direct,Enterprise,3,336.73,5.25,331.48,200.89,130.59,338.74,2025,2025-12,Q4
ORD-002122,2025-10-03,Premium,UK,Direct,Mid-Market,4,460.62,9.19,451.43,289.99,161.44,418.1,2025,2025-10,Q4
ORD-002123,2025-08-26,Plus,UK,Online,Enterprise,4,310.39,2.96,307.43,157.19,150.24,349.09,2025,2025-08,Q3
ORD-002124,2026-07-31,Plus,Germany,Online,SMB,1,74.44,1.3,73.14,39.48,33.66,78.12,2026,2026-07,Q3
ORD-002125,2025-08-28,Enterprise,US,Direct,SMB,1,258.7,1.58,257.12,144.89,112.23,277.22,2025,2025-08,Q3
ORD-002126,2025-04-14,Plus,India,Partner,SMB,3,244.68,3.37,241.31,125.72,115.59,247.7,2025,2025-04,Q2
ORD-002127,2026-01-22,Core,UK,Partner,Mid-Market,1,46.67,1.81,44.86,27.13,17.73,42.18,2026,2026-01,Q1
ORD-002128,2026-03-26,Enterprise,US,Direct,Enterprise,1,246.18,13.42,232.76,123.64,109.12,218.69,2026,2026-03,Q1
ORD-002129,2025-03-05,Plus,US,Direct,SMB,4,318.53,26.31,292.22,166.52,125.7,320.91,2025,2025-03,Q1
ORD-002130,2025-03-15,Enterprise,UAE,Direct,SMB,2,508.05,3.35,504.7,235.13,269.57,528.18,2025,2025-03,Q1
ORD-002131,2026-04-03,Enterprise,India,Online,SMB,2,503.73,6.44,497.29,311.96,185.33,452.03,2026,2026-04,Q2
ORD-002132,2025-09-18,Plus,Germany,Partner,Mid-Market,2,147.08,5.13,141.95,74.24,67.71,161.3,2025,2025-09,Q3
ORD-002133,2026-03-18,Plus,UAE,Direct,Mid-Market,2,150.6,4.11,146.49,61.89,84.6,136.51,2026,2026-03,Q1
ORD-002134,2026-05-25,Premium,UK,Partner,SMB,1,124.01,3.57,120.44,63.89,56.55,125.65,2026,2026-05,Q2
ORD-002135,2025-01-09,Core,UK,Partner,Mid-Market,2,84.56,3.36,81.2,53.52,27.68,83.77,2025,2025-01,Q1
ORD-002136,2026-07-24,Core,India,Partner,SMB,3,132.33,4.32,128.01,83.2,44.81,135.76,2026,2026-07,Q3
ORD-002137,2025-01-18,Plus,UAE,Online,SMB,1,79.93,3.17,76.76,40.37,36.39,74.9,2025,2025-01,Q1
ORD-002138,2025-01-26,Premium,UK,Online,SMB,2,256.8,10.49,246.31,145.07,101.24,270.67,2025,2025-01,Q1
ORD-002139,2026-02-04,Plus,US,Partner,SMB,4,299.31,14.21,285.1,137.72,147.38,312.05,2026,2026-02,Q1
ORD-002140,2025-04-30,Premium,UK,Direct,SMB,2,223.89,3.33,220.56,143.21,77.35,225.14,2025,2025-04,Q2
ORD-002141,2025-01-26,Core,UK,Direct,SMB,4,178.82,3.02,175.8,114.15,61.65,184.74,2025,2025-01,Q1
ORD-002142,2025-05-28,Plus,UK,Online,SMB,3,231.91,28.2,203.71,109.2,94.51,179.49,2025,2025-05,Q2
ORD-002143,2026-06-15,Plus,UK,Online,SMB,4,288.76,5.11,283.65,129.37,154.28,261.77,2026,2026-06,Q2
ORD-002144,2026-04-22,Core,Germany,Online,Mid-Market,5,237.37,3.99,233.38,113.46,119.92,264.5,2026,2026-04,Q2
ORD-002145,2026-07-07,Core,UK,Online,Mid-Market,2,82.91,6.68,76.23,44.15,32.08,84.48,2026,2026-07,Q3
ORD-002146,2025-12-07,Core,UK,Partner,Mid-Market,2,89.01,5.75,83.26,43.51,39.75,82.52,2025,2025-12,Q4
ORD-002147,2026-03-31,Core,UK,Direct,SMB,1,44.22,2.96,41.26,18.54,22.72,45.9,2026,2026-03,Q1
ORD-002148,2025-05-14,Core,UAE,Online,SMB,2,82.86,1.54,81.32,50.58,30.74,91.74,2025,2025-05,Q2
ORD-002149,2026-07-01,Plus,UK,Direct,Enterprise,1,81.42,2.22,79.2,45.67,33.53,85.72,2026,2026-07,Q3
ORD-002150,2026-04-21,Core,UK,Direct,SMB,1,47.13,2.45,44.68,20.41,24.27,42.17,2026,2026-04,Q2
ORD-002151,2026-06-02,Plus,Germany,Online,Mid-Market,5,402.58,13.71,388.87,240.11,148.76,345.51,2026,2026-06,Q2
ORD-002152,2026-06-13,Enterprise,US,Partner,Enterprise,3,773.43,61.65,711.78,414.06,297.72,682.59,2026,2026-06,Q2
ORD-002153,2026-03-08,Enterprise,India,Online,SMB,1,235.36,1.35,234.01,104.7,129.31,247.03,2026,2026-03,Q1
ORD-002154,2025-08-07,Core,UK,Online,Enterprise,1,46.87,3.52,43.35,27.75,15.6,41.99,2025,2025-08,Q3
ORD-002155,2026-01-27,Plus,UK,Partner,Mid-Market,2,151.91,4.32,147.59,77.11,70.48,135.94,2026,2026-01,Q1
ORD-002156,2025-11-28,Enterprise,UK,Partner,Enterprise,3,714.78,9.38,705.4,353.77,351.63,747.03,2025,2025-11,Q4
ORD-002157,2025-12-06,Core,India,Direct,SMB,2,95.32,0.43,94.89,62.57,32.32,91.32,2025,2025-12,Q4
ORD-002158,2025-11-26,Core,UK,Partner,SMB,2,84.28,7.26,77.02,43.05,33.97,85.75,2025,2025-11,Q4
ORD-002159,2025-10-14,Core,UK,Online,SMB,2,94.34,2.88,91.46,57.82,33.64,83.78,2025,2025-10,Q4
ORD-002160,2025-08-04,Enterprise,UK,Direct,Mid-Market,1,251.71,2.13,249.58,129.06,120.52,269.99,2025,2025-08,Q3
ORD-002161,2026-03-06,Enterprise,India,Direct,SMB,4,915.11,6.08,909.03,580.96,328.07,814.29,2026,2026-03,Q1
ORD-002162,2025-04-19,Premium,UK,Direct,SMB,4,510.49,7.74,502.75,280.91,221.84,564.07,2025,2025-04,Q2
ORD-002163,2026-07-04,Plus,UAE,Partner,SMB,4,278.0,12.69,265.31,135.72,129.59,301.84,2026,2026-07,Q3
ORD-002164,2026-02-20,Plus,UAE,Direct,SMB,3,209.08,1.88,207.2,108.51,98.69,194.37,2026,2026-02,Q1
ORD-002165,2026-06-27,Enterprise,UK,Direct,Mid-Market,2,439.12,22.76,416.36,217.14,199.22,412.82,2026,2026-06,Q2
ORD-002166,2025-06-24,Core,India,Online,Mid-Market,2,85.0,0.88,84.12,41.03,43.09,74.17,2025,2025-06,Q2
ORD-002167,2026-03-04,Plus,US,Direct,Mid-Market,3,230.94,8.47,222.47,144.38,78.09,234.45,2026,2026-03,Q1
ORD-002168,2026-06-18,Premium,Germany,Partner,SMB,5,584.29,1.03,583.26,321.32,261.94,588.86,2026,2026-06,Q2
ORD-002169,2025-04-30,Enterprise,US,Partner,Mid-Market,3,703.33,34.31,669.02,412.88,256.14,703.82,2025,2025-04,Q2
ORD-002170,2026-05-21,Plus,US,Online,SMB,4,291.48,16.68,274.8,143.15,131.65,271.51,2026,2026-05,Q2
ORD-002171,2026-07-26,Premium,US,Direct,Enterprise,2,245.34,14.52,230.82,142.54,88.28,213.83,2026,2026-07,Q3
ORD-002172,2026-07-03,Plus,India,Direct,Enterprise,4,281.41,2.15,279.26,153.1,126.16,272.4,2026,2026-07,Q3
ORD-002173,2026-06-16,Plus,Germany,Online,Mid-Market,3,229.63,4.89,224.74,134.76,89.98,245.92,2026,2026-06,Q2
ORD-002174,2025-09-26,Plus,India,Direct,SMB,5,366.94,47.35,319.59,146.52,173.07,362.68,2025,2025-09,Q3
ORD-002175,2025-04-26,Plus,India,Partner,Mid-Market,2,154.4,12.11,142.29,67.96,74.33,133.99,2025,2025-04,Q2
ORD-002176,2026-01-04,Plus,US,Direct,SMB,2,155.07,1.82,153.25,71.82,81.43,171.7,2026,2026-01,Q1
ORD-002177,2025-11-15,Core,India,Direct,SMB,3,128.71,4.39,124.32,77.21,47.11,128.6,2025,2025-11,Q4
ORD-002178,2026-04-24,Premium,Germany,Partner,SMB,3,330.12,0.33,329.79,181.41,148.38,346.58,2026,2026-04,Q2
ORD-002179,2026-02-03,Premium,India,Direct,SMB,5,614.45,28.2,586.25,372.49,213.76,562.78,2026,2026-02,Q1
ORD-002180,2026-07-02,Premium,UK,Partner,SMB,3,325.78,23.77,302.01,149.47,152.54,275.77,2026,2026-07,Q3
ORD-002181,2026-07-17,Premium,UK,Direct,Enterprise,5,583.09,8.48,574.61,329.51,245.1,590.02,2026,2026-07,Q3
ORD-002182,2025-06-28,Premium,Germany,Direct,SMB,1,130.63,12.65,117.98,73.36,44.62,115.71,2025,2025-06,Q2
ORD-002183,2026-06-10,Plus,Germany,Partner,SMB,3,202.6,10.28,192.32,108.46,83.86,179.53,2026,2026-06,Q2
ORD-002184,2025-09-19,Premium,UAE,Partner,Mid-Market,5,612.45,67.11,545.34,249.51,295.83,548.52,2025,2025-09,Q3
ORD-002185,2026-03-02,Plus,India,Online,Enterprise,2,142.35,11.28,131.07,68.52,62.55,147.79,2026,2026-03,Q1
ORD-002186,2026-01-23,Plus,Germany,Partner,SMB,5,353.32,28.66,324.66,184.17,140.49,337.92,2026,2026-01,Q1
ORD-002187,2026-05-12,Core,India,Partner,Enterprise,3,126.74,4.35,122.39,54.71,67.68,138.01,2026,2026-05,Q2
ORD-002188,2025-06-25,Enterprise,UK,Direct,SMB,3,740.39,27.99,712.4,371.53,340.87,633.0,2025,2025-06,Q2
ORD-002189,2025-11-09,Enterprise,UK,Online,Mid-Market,3,695.85,63.53,632.32,288.32,344.0,699.52,2025,2025-11,Q4
ORD-002190,2026-01-01,Premium,UK,Direct,SMB,2,230.57,16.52,214.05,93.11,120.94,190.68,2026,2026-01,Q1
ORD-002191,2026-03-03,Plus,Germany,Online,Enterprise,2,146.05,7.15,138.9,89.73,49.17,146.08,2026,2026-03,Q1
ORD-002192,2026-05-31,Premium,UAE,Direct,SMB,2,248.5,16.67,231.83,125.04,106.79,227.15,2026,2026-05,Q2
ORD-002193,2025-06-09,Core,UK,Direct,Mid-Market,4,193.55,8.72,184.83,78.24,106.59,208.12,2025,2025-06,Q2
ORD-002194,2025-12-23,Plus,US,Partner,Mid-Market,1,73.73,3.4,70.33,38.2,32.13,78.1,2025,2025-12,Q4
ORD-002195,2025-05-07,Plus,India,Direct,Enterprise,2,151.64,12.44,139.2,71.82,67.38,153.27,2025,2025-05,Q2
ORD-002196,2026-02-02,Plus,India,Partner,Mid-Market,2,154.9,5.4,149.5,93.56,55.94,137.75,2026,2026-02,Q1
ORD-002197,2025-06-28,Core,India,Direct,Enterprise,1,43.34,0.87,42.47,23.56,18.91,43.08,2025,2025-06,Q2
ORD-002198,2025-01-07,Enterprise,Germany,Online,SMB,1,243.82,0.72,243.1,109.45,133.65,246.39,2025,2025-01,Q1
ORD-002199,2025-10-19,Plus,Germany,Direct,Enterprise,2,149.62,9.03,140.59,80.35,60.24,154.39,2025,2025-10,Q4
ORD-002200,2025-05-03,Core,UAE,Online,Enterprise,2,87.65,2.88,84.77,46.24,38.53,79.56,2025,2025-05,Q2
ORD-002201,2025-10-01,Premium,UK,Online,Mid-Market,1,129.92,1.84,128.08,62.95,65.13,124.82,2025,2025-10,Q4
ORD-002202,2025-08-11,Enterprise,India,Direct,SMB,1,221.68,15.54,206.14,98.61,107.53,182.23,2025,2025-08,Q3
ORD-002203,2025-03-12,Plus,US,Direct,Enterprise,2,160.0,5.48,154.52,97.88,56.64,168.03,2025,2025-03,Q1
ORD-002204,2025-01-27,Plus,Germany,Direct,Mid-Market,1,74.45,1.02,73.43,43.88,29.55,79.91,2025,2025-01,Q1
ORD-002205,2026-04-30,Premium,Germany,Direct,Enterprise,2,219.07,7.39,211.68,124.9,86.78,230.79,2026,2026-04,Q2
ORD-002206,2025-07-21,Core,Germany,Online,SMB,3,124.45,11.78,112.67,55.86,56.81,106.18,2025,2025-07,Q3
ORD-002207,2025-08-23,Plus,UK,Direct,SMB,1,71.66,1.54,70.12,36.02,34.1,78.35,2025,2025-08,Q3
ORD-002208,2025-09-15,Core,US,Online,SMB,5,207.71,7.46,200.25,124.82,75.43,207.44,2025,2025-09,Q3
ORD-002209,2025-09-06,Plus,UK,Online,Enterprise,2,136.72,4.05,132.67,85.18,47.49,148.75,2025,2025-09,Q3
ORD-002210,2026-04-15,Core,India,Partner,Enterprise,1,46.94,1.88,45.06,19.97,25.09,47.89,2026,2026-04,Q2
ORD-002211,2025-05-31,Premium,US,Direct,Enterprise,2,223.02,0.84,222.18,112.35,109.83,206.02,2025,2025-05,Q2
ORD-002212,2025-12-17,Premium,US,Direct,SMB,4,494.97,1.11,493.86,320.85,173.01,466.69,2025,2025-12,Q4
ORD-002213,2025-07-16,Premium,US,Direct,Enterprise,4,513.8,32.87,480.93,294.87,186.06,510.18,2025,2025-07,Q3
ORD-002214,2026-03-30,Plus,UAE,Direct,SMB,1,70.57,4.88,65.69,35.64,30.05,70.31,2026,2026-03,Q1
ORD-002215,2025-12-09,Premium,Germany,Partner,SMB,3,337.35,18.82,318.53,139.36,179.17,319.02,2025,2025-12,Q4
ORD-002216,2026-02-24,Enterprise,India,Partner,Enterprise,1,253.41,12.03,241.38,110.66,130.72,232.23,2026,2026-02,Q1
ORD-002217,2025-05-20,Enterprise,UK,Online,SMB,4,1039.5,43.11,996.39,457.81,538.58,1041.08,2025,2025-05,Q2
ORD-002218,2025-04-23,Plus,US,Online,Mid-Market,3,206.83,4.52,202.31,132.22,70.09,181.37,2025,2025-04,Q2
ORD-002219,2025-12-23,Plus,India,Partner,Mid-Market,1,80.35,0.61,79.74,35.86,43.88,79.47,2025,2025-12,Q4
ORD-002220,2025-01-05,Plus,UAE,Online,SMB,1,75.08,0.78,74.3,33.8,40.5,67.29,2025,2025-01,Q1
ORD-002221,2025-05-14,Plus,US,Online,Mid-Market,3,226.79,8.42,218.37,110.64,107.73,214.42,2025,2025-05,Q2
ORD-002222,2026-05-18,Premium,India,Direct,SMB,3,385.01,50.67,334.34,143.91,190.43,334.57,2026,2026-05,Q2
ORD-002223,2025-12-24,Premium,Germany,Online,SMB,1,123.98,8.56,115.42,68.62,46.8,127.75,2025,2025-12,Q4
ORD-002224,2025-02-01,Premium,US,Direct,Mid-Market,2,232.74,20.92,211.82,108.14,103.68,205.21,2025,2025-02,Q1
ORD-002225,2025-12-26,Plus,US,Partner,SMB,4,276.07,18.03,258.04,120.9,137.14,283.49,2025,2025-12,Q4
ORD-002226,2025-11-17,Enterprise,UK,Online,SMB,1,216.08,18.2,197.88,108.29,89.59,221.0,2025,2025-11,Q4
ORD-002227,2026-07-31,Premium,India,Online,SMB,4,509.98,13.86,496.12,224.81,271.31,477.36,2026,2026-07,Q3
ORD-002228,2025-02-22,Core,UAE,Online,Mid-Market,1,48.83,8.36,40.47,20.07,20.4,36.63,2025,2025-02,Q1
ORD-002229,2026-01-30,Plus,Germany,Partner,Mid-Market,2,149.76,13.58,136.18,78.83,57.35,147.82,2026,2026-01,Q1
ORD-002230,2026-04-05,Plus,Germany,Partner,Mid-Market,2,143.32,5.17,138.15,65.43,72.72,144.35,2026,2026-04,Q2
ORD-002231,2026-01-06,Premium,UK,Partner,Mid-Market,5,611.81,18.89,592.92,370.45,222.47,568.01,2026,2026-01,Q1
ORD-002232,2025-09-09,Plus,UAE,Direct,Mid-Market,5,381.52,11.28,370.24,206.63,163.61,397.63,2025,2025-09,Q3
ORD-002233,2026-06-28,Enterprise,India,Direct,SMB,3,739.98,45.17,694.81,330.55,364.26,690.68,2026,2026-06,Q2
ORD-002234,2025-07-21,Enterprise,UAE,Online,Mid-Market,8,1842.16,110.02,1732.14,889.75,842.39,1768.53,2025,2025-07,Q3
ORD-002235,2026-05-23,Plus,UK,Direct,Mid-Market,2,161.39,6.35,155.04,82.2,72.84,158.52,2026,2026-05,Q2
ORD-002236,2025-01-13,Premium,Germany,Direct,Mid-Market,2,222.23,20.84,201.39,89.47,111.92,228.59,2025,2025-01,Q1
ORD-002237,2026-06-29,Enterprise,India,Online,SMB,1,255.86,4.99,250.87,158.59,92.28,265.08,2026,2026-06,Q2
ORD-002238,2025-08-16,Premium,US,Direct,SMB,6,656.41,5.88,650.53,314.29,336.24,706.22,2025,2025-08,Q3
ORD-002239,2025-05-14,Enterprise,UAE,Direct,Enterprise,2,443.3,11.91,431.39,288.67,142.72,437.71,2025,2025-05,Q2
ORD-002240,2025-10-11,Core,UK,Direct,SMB,1,41.37,1.63,39.74,21.21,18.53,39.85,2025,2025-10,Q4
ORD-002241,2026-02-03,Premium,UK,Partner,Enterprise,4,479.01,21.27,457.74,280.73,177.01,417.56,2026,2026-02,Q1
ORD-002242,2025-10-20,Plus,India,Direct,Mid-Market,3,213.29,4.41,208.88,112.34,96.54,234.9,2025,2025-10,Q4
ORD-002243,2025-05-24,Plus,India,Direct,Enterprise,2,155.78,1.79,153.99,85.89,68.1,155.2,2025,2025-05,Q2
ORD-002244,2025-12-20,Core,UAE,Direct,Mid-Market,3,127.45,1.37,126.08,53.51,72.57,111.73,2025,2025-12,Q4
ORD-002245,2026-04-10,Plus,UK,Direct,SMB,1,68.26,2.13,66.13,32.07,34.06,60.24,2026,2026-04,Q2
ORD-002246,2025-12-10,Plus,UAE,Online,Mid-Market,4,276.19,19.01,257.18,109.69,147.49,262.48,2025,2025-12,Q4
ORD-002247,2026-01-07,Premium,US,Online,Enterprise,2,256.71,15.56,241.15,116.49,124.66,266.45,2026,2026-01,Q1
ORD-002248,2025-10-19,Core,US,Partner,Enterprise,1,45.31,1.29,44.02,27.9,16.12,39.88,2025,2025-10,Q4
ORD-002249,2026-01-09,Core,US,Partner,SMB,1,45.54,1.25,44.29,21.63,22.66,41.63,2026,2026-01,Q1
ORD-002250,2025-05-26,Enterprise,US,Partner,SMB,2,504.46,11.75,492.71,287.68,205.03,480.3,2025,2025-05,Q2
ORD-002251,2025-08-20,Plus,US,Direct,Enterprise,3,244.13,20.19,223.94,146.24,77.7,254.86,2025,2025-08,Q3
ORD-002252,2026-02-15,Enterprise,India,Direct,SMB,7,1663.26,135.74,1527.52,971.38,556.14,1674.99,2026,2026-02,Q1
ORD-002253,2026-07-14,Premium,UK,Online,SMB,1,109.28,4.02,105.26,59.01,46.25,96.95,2026,2026-07,Q3
ORD-002254,2026-05-20,Enterprise,UAE,Direct,SMB,4,1008.91,82.19,926.72,591.47,335.25,856.15,2026,2026-05,Q2
ORD-002255,2025-01-09,Plus,UK,Partner,Enterprise,2,160.57,6.45,154.12,94.96,59.16,150.15,2025,2025-01,Q1
ORD-002256,2025-02-13,Core,UK,Partner,Enterprise,3,124.59,4.1,120.49,69.03,51.46,136.58,2025,2025-02,Q1
ORD-002257,2026-02-22,Plus,UAE,Partner,Enterprise,2,164.97,11.54,153.43,87.38,66.05,147.7,2026,2026-02,Q1
ORD-002258,2025-10-19,Enterprise,US,Direct,SMB,2,479.79,32.18,447.61,294.52,153.09,402.86,2025,2025-10,Q4
ORD-002259,2026-03-22,Enterprise,US,Partner,Mid-Market,1,223.68,10.27,213.41,134.68,78.73,191.74,2026,2026-03,Q1
ORD-002260,2026-01-28,Plus,UK,Online,SMB,1,69.6,1.65,67.95,38.87,29.08,73.96,2026,2026-01,Q1
ORD-002261,2025-01-31,Core,Germany,Partner,Mid-Market,3,130.78,8.71,122.07,74.2,47.87,128.58,2025,2025-01,Q1
ORD-002262,2025-03-23,Enterprise,UAE,Partner,SMB,1,260.93,4.5,256.43,132.85,123.58,244.74,2025,2025-03,Q1
ORD-002263,2025-11-22,Core,UK,Direct,Mid-Market,2,93.21,3.12,90.09,42.59,47.5,97.77,2025,2025-11,Q4
ORD-002264,2026-06-10,Core,US,Online,Mid-Market,2,95.5,0.6,94.9,52.61,42.29,107.27,2026,2026-06,Q2
ORD-002265,2025-03-13,Premium,US,Direct,Enterprise,2,225.67,0.76,224.91,146.74,78.17,208.65,2025,2025-03,Q1
ORD-002266,2025-10-19,Premium,UK,Partner,SMB,1,118.21,5.32,112.89,54.44,58.45,107.45,2025,2025-10,Q4
ORD-002267,2025-12-20,Core,US,Online,Enterprise,2,95.99,0.58,95.41,57.06,38.35,105.48,2025,2025-12,Q4
ORD-002268,2025-11-29,Plus,UK,Online,Mid-Market,3,241.11,15.17,225.94,99.95,125.99,250.16,2025,2025-11,Q4
ORD-002269,2025-05-20,Plus,UK,Direct,Mid-Market,1,73.98,1.17,72.81,42.15,30.66,72.15,2025,2025-05,Q2
ORD-002270,2026-01-16,Plus,Germany,Direct,SMB,1,75.0,2.71,72.29,44.58,27.71,82.23,2026,2026-01,Q1
ORD-002271,2025-02-11,Plus,India,Partner,SMB,2,135.11,0.53,134.58,82.81,51.77,146.78,2025,2025-02,Q1
ORD-002272,2025-06-13,Premium,US,Direct,Enterprise,3,394.84,18.29,376.55,202.1,174.45,351.35,2025,2025-06,Q2
ORD-002273,2025-08-17,Core,UAE,Direct,SMB,2,88.39,6.12,82.27,52.71,29.56,89.63,2025,2025-08,Q3
ORD-002274,2026-04-02,Premium,UK,Partner,SMB,2,262.31,17.21,245.1,129.81,115.29,239.82,2026,2026-04,Q2
ORD-002275,2025-09-10,Plus,Germany,Online,SMB,1,68.85,0.85,68.0,28.62,39.38,68.38,2025,2025-09,Q3
ORD-002276,2026-01-19,Enterprise,UK,Partner,Enterprise,3,789.08,24.04,765.04,450.32,314.72,765.0,2026,2026-01,Q1
ORD-002277,2026-01-28,Core,UK,Direct,Enterprise,5,233.93,6.09,227.84,110.5,117.34,207.56,2026,2026-01,Q1
ORD-002278,2026-01-01,Enterprise,UK,Online,Mid-Market,4,1022.99,77.59,945.4,489.85,455.55,958.14,2026,2026-01,Q1
ORD-002279,2026-02-18,Core,India,Online,Mid-Market,1,42.39,4.72,37.67,17.68,19.99,38.62,2026,2026-02,Q1
ORD-002280,2025-03-18,Plus,UAE,Direct,Enterprise,2,164.72,9.01,155.71,96.89,58.82,145.59,2025,2025-03,Q1
ORD-002281,2025-07-28,Plus,UK,Direct,Mid-Market,4,291.31,6.15,285.16,151.14,134.02,289.34,2025,2025-07,Q3
ORD-002282,2026-04-10,Premium,UAE,Direct,SMB,3,373.27,23.12,350.15,234.12,116.03,351.31,2026,2026-04,Q2
ORD-002283,2025-08-11,Premium,US,Direct,Enterprise,3,356.86,12.79,344.07,152.69,191.38,342.14,2025,2025-08,Q3
ORD-002284,2025-10-11,Core,UK,Online,Mid-Market,4,178.24,11.99,166.25,81.21,85.04,186.91,2025,2025-10,Q4
ORD-002285,2026-03-23,Plus,US,Direct,Enterprise,1,72.02,2.15,69.87,42.65,27.22,73.19,2026,2026-03,Q1
ORD-002286,2025-10-28,Premium,India,Direct,SMB,3,349.79,14.7,335.09,172.18,162.91,332.68,2025,2025-10,Q4
ORD-002287,2025-11-14,Core,US,Direct,Enterprise,6,254.41,6.52,247.89,124.99,122.9,259.06,2025,2025-11,Q4
ORD-002288,2026-03-30,Premium,Germany,Online,Mid-Market,1,123.0,10.5,112.5,74.67,37.83,99.66,2026,2026-03,Q1
ORD-002289,2025-12-28,Core,UAE,Online,Mid-Market,2,97.64,8.96,88.68,37.41,51.27,89.86,2025,2025-12,Q4
ORD-002290,2025-05-01,Plus,UK,Online,SMB,3,204.46,10.56,193.9,103.02,90.88,206.29,2025,2025-05,Q2
ORD-002291,2026-04-21,Enterprise,UK,Direct,SMB,5,1306.85,30.46,1276.39,796.8,479.59,1137.39,2026,2026-04,Q2
ORD-002292,2025-04-25,Plus,Germany,Partner,SMB,5,339.35,9.55,329.8,176.29,153.51,335.0,2025,2025-04,Q2
ORD-002293,2025-05-03,Premium,UAE,Online,SMB,1,110.45,5.62,104.83,68.21,36.62,99.86,2025,2025-05,Q2
ORD-002294,2025-12-19,Core,India,Online,Enterprise,2,93.68,3.78,89.9,39.28,50.62,92.51,2025,2025-12,Q4
ORD-002295,2026-05-25,Core,UK,Direct,SMB,2,89.48,3.98,85.5,43.81,41.69,96.2,2026,2026-05,Q2
ORD-002296,2025-11-23,Core,UK,Direct,Enterprise,3,142.75,2.99,139.76,87.71,52.05,127.61,2025,2025-11,Q4
ORD-002297,2026-03-08,Enterprise,US,Direct,SMB,1,237.22,0.07,237.15,135.61,101.54,220.15,2026,2026-03,Q1
ORD-002298,2025-11-12,Enterprise,Germany,Online,SMB,3,716.24,36.96,679.28,375.49,303.79,650.24,2025,2025-11,Q4
ORD-002299,2026-02-17,Core,India,Direct,Enterprise,20,859.63,31.53,828.1,524.46,303.64,781.97,2026,2026-02,Q1
ORD-002300,2025-04-22,Plus,India,Online,Mid-Market,2,152.18,10.68,141.5,80.25,61.25,159.94,2025,2025-04,Q2
ORD-002301,2025-08-21,Plus,US,Online,SMB,1,81.65,0.52,81.13,37.82,43.31,90.29,2025,2025-08,Q3
ORD-002302,2025-12-22,Enterprise,UAE,Direct,SMB,10,2493.22,138.6,2354.62,1238.87,1115.75,2674.01,2025,2025-12,Q4
ORD-002303,2025-01-18,Plus,UK,Partner,Mid-Market,1,72.87,0.99,71.88,42.7,29.18,70.14,2025,2025-01,Q1
ORD-002304,2025-02-11,Plus,UK,Partner,Enterprise,3,235.29,7.94,227.35,112.84,114.51,210.15,2025,2025-02,Q1
ORD-002305,2026-02-02,Enterprise,UAE,Direct,SMB,5,1306.49,9.36,1297.13,681.42,615.71,1352.33,2026,2026-02,Q1
ORD-002306,2025-08-20,Core,UK,Partner,Enterprise,5,231.53,3.67,227.86,105.52,122.34,257.04,2025,2025-08,Q3
ORD-002307,2025-08-25,Premium,UK,Partner,Enterprise,2,230.75,6.48,224.27,128.31,95.96,220.17,2025,2025-08,Q3
ORD-002308,2025-08-10,Enterprise,UK,Direct,SMB,6,1374.3,125.06,1249.24,599.85,649.39,1113.45,2025,2025-08,Q3
ORD-002309,2026-01-24,Plus,US,Online,SMB,3,234.93,17.97,216.96,137.67,79.29,244.9,2026,2026-01,Q1
ORD-002310,2026-03-22,Core,Germany,Direct,Mid-Market,5,237.83,4.55,233.28,145.27,88.01,260.19,2026,2026-03,Q1
ORD-002311,2025-01-31,Core,Germany,Direct,Enterprise,5,237.86,14.19,223.67,141.47,82.2,205.44,2025,2025-01,Q1
ORD-002312,2026-05-07,Premium,UK,Online,Enterprise,3,324.1,28.18,295.92,197.86,98.06,261.93,2026,2026-05,Q2
ORD-002313,2026-01-29,Premium,UAE,Online,SMB,2,219.21,5.29,213.92,119.9,94.02,189.63,2026,2026-01,Q1
ORD-002314,2026-04-18,Premium,US,Direct,SMB,2,235.29,2.19,233.1,141.92,91.18,230.59,2026,2026-04,Q2
ORD-002315,2025-11-28,Plus,US,Online,SMB,3,211.09,2.86,208.23,131.26,76.97,229.63,2025,2025-11,Q4
ORD-002316,2025-01-25,Enterprise,India,Direct,Enterprise,3,748.16,7.05,741.11,436.27,304.84,793.54,2025,2025-01,Q1
ORD-002317,2025-11-22,Premium,Germany,Direct,SMB,1,113.88,0.59,113.29,51.53,61.76,100.19,2025,2025-11,Q4
ORD-002318,2026-03-13,Plus,India,Partner,SMB,3,236.24,0.75,235.49,119.26,116.23,207.95,2026,2026-03,Q1
ORD-002319,2025-01-17,Enterprise,US,Partner,Mid-Market,1,232.07,1.29,230.78,148.49,82.29,226.47,2025,2025-01,Q1
ORD-002320,2026-04-13,Core,US,Online,SMB,2,89.67,1.04,88.63,38.13,50.5,92.84,2026,2026-04,Q2
ORD-002321,2026-02-21,Premium,US,Online,SMB,1,111.49,7.6,103.89,43.75,60.14,92.23,2026,2026-02,Q1
ORD-002322,2025-10-05,Enterprise,Germany,Online,SMB,2,515.55,2.33,513.22,275.21,238.01,578.72,2025,2025-10,Q4
ORD-002323,2025-05-07,Premium,UK,Online,SMB,2,257.37,6.72,250.65,111.21,139.44,268.43,2025,2025-05,Q2
ORD-002324,2026-02-25,Premium,India,Online,Mid-Market,2,225.76,13.62,212.14,138.59,73.55,221.56,2026,2026-02,Q1
ORD-002325,2025-05-06,Core,India,Partner,Mid-Market,3,122.3,9.75,112.55,53.87,58.68,107.78,2025,2025-05,Q2
ORD-002326,2026-06-26,Plus,UAE,Direct,Mid-Market,4,294.76,16.5,278.26,140.38,137.88,246.98,2026,2026-06,Q2
ORD-002327,2025-01-15,Enterprise,India,Online,Enterprise,6,1437.22,50.53,1386.69,843.73,542.96,1252.89,2025,2025-01,Q1
ORD-002328,2026-06-11,Plus,UK,Direct,Mid-Market,2,144.13,5.25,138.88,68.06,70.82,150.0,2026,2026-06,Q2
ORD-002329,2025-04-08,Enterprise,UK,Online,SMB,2,432.89,12.2,420.69,214.48,206.21,379.07,2025,2025-04,Q2
ORD-002330,2026-01-23,Enterprise,India,Direct,Enterprise,4,947.52,72.2,875.32,492.81,382.51,869.13,2026,2026-01,Q1
ORD-002331,2025-11-19,Plus,UAE,Direct,SMB,2,154.75,11.62,143.13,85.78,57.35,130.28,2025,2025-11,Q4
ORD-002332,2025-10-05,Premium,Germany,Online,Enterprise,4,524.22,20.09,504.13,260.16,243.97,513.62,2025,2025-10,Q4
ORD-002333,2025-09-25,Premium,India,Online,Enterprise,2,242.72,0.1,242.62,102.4,140.22,234.06,2025,2025-09,Q3
ORD-002334,2025-11-11,Enterprise,Germany,Partner,SMB,6,1301.9,20.79,1281.11,620.86,660.25,1425.81,2025,2025-11,Q4
ORD-002335,2025-01-23,Core,Germany,Online,SMB,4,175.15,1.81,173.34,79.02,94.32,154.46,2025,2025-01,Q1
ORD-002336,2025-06-26,Core,UAE,Online,Enterprise,1,46.72,0.08,46.64,23.6,23.04,43.51,2025,2025-06,Q2
ORD-002337,2026-03-17,Enterprise,UK,Online,Mid-Market,2,467.48,6.8,460.68,208.12,252.56,449.76,2026,2026-03,Q1
ORD-002338,2025-04-01,Enterprise,India,Online,Mid-Market,2,527.16,4.65,522.51,237.02,285.49,575.27,2025,2025-04,Q2
ORD-002339,2025-01-25,Core,Germany,Partner,SMB,2,94.88,6.3,88.58,53.27,35.31,97.87,2025,2025-01,Q1
ORD-002340,2025-09-07,Core,US,Online,Mid-Market,16,687.47,16.0,671.47,449.4,222.07,651.96,2025,2025-09,Q3
ORD-002341,2026-06-30,Core,UK,Partner,Enterprise,1,46.4,2.53,43.87,25.95,17.92,48.27,2026,2026-06,Q2
ORD-002342,2025-05-28,Premium,UAE,Direct,SMB,1,121.98,3.15,118.83,63.36,55.47,116.18,2025,2025-05,Q2
ORD-002343,2025-07-30,Premium,Germany,Partner,Enterprise,7,903.02,80.33,822.69,394.64,428.05,745.59,2025,2025-07,Q3
ORD-002344,2025-08-11,Plus,UAE,Direct,SMB,2,148.31,1.26,147.05,91.76,55.29,130.8,2025,2025-08,Q3
ORD-002345,2025-12-22,Premium,US,Direct,Enterprise,2,236.86,11.6,225.26,113.34,111.92,251.33,2025,2025-12,Q4
ORD-002346,2026-04-26,Premium,UK,Direct,Mid-Market,4,522.7,47.27,475.43,227.65,247.78,428.96,2026,2026-04,Q2
ORD-002347,2025-02-10,Core,India,Online,Enterprise,7,316.42,24.59,291.83,162.37,129.46,284.95,2025,2025-02,Q1
ORD-002348,2025-01-20,Core,UAE,Online,SMB,1,44.01,0.81,43.2,21.94,21.26,40.81,2025,2025-01,Q1
ORD-002349,2026-04-21,Core,UK,Online,Enterprise,4,167.73,14.31,153.42,101.05,52.37,155.14,2026,2026-04,Q2
ORD-002350,2026-05-11,Enterprise,UK,Online,SMB,2,481.43,5.07,476.36,258.85,217.51,453.21,2026,2026-05,Q2
ORD-002351,2026-06-05,Core,US,Direct,Enterprise,2,87.95,5.62,82.33,50.65,31.68,74.43,2026,2026-06,Q2
ORD-002352,2025-12-08,Plus,UK,Partner,SMB,1,74.12,6.56,67.56,44.12,23.44,61.29,2025,2025-12,Q4
ORD-002353,2025-03-05,Enterprise,UK,Partner,SMB,5,1123.89,34.38,1089.51,508.11,581.4,1182.02,2025,2025-03,Q1
ORD-002354,2025-12-01,Core,Germany,Online,SMB,2,98.13,1.49,96.64,49.78,46.86,108.05,2025,2025-12,Q4
ORD-002355,2026-04-10,Enterprise,India,Direct,Mid-Market,1,248.25,7.09,241.16,114.81,126.35,249.63,2026,2026-04,Q2
ORD-002356,2025-10-27,Plus,UAE,Partner,Enterprise,3,213.99,7.88,206.11,132.73,73.38,201.62,2025,2025-10,Q4
ORD-002357,2026-02-24,Core,Germany,Direct,Mid-Market,4,178.2,5.87,172.33,96.34,75.99,159.41,2026,2026-02,Q1
ORD-002358,2026-06-19,Core,US,Online,Mid-Market,4,179.53,5.32,174.21,90.68,83.53,190.11,2026,2026-06,Q2
ORD-002359,2025-06-04,Enterprise,India,Online,Enterprise,3,680.37,67.2,613.17,338.93,274.24,631.29,2025,2025-06,Q2
ORD-002360,2025-03-14,Core,Germany,Partner,Mid-Market,3,140.75,4.45,136.3,89.78,46.52,138.77,2025,2025-03,Q1
ORD-002361,2026-05-29,Premium,UK,Online,Mid-Market,2,244.57,22.45,222.12,119.04,103.08,230.32,2026,2026-05,Q2
ORD-002362,2025-04-13,Core,India,Direct,Enterprise,1,48.29,1.66,46.63,21.12,25.51,48.54,2025,2025-04,Q2
ORD-002363,2026-04-17,Plus,India,Direct,SMB,1,77.13,5.88,71.25,38.96,32.29,63.4,2026,2026-04,Q2
ORD-002364,2025-01-16,Plus,UAE,Online,Enterprise,1,74.2,4.72,69.48,34.48,35.0,68.9,2025,2025-01,Q1
ORD-002365,2026-07-20,Plus,US,Online,Mid-Market,2,144.26,5.5,138.76,75.61,63.15,122.91,2026,2026-07,Q3
ORD-002366,2025-08-09,Plus,UK,Online,SMB,5,349.27,29.78,319.49,195.98,123.51,282.02,2025,2025-08,Q3
ORD-002367,2026-05-21,Plus,US,Online,SMB,8,652.64,38.43,614.21,308.98,305.23,672.2,2026,2026-05,Q2
ORD-002368,2026-06-23,Core,Germany,Online,Enterprise,2,92.44,4.96,87.48,38.85,48.63,77.23,2026,2026-06,Q2
ORD-002369,2025-09-10,Core,UK,Partner,Enterprise,1,46.1,2.99,43.11,21.19,21.92,44.06,2025,2025-09,Q3
ORD-002370,2026-05-02,Core,India,Direct,Mid-Market,1,44.45,1.48,42.97,18.96,24.01,39.46,2026,2026-05,Q2
ORD-002371,2026-02-04,Core,Germany,Online,SMB,1,42.42,0.25,42.17,27.25,14.92,42.69,2026,2026-02,Q1
ORD-002372,2026-07-13,Core,India,Direct,Mid-Market,2,89.12,2.59,86.53,55.44,31.09,92.47,2026,2026-07,Q3
ORD-002373,2025-05-04,Premium,US,Direct,Mid-Market,1,128.82,4.12,124.7,73.4,51.3,116.37,2025,2025-05,Q2
ORD-002374,2025-08-06,Core,Germany,Online,Mid-Market,2,97.11,6.91,90.2,52.09,38.11,92.82,2025,2025-08,Q3
ORD-002375,2026-05-19,Core,Germany,Direct,SMB,2,95.23,4.05,91.18,39.38,51.8,92.74,2026,2026-05,Q2
ORD-002376,2025-03-03,Core,UK,Direct,SMB,1,42.94,1.2,41.74,19.86,21.88,45.56,2025,2025-03,Q1
ORD-002377,2026-04-22,Enterprise,India,Direct,Enterprise,1,255.11,22.96,232.15,119.72,112.43,208.88,2026,2026-04,Q2
ORD-002378,2026-07-06,Enterprise,Germany,Online,Mid-Market,2,460.32,9.06,451.26,238.51,212.75,435.12,2026,2026-07,Q3
ORD-002379,2025-01-03,Core,UK,Direct,Enterprise,2,96.0,2.33,93.67,43.23,50.44,106.61,2025,2025-01,Q1
ORD-002380,2025-01-15,Core,UK,Direct,SMB,2,97.9,13.08,84.82,43.23,41.59,76.22,2025,2025-01,Q1
ORD-002381,2026-03-15,Premium,UK,Direct,SMB,1,118.33,0.05,118.28,66.34,51.94,110.04,2026,2026-03,Q1
ORD-002382,2025-06-03,Core,UK,Direct,SMB,1,48.87,0.47,48.4,23.33,25.07,50.7,2025,2025-06,Q2
ORD-002383,2025-07-30,Plus,UK,Online,SMB,5,356.64,5.56,351.08,232.45,118.63,319.18,2025,2025-07,Q3
ORD-002384,2026-04-14,Plus,UK,Direct,SMB,1,75.34,3.21,72.13,34.5,37.63,74.2,2026,2026-04,Q2
ORD-002385,2025-11-03,Plus,Germany,Direct,SMB,2,164.97,3.08,161.89,107.32,54.57,151.98,2025,2025-11,Q4
ORD-002386,2025-07-12,Core,US,Online,SMB,3,133.05,9.11,123.94,62.54,61.4,124.55,2025,2025-07,Q3
ORD-002387,2025-09-25,Core,India,Online,Mid-Market,1,46.19,1.15,45.04,19.96,25.08,46.37,2025,2025-09,Q3
ORD-002388,2026-02-23,Plus,India,Online,Enterprise,2,155.95,2.51,153.44,67.2,86.24,162.08,2026,2026-02,Q1
ORD-002389,2025-01-10,Core,UK,Online,Enterprise,3,148.39,16.12,132.27,78.33,53.94,140.95,2025,2025-01,Q1
ORD-002390,2026-01-22,Enterprise,UK,Direct,SMB,1,239.86,2.98,236.88,137.24,99.64,265.82,2026,2026-01,Q1
ORD-002391,2025-08-23,Premium,Germany,Online,SMB,1,125.25,5.52,119.73,79.72,40.01,106.16,2025,2025-08,Q3
ORD-002392,2025-04-24,Core,US,Direct,Mid-Market,3,127.6,1.01,126.59,71.05,55.54,132.02,2025,2025-04,Q2
ORD-002393,2025-09-01,Core,US,Online,Enterprise,2,93.05,3.48,89.57,57.03,32.54,92.76,2025,2025-09,Q3
ORD-002394,2025-10-11,Plus,UAE,Online,SMB,4,305.63,20.73,284.9,137.55,147.35,318.24,2025,2025-10,Q4
ORD-002395,2025-06-24,Core,UK,Online,Enterprise,1,43.66,0.36,43.3,20.45,22.85,48.35,2025,2025-06,Q2
ORD-002396,2025-02-26,Core,India,Online,Enterprise,4,164.74,2.23,162.51,107.85,54.66,184.07,2025,2025-02,Q1
ORD-002397,2025-01-15,Plus,UK,Online,SMB,2,164.1,14.89,149.21,81.88,67.33,167.83,2025,2025-01,Q1
ORD-002398,2025-09-05,Core,UAE,Online,Enterprise,2,82.75,8.13,74.62,37.76,36.86,66.81,2025,2025-09,Q3
ORD-002399,2025-06-10,Premium,UK,Online,SMB,4,474.43,20.2,454.23,249.28,204.95,478.54,2025,2025-06,Q2
ORD-002400,2025-07-18,Enterprise,UK,Online,SMB,5,1121.97,2.18,1119.79,712.6,407.19,985.85,2025,2025-07,Q3
ORD-002401,2025-04-29,Premium,Germany,Online,SMB,6,696.11,37.33,658.78,285.5,373.28,598.99,2025,2025-04,Q2
ORD-002402,2025-11-17,Enterprise,UAE,Partner,SMB,3,658.22,25.94,632.28,410.96,221.32,656.03,2025,2025-11,Q4
ORD-002403,2026-04-16,Core,Germany,Direct,SMB,3,132.64,9.16,123.48,80.83,42.65,108.99,2026,2026-04,Q2
ORD-002404,2025-04-01,Core,India,Online,SMB,2,95.93,5.87,90.06,41.56,48.5,89.8,2025,2025-04,Q2
ORD-002405,2025-07-01,Premium,India,Direct,SMB,5,639.43,14.0,625.43,416.74,208.69,624.98,2025,2025-07,Q3
ORD-002406,2025-06-29,Plus,India,Direct,Enterprise,5,388.94,6.11,382.83,248.52,134.31,418.23,2025,2025-06,Q2
ORD-002407,2025-06-05,Plus,India,Online,SMB,3,231.42,30.37,201.05,90.15,110.9,205.47,2025,2025-06,Q2
ORD-002408,2026-03-09,Enterprise,UK,Partner,SMB,1,236.28,0.45,235.83,107.68,128.15,216.02,2026,2026-03,Q1
ORD-002409,2026-03-03,Core,US,Online,Enterprise,3,123.95,2.05,121.9,58.51,63.39,112.93,2026,2026-03,Q1
ORD-002410,2026-06-30,Enterprise,US,Online,SMB,2,513.23,12.85,500.38,272.32,228.06,491.95,2026,2026-06,Q2
ORD-002411,2026-05-01,Core,Germany,Direct,SMB,1,44.31,3.19,41.12,19.72,21.4,39.5,2026,2026-05,Q2
ORD-002412,2026-01-30,Plus,India,Partner,SMB,2,160.88,3.79,157.09,91.12,65.97,172.9,2026,2026-01,Q1
ORD-002413,2026-06-12,Core,US,Partner,Mid-Market,4,169.95,3.36,166.59,91.96,74.63,184.72,2026,2026-06,Q2
ORD-002414,2026-05-18,Premium,UK,Partner,SMB,15,1821.76,1.11,1820.65,813.28,1007.37,1920.3,2026,2026-05,Q2
ORD-002415,2025-02-08,Premium,UAE,Online,SMB,1,119.91,0.12,119.79,77.7,42.09,132.6,2025,2025-02,Q1
ORD-002416,2026-04-13,Plus,UAE,Online,Enterprise,6,405.14,22.19,382.95,213.96,168.99,339.68,2026,2026-04,Q2
ORD-002417,2025-10-20,Premium,US,Online,SMB,3,327.95,21.02,306.93,204.49,102.44,305.59,2025,2025-10,Q4
ORD-002418,2025-06-30,Plus,India,Partner,Enterprise,1,69.82,5.89,63.93,30.01,33.92,60.45,2025,2025-06,Q2
ORD-002419,2025-02-16,Plus,UK,Direct,Enterprise,5,369.82,18.46,351.36,182.27,169.09,358.97,2025,2025-02,Q1
ORD-002420,2026-06-26,Plus,UK,Direct,SMB,2,162.26,12.57,149.69,88.63,61.06,153.6,2026,2026-06,Q2
ORD-002421,2026-01-28,Enterprise,India,Direct,SMB,3,724.74,57.25,667.49,375.96,291.53,594.68,2026,2026-01,Q1
ORD-002422,2026-07-20,Plus,UAE,Direct,SMB,5,359.11,16.54,342.57,153.98,188.59,366.39,2026,2026-07,Q3
ORD-002423,2025-06-06,Enterprise,US,Direct,SMB,4,894.97,22.48,872.49,566.42,306.07,825.64,2025,2025-06,Q2
ORD-002424,2025-11-13,Premium,UK,Direct,SMB,2,242.5,0.03,242.47,104.81,137.66,216.03,2025,2025-11,Q4
ORD-002425,2026-03-22,Core,Germany,Direct,SMB,2,85.8,1.03,84.77,51.77,33.0,91.33,2026,2026-03,Q1
ORD-002426,2026-07-27,Core,Germany,Direct,SMB,3,138.22,1.88,136.34,82.68,53.66,135.98,2026,2026-07,Q3
ORD-002427,2025-12-03,Enterprise,Germany,Partner,Mid-Market,3,790.83,12.28,778.55,354.95,423.6,829.9,2025,2025-12,Q4
ORD-002428,2025-04-30,Premium,UK,Direct,Mid-Market,1,130.63,8.93,121.7,73.59,48.11,131.18,2025,2025-04,Q2
ORD-002429,2026-07-12,Premium,India,Partner,Enterprise,3,332.99,4.64,328.35,198.81,129.54,345.99,2026,2026-07,Q3
ORD-002430,2025-12-29,Plus,UK,Online,Mid-Market,1,75.56,1.37,74.19,40.9,33.29,77.89,2025,2025-12,Q4
ORD-002431,2026-05-05,Enterprise,UK,Direct,SMB,3,747.79,43.13,704.66,389.22,315.44,760.18,2026,2026-05,Q2
ORD-002432,2026-03-07,Plus,Germany,Direct,SMB,1,75.44,1.15,74.29,49.56,24.73,75.13,2026,2026-03,Q1
ORD-002433,2025-10-02,Enterprise,UAE,Direct,SMB,2,466.21,21.41,444.8,251.94,192.86,493.0,2025,2025-10,Q4
ORD-002434,2025-09-25,Core,Germany,Online,Enterprise,2,81.6,0.62,80.98,42.14,38.84,74.89,2025,2025-09,Q3
ORD-002435,2025-01-23,Premium,India,Partner,Mid-Market,3,359.09,32.71,326.38,209.44,116.94,364.59,2025,2025-01,Q1
ORD-002436,2025-12-07,Plus,UK,Online,SMB,2,154.51,2.96,151.55,93.96,57.59,152.79,2025,2025-12,Q4
ORD-002437,2026-03-17,Enterprise,UK,Partner,Mid-Market,3,761.07,0.25,760.82,477.59,283.23,853.81,2026,2026-03,Q1
ORD-002438,2025-06-09,Enterprise,India,Direct,Enterprise,3,753.18,16.73,736.45,418.18,318.27,684.2,2025,2025-06,Q2
ORD-002439,2025-09-03,Core,India,Online,SMB,3,138.19,2.78,135.41,81.41,54.0,120.33,2025,2025-09,Q3
ORD-002440,2025-07-14,Premium,UK,Direct,Mid-Market,7,781.6,18.68,762.92,483.01,279.91,804.53,2025,2025-07,Q3
ORD-002441,2026-02-18,Core,US,Direct,SMB,3,129.58,3.92,125.66,66.7,58.96,119.94,2026,2026-02,Q1
ORD-002442,2025-06-18,Core,US,Online,Enterprise,3,133.0,6.8,126.2,67.49,58.71,133.81,2025,2025-06,Q2
ORD-002443,2025-11-30,Plus,UK,Partner,SMB,2,159.15,8.83,150.32,63.54,86.78,143.37,2025,2025-11,Q4
ORD-002444,2025-10-20,Premium,UAE,Online,Enterprise,2,248.97,4.58,244.39,108.91,135.48,230.91,2025,2025-10,Q4
ORD-002445,2026-02-19,Plus,India,Partner,SMB,1,67.99,2.26,65.73,35.14,30.59,59.12,2026,2026-02,Q1
ORD-002446,2025-10-19,Core,UK,Partner,SMB,3,127.96,5.66,122.3,57.97,64.33,116.25,2025,2025-10,Q4
ORD-002447,2025-08-31,Enterprise,India,Direct,Mid-Market,1,239.3,10.7,228.6,139.94,88.66,232.59,2025,2025-08,Q3
ORD-002448,2026-07-22,Plus,India,Direct,Mid-Market,6,411.95,1.22,410.73,245.16,165.57,422.78,2026,2026-07,Q3
ORD-002449,2026-01-02,Plus,UAE,Direct,Enterprise,3,224.45,3.09,221.36,95.06,126.3,204.93,2026,2026-01,Q1
ORD-002450,2025-06-16,Enterprise,US,Direct,Mid-Market,5,1261.96,27.15,1234.81,823.92,410.89,1343.77,2025,2025-06,Q2
ORD-002451,2025-06-11,Premium,India,Direct,SMB,3,388.95,0.83,388.12,225.5,162.62,386.11,2025,2025-06,Q2
ORD-002452,2025-07-03,Plus,India,Online,SMB,1,77.13,3.43,73.7,47.56,26.14,83.91,2025,2025-07,Q3
ORD-002453,2025-11-18,Core,India,Partner,SMB,3,131.92,3.35,128.57,58.97,69.6,132.96,2025,2025-11,Q4
ORD-002454,2026-02-20,Core,UK,Partner,Mid-Market,3,139.12,3.89,135.23,64.85,70.38,148.97,2026,2026-02,Q1
ORD-002455,2026-03-09,Enterprise,India,Online,SMB,3,657.89,50.65,607.24,314.0,293.24,542.96,2026,2026-03,Q1
ORD-002456,2026-07-12,Core,UK,Online,Mid-Market,7,331.17,31.86,299.31,198.92,100.39,302.82,2026,2026-07,Q3
ORD-002457,2025-06-03,Core,India,Online,Mid-Market,3,141.58,6.3,135.28,71.6,63.68,145.06,2025,2025-06,Q2
ORD-002458,2025-01-23,Core,UAE,Direct,SMB,3,123.18,8.52,114.66,48.94,65.72,109.45,2025,2025-01,Q1
ORD-002459,2025-07-19,Plus,India,Online,Mid-Market,3,226.6,4.16,222.44,121.54,100.9,209.44,2025,2025-07,Q3
ORD-002460,2025-05-06,Core,UK,Direct,SMB,6,254.06,20.84,233.22,132.85,100.37,213.1,2025,2025-05,Q2
ORD-002461,2025-12-23,Premium,US,Direct,SMB,8,917.17,16.5,900.67,455.25,445.42,937.97,2025,2025-12,Q4
ORD-002462,2025-11-07,Plus,US,Partner,SMB,2,164.53,4.63,159.9,68.26,91.64,163.54,2025,2025-11,Q4
ORD-002463,2026-04-27,Plus,UK,Partner,SMB,2,148.75,0.92,147.83,77.6,70.23,165.12,2026,2026-04,Q2
ORD-002464,2025-09-29,Plus,US,Direct,Enterprise,14,950.87,6.43,944.44,404.7,539.74,918.43,2025,2025-09,Q3
ORD-002465,2026-04-08,Core,Germany,Partner,Mid-Market,2,93.24,3.44,89.8,56.08,33.72,82.79,2026,2026-04,Q2
ORD-002466,2026-02-14,Premium,UAE,Direct,SMB,2,260.93,10.92,250.01,120.47,129.54,270.37,2026,2026-02,Q1
ORD-002467,2025-05-24,Plus,UK,Online,SMB,1,79.59,3.07,76.52,41.95,34.57,68.12,2025,2025-05,Q2
ORD-002468,2025-02-24,Enterprise,India,Direct,SMB,1,241.35,4.58,236.77,104.95,131.82,253.82,2025,2025-02,Q1
ORD-002469,2025-07-11,Plus,US,Partner,SMB,3,239.75,9.77,229.98,135.39,94.59,219.95,2025,2025-07,Q3
ORD-002470,2025-12-02,Plus,US,Direct,Mid-Market,2,143.92,0.43,143.49,63.44,80.05,158.58,2025,2025-12,Q4
ORD-002471,2026-04-22,Plus,India,Direct,SMB,5,361.38,34.86,326.52,185.06,141.46,315.68,2026,2026-04,Q2
ORD-002472,2025-05-31,Enterprise,UK,Direct,SMB,4,1022.15,7.58,1014.57,603.28,411.29,1124.73,2025,2025-05,Q2
ORD-002473,2025-11-24,Core,UK,Partner,SMB,7,294.0,14.41,279.59,132.58,147.01,283.48,2025,2025-11,Q4
ORD-002474,2025-06-11,Premium,India,Partner,Enterprise,7,826.22,34.43,791.79,390.43,401.36,802.17,2025,2025-06,Q2
ORD-002475,2026-02-27,Plus,India,Partner,Mid-Market,2,153.84,13.89,139.95,72.78,67.17,130.14,2026,2026-02,Q1
ORD-002476,2025-06-19,Premium,US,Online,Enterprise,2,220.17,9.03,211.14,119.53,91.61,231.44,2025,2025-06,Q2
ORD-002477,2026-04-09,Premium,India,Direct,SMB,3,373.36,0.8,372.56,159.84,212.72,366.12,2026,2026-04,Q2
ORD-002478,2026-02-20,Plus,US,Direct,SMB,2,158.8,1.76,157.04,104.27,52.77,143.99,2026,2026-02,Q1
ORD-002479,2025-01-14,Plus,UK,Online,SMB,6,442.04,1.97,440.07,279.89,160.18,406.04,2025,2025-01,Q1
ORD-002480,2025-03-13,Premium,US,Online,Mid-Market,3,331.48,12.73,318.75,162.56,156.19,293.21,2025,2025-03,Q1
ORD-002481,2025-03-29,Premium,India,Partner,SMB,9,1109.72,57.33,1052.39,474.76,577.63,1114.94,2025,2025-03,Q1
ORD-002482,2025-08-18,Core,UAE,Direct,SMB,7,300.47,18.62,281.85,165.37,116.48,277.58,2025,2025-08,Q3
ORD-002483,2025-07-03,Core,UK,Online,SMB,1,45.29,1.58,43.71,19.55,24.16,39.73,2025,2025-07,Q3
ORD-002484,2026-07-23,Premium,UAE,Online,SMB,7,867.91,24.49,843.42,396.28,447.14,958.25,2026,2026-07,Q3
ORD-002485,2025-01-05,Enterprise,Germany,Online,SMB,2,476.85,4.63,472.22,315.33,156.89,516.96,2025,2025-01,Q1
ORD-002486,2025-08-13,Core,US,Partner,Mid-Market,1,48.21,0.48,47.73,25.54,22.19,51.03,2025,2025-08,Q3
ORD-002487,2025-06-18,Core,UK,Direct,SMB,5,214.74,14.92,199.82,85.08,114.74,215.71,2025,2025-06,Q2
ORD-002488,2026-07-27,Premium,India,Direct,SMB,3,373.46,6.96,366.5,244.96,121.54,355.7,2026,2026-07,Q3
ORD-002489,2025-05-25,Plus,US,Direct,Enterprise,2,147.56,5.05,142.51,90.19,52.32,136.32,2025,2025-05,Q2
ORD-002490,2025-08-07,Core,US,Online,Mid-Market,6,248.62,2.42,246.2,105.99,140.21,243.1,2025,2025-08,Q3
ORD-002491,2026-04-25,Core,UK,Direct,Enterprise,6,285.12,8.4,276.72,117.67,159.05,298.34,2026,2026-04,Q2
ORD-002492,2025-05-26,Core,UAE,Direct,Mid-Market,4,179.33,12.41,166.92,72.3,94.62,160.33,2025,2025-05,Q2
ORD-002493,2026-07-01,Core,Germany,Partner,Mid-Market,1,48.81,0.86,47.95,23.06,24.89,43.97,2026,2026-07,Q3
ORD-002494,2026-02-13,Plus,UAE,Direct,Enterprise,2,159.43,7.2,152.23,71.27,80.96,137.21,2026,2026-02,Q1
ORD-002495,2025-09-18,Plus,Germany,Direct,SMB,5,349.41,6.76,342.65,145.94,196.71,365.21,2025,2025-09,Q3
ORD-002496,2025-03-16,Core,UK,Direct,Mid-Market,4,183.65,4.21,179.44,94.55,84.89,186.53,2025,2025-03,Q1
ORD-002497,2025-02-24,Premium,India,Online,Mid-Market,9,1154.11,40.53,1113.58,507.22,606.36,1007.53,2025,2025-02,Q1
ORD-002498,2025-01-03,Enterprise,India,Partner,Mid-Market,2,523.58,12.13,511.45,293.73,217.72,466.44,2025,2025-01,Q1
ORD-002499,2025-10-27,Enterprise,India,Online,SMB,1,236.07,2.03,234.04,148.02,86.02,236.19,2025,2025-10,Q4
ORD-002500,2025-11-28,Plus,UK,Partner,Enterprise,3,208.01,15.13,192.88,100.82,92.06,176.93,2025,2025-11,Q4
ORD-002501,2025-10-21,Enterprise,Germany,Partner,SMB,2,479.87,22.8,457.07,223.88,233.19,410.29,2025,2025-10,Q4
ORD-002502,2026-07-06,Core,India,Direct,Enterprise,2,89.03,0.98,88.05,39.26,48.79,94.58,2026,2026-07,Q3
ORD-002503,2025-06-28,Core,UK,Partner,SMB,5,246.75,16.28,230.47,106.33,124.14,215.44,2025,2025-06,Q2
ORD-002504,2025-10-16,Enterprise,India,Online,SMB,4,1001.76,9.72,992.04,570.82,421.22,913.1,2025,2025-10,Q4
ORD-002505,2025-03-10,Plus,UAE,Online,Mid-Market,4,303.49,26.24,277.25,174.56,102.69,263.33,2025,2025-03,Q1
ORD-002506,2025-05-16,Premium,India,Online,SMB,6,679.66,14.33,665.33,311.99,353.34,740.26,2025,2025-05,Q2
ORD-002507,2025-03-19,Core,US,Direct,SMB,3,134.79,7.86,126.93,76.08,50.85,136.28,2025,2025-03,Q1
ORD-002508,2025-09-14,Core,Germany,Direct,Enterprise,2,81.78,8.12,73.66,34.5,39.16,72.02,2025,2025-09,Q3
ORD-002509,2025-12-25,Plus,UAE,Online,Enterprise,3,223.51,3.77,219.74,141.84,77.9,236.36,2025,2025-12,Q4
ORD-002510,2025-01-06,Plus,UK,Direct,SMB,1,69.08,0.69,68.39,33.41,34.98,64.18,2025,2025-01,Q1
ORD-002511,2025-06-30,Enterprise,UK,Direct,SMB,2,515.2,14.92,500.28,261.37,238.91,506.78,2025,2025-06,Q2
ORD-002512,2025-02-06,Core,India,Partner,Mid-Market,1,41.19,0.28,40.91,23.95,16.96,46.26,2025,2025-02,Q1
ORD-002513,2025-03-05,Enterprise,India,Partner,Mid-Market,2,458.58,8.21,450.37,281.96,168.41,481.5,2025,2025-03,Q1
ORD-002514,2026-02-04,Core,US,Direct,SMB,1,43.04,0.58,42.46,18.27,24.19,42.82,2026,2026-02,Q1
ORD-002515,2025-01-30,Core,Germany,Direct,SMB,1,42.28,0.51,41.77,21.21,20.56,44.17,2025,2025-01,Q1
ORD-002516,2026-06-28,Plus,India,Direct,Enterprise,2,138.53,2.99,135.54,60.07,75.47,126.19,2026,2026-06,Q2
ORD-002517,2025-03-17,Plus,UK,Direct,Mid-Market,8,558.57,22.34,536.23,318.35,217.88,477.04,2025,2025-03,Q1
ORD-002518,2025-06-22,Core,Germany,Online,Enterprise,4,189.97,5.77,184.2,87.66,96.54,192.8,2025,2025-06,Q2
ORD-002519,2025-02-16,Core,India,Partner,Enterprise,2,84.44,2.6,81.84,54.76,27.08,73.55,2025,2025-02,Q1
ORD-002520,2025-02-09,Core,India,Online,SMB,4,174.09,10.1,163.99,101.78,62.21,178.72,2025,2025-02,Q1
ORD-002521,2026-04-29,Core,India,Online,SMB,2,84.49,1.27,83.22,43.12,40.1,83.84,2026,2026-04,Q2
ORD-002522,2025-07-13,Core,UK,Direct,Enterprise,4,187.97,7.56,180.41,103.65,76.76,159.76,2025,2025-07,Q3
ORD-002523,2025-12-01,Enterprise,UK,Direct,Mid-Market,1,220.02,4.06,215.96,101.53,114.43,242.83,2025,2025-12,Q4
ORD-002524,2026-05-22,Core,India,Direct,Enterprise,2,84.14,8.39,75.75,38.19,37.56,76.1,2026,2026-05,Q2
ORD-002525,2026-01-29,Premium,UAE,Online,Enterprise,3,328.69,24.96,303.73,203.44,100.29,270.33,2026,2026-01,Q1
ORD-002526,2026-03-04,Enterprise,US,Online,Mid-Market,3,718.79,70.07,648.72,433.2,215.52,670.21,2026,2026-03,Q1
ORD-002527,2025-05-31,Core,Germany,Online,SMB,5,205.6,1.95,203.65,107.31,96.34,190.47,2025,2025-05,Q2
ORD-002528,2025-10-15,Premium,UAE,Direct,Mid-Market,1,130.73,4.02,126.71,81.78,44.93,139.29,2025,2025-10,Q4
ORD-002529,2026-07-22,Enterprise,US,Partner,Mid-Market,3,682.36,32.51,649.85,353.54,296.31,728.86,2026,2026-07,Q3
ORD-002530,2025-06-04,Plus,UK,Online,SMB,4,276.75,4.51,272.24,168.78,103.46,305.71,2025,2025-06,Q2
ORD-002531,2025-09-12,Core,India,Partner,Mid-Market,4,179.19,8.07,171.12,108.17,62.95,163.75,2025,2025-09,Q3
ORD-002532,2025-01-03,Core,UAE,Direct,SMB,2,88.89,0.95,87.94,46.15,41.79,88.93,2025,2025-01,Q1
ORD-002533,2026-07-28,Core,UK,Direct,Mid-Market,8,342.35,23.27,319.08,180.26,138.82,333.96,2026,2026-07,Q3
ORD-002534,2025-10-18,Core,Germany,Partner,SMB,8,358.5,22.51,335.99,178.52,157.47,375.43,2025,2025-10,Q4
ORD-002535,2025-12-27,Plus,India,Direct,Mid-Market,1,69.21,0.17,69.04,35.1,33.94,61.02,2025,2025-12,Q4
ORD-002536,2026-01-01,Plus,UAE,Online,SMB,6,468.29,2.2,466.09,226.02,240.07,512.13,2026,2026-01,Q1
ORD-002537,2025-03-27,Premium,UK,Direct,Enterprise,4,514.82,8.03,506.79,229.68,277.11,455.27,2025,2025-03,Q1
ORD-002538,2026-03-28,Plus,UAE,Online,SMB,12,907.48,6.1,901.38,505.92,395.46,811.52,2026,2026-03,Q1
ORD-002539,2025-07-17,Core,UAE,Online,Mid-Market,2,83.47,2.74,80.73,45.77,34.96,77.18,2025,2025-07,Q3
ORD-002540,2025-06-20,Enterprise,UK,Online,Enterprise,1,253.92,0.08,253.84,133.12,120.72,271.41,2025,2025-06,Q2
ORD-002541,2026-06-19,Core,UK,Online,SMB,1,44.76,0.25,44.51,21.8,22.71,50.08,2026,2026-06,Q2
ORD-002542,2026-02-04,Plus,US,Online,SMB,5,382.96,23.25,359.71,239.25,120.46,330.85,2026,2026-02,Q1
ORD-002543,2025-03-27,Premium,UK,Partner,Enterprise,6,677.98,37.55,640.43,301.47,338.96,721.77,2025,2025-03,Q1
ORD-002544,2025-12-29,Core,UAE,Online,SMB,2,96.41,10.07,86.34,49.53,36.81,93.87,2025,2025-12,Q4
ORD-002545,2025-06-04,Enterprise,Germany,Direct,SMB,4,892.18,16.22,875.96,461.93,414.03,940.01,2025,2025-06,Q2
ORD-002546,2025-01-21,Core,UAE,Partner,SMB,1,41.84,2.41,39.43,25.52,13.91,40.26,2025,2025-01,Q1
ORD-002547,2026-03-25,Plus,India,Online,Enterprise,1,77.57,1.33,76.24,41.44,34.8,75.62,2026,2026-03,Q1
ORD-002548,2025-12-23,Enterprise,UAE,Online,SMB,4,882.85,5.4,877.45,518.22,359.23,966.9,2025,2025-12,Q4
ORD-002549,2026-06-12,Plus,India,Direct,Mid-Market,1,70.13,7.13,63.0,28.79,34.21,70.48,2026,2026-06,Q2
ORD-002550,2026-06-12,Enterprise,Germany,Direct,SMB,3,762.5,38.03,724.47,337.3,387.17,708.37,2026,2026-06,Q2
ORD-002551,2025-07-23,Premium,India,Online,Mid-Market,11,1360.13,50.13,1310.0,645.33,664.67,1396.2,2025,2025-07,Q3
ORD-002552,2025-11-10,Premium,UK,Online,Enterprise,6,683.46,17.42,666.04,402.26,263.78,713.69,2025,2025-11,Q4
ORD-002553,2026-07-08,Plus,UAE,Direct,SMB,3,217.1,19.11,197.99,96.23,101.76,186.63,2026,2026-07,Q3
ORD-002554,2026-06-01,Enterprise,UK,Direct,Enterprise,3,758.66,12.9,745.76,340.86,404.9,728.4,2026,2026-06,Q2
ORD-002555,2025-02-25,Enterprise,Germany,Direct,SMB,1,231.64,0.46,231.18,110.38,120.8,247.08,2025,2025-02,Q1
ORD-002556,2026-05-11,Premium,US,Partner,SMB,1,112.93,1.19,111.74,69.35,42.39,114.24,2026,2026-05,Q2
ORD-002557,2025-02-24,Plus,Germany,Partner,SMB,1,73.55,3.19,70.36,37.76,32.6,65.34,2025,2025-02,Q1
ORD-002558,2026-04-05,Premium,India,Partner,Enterprise,2,253.79,28.45,225.34,107.36,117.98,230.47,2026,2026-04,Q2
ORD-002559,2026-07-29,Plus,US,Direct,Enterprise,2,143.62,8.85,134.77,64.71,70.06,152.37,2026,2026-07,Q3
ORD-002560,2025-03-17,Enterprise,India,Partner,SMB,1,262.56,3.09,259.47,170.25,89.22,269.67,2025,2025-03,Q1
ORD-002561,2026-06-15,Enterprise,Germany,Direct,Enterprise,5,1143.37,60.1,1083.27,465.8,617.47,1105.39,2026,2026-06,Q2
ORD-002562,2026-04-11,Core,UK,Online,Mid-Market,4,182.98,3.08,179.9,79.76,100.14,196.84,2026,2026-04,Q2
ORD-002563,2026-04-09,Core,India,Direct,Mid-Market,1,48.55,3.54,45.01,24.09,20.92,44.0,2026,2026-04,Q2
ORD-002564,2026-01-07,Core,UAE,Online,SMB,2,91.91,2.37,89.54,51.21,38.33,83.56,2026,2026-01,Q1
ORD-002565,2025-03-15,Enterprise,US,Direct,Enterprise,1,234.68,2.64,232.04,126.07,105.97,255.62,2025,2025-03,Q1
ORD-002566,2026-05-07,Premium,UK,Direct,Mid-Market,4,520.02,19.88,500.14,215.44,284.7,457.94,2026,2026-05,Q2
ORD-002567,2025-05-12,Enterprise,India,Direct,Mid-Market,3,662.64,67.08,595.56,291.99,303.57,661.31,2025,2025-05,Q2
ORD-002568,2025-12-28,Premium,India,Online,SMB,4,498.06,15.71,482.35,273.82,208.53,506.43,2025,2025-12,Q4
ORD-002569,2025-05-29,Premium,Germany,Direct,Enterprise,4,519.89,18.22,501.67,328.19,173.48,545.65,2025,2025-05,Q2
ORD-002570,2025-11-04,Premium,Germany,Online,Mid-Market,1,128.06,1.87,126.19,80.52,45.67,138.23,2025,2025-11,Q4
ORD-002571,2025-02-17,Plus,UK,Online,Mid-Market,2,153.31,4.93,148.38,88.18,60.2,161.92,2025,2025-02,Q1
ORD-002572,2025-07-16,Core,UAE,Online,SMB,6,293.86,23.69,270.17,159.96,110.21,302.45,2025,2025-07,Q3
ORD-002573,2025-11-20,Core,India,Direct,Enterprise,1,44.0,0.33,43.67,18.71,24.96,43.4,2025,2025-11,Q4
ORD-002574,2025-04-29,Enterprise,India,Direct,Enterprise,1,263.35,13.61,249.74,108.75,140.99,226.08,2025,2025-04,Q2
ORD-002575,2025-07-11,Core,UK,Partner,Mid-Market,4,187.15,12.1,175.05,90.35,84.7,177.94,2025,2025-07,Q3
ORD-002576,2025-03-01,Premium,India,Online,Mid-Market,3,345.27,8.91,336.36,181.95,154.41,306.3,2025,2025-03,Q1
ORD-002577,2025-05-22,Core,UK,Online,Mid-Market,1,48.4,0.59,47.81,31.96,15.85,43.91,2025,2025-05,Q2
ORD-002578,2026-05-03,Core,UK,Online,SMB,3,139.68,6.35,133.33,67.21,66.12,135.49,2026,2026-05,Q2
ORD-002579,2025-07-04,Plus,UK,Partner,SMB,3,208.01,7.03,200.98,101.05,99.93,217.99,2025,2025-07,Q3
ORD-002580,2025-11-27,Core,UAE,Direct,Mid-Market,2,90.0,9.9,80.1,47.2,32.9,81.39,2025,2025-11,Q4
ORD-002581,2025-04-11,Core,India,Partner,Enterprise,6,267.61,2.77,264.84,117.28,147.56,237.04,2025,2025-04,Q2
ORD-002582,2026-07-18,Premium,UAE,Online,SMB,6,773.25,22.0,751.25,323.09,428.16,824.49,2026,2026-07,Q3
ORD-002583,2026-04-17,Core,UK,Online,SMB,3,134.9,2.23,132.67,60.14,72.53,139.76,2026,2026-04,Q2
ORD-002584,2025-06-11,Core,UK,Partner,Mid-Market,4,190.3,14.47,175.83,90.93,84.9,193.17,2025,2025-06,Q2
ORD-002585,2025-09-17,Plus,India,Partner,Mid-Market,2,151.46,6.72,144.74,67.06,77.68,139.9,2025,2025-09,Q3
ORD-002586,2025-10-19,Plus,UK,Direct,SMB,4,328.55,22.31,306.24,199.17,107.07,329.14,2025,2025-10,Q4
ORD-002587,2026-07-26,Core,Germany,Direct,SMB,7,319.31,17.31,302.0,155.0,147.0,324.8,2026,2026-07,Q3
ORD-002588,2025-06-07,Premium,India,Partner,SMB,9,1166.67,8.41,1158.26,733.57,424.69,1295.44,2025,2025-06,Q2
ORD-002589,2026-03-05,Core,India,Direct,Mid-Market,2,81.94,3.11,78.83,40.0,38.83,69.87,2026,2026-03,Q1
ORD-002590,2025-11-26,Core,India,Partner,Enterprise,9,423.58,18.43,405.15,258.44,146.71,373.48,2025,2025-11,Q4
ORD-002591,2025-05-23,Plus,US,Direct,Mid-Market,2,150.39,11.25,139.14,72.4,66.74,134.66,2025,2025-05,Q2
ORD-002592,2026-03-31,Enterprise,US,Online,Enterprise,3,725.65,9.52,716.13,415.14,300.99,634.3,2026,2026-03,Q1
ORD-002593,2026-04-26,Core,India,Partner,Mid-Market,4,174.04,4.13,169.91,111.82,58.09,191.43,2026,2026-04,Q2
ORD-002594,2026-06-06,Core,UAE,Partner,SMB,4,168.41,1.78,166.63,70.19,96.44,163.86,2026,2026-06,Q2
ORD-002595,2025-07-01,Plus,India,Online,Mid-Market,3,234.17,3.23,230.94,116.81,114.13,235.72,2025,2025-07,Q3
ORD-002596,2025-01-01,Core,UK,Online,SMB,1,48.21,3.98,44.23,26.3,17.93,46.71,2025,2025-01,Q1
ORD-002597,2026-05-09,Enterprise,US,Direct,Enterprise,5,1081.71,25.59,1056.12,450.24,605.88,944.91,2026,2026-05,Q2
ORD-002598,2025-12-20,Plus,UK,Direct,SMB,1,70.12,5.89,64.23,36.44,27.79,60.26,2025,2025-12,Q4
ORD-002599,2025-10-27,Core,UK,Partner,SMB,1,44.99,3.13,41.86,22.07,19.79,45.2,2025,2025-10,Q4
ORD-002600,2026-03-30,Enterprise,UAE,Partner,Enterprise,2,488.32,22.23,466.09,235.03,231.06,436.46,2026,2026-03,Q1
ORD-002601,2026-06-01,Premium,US,Direct,SMB,1,127.63,2.53,125.1,52.86,72.24,112.63,2026,2026-06,Q2
ORD-002602,2026-06-27,Premium,UK,Partner,Enterprise,4,471.37,26.81,444.56,264.88,179.68,471.18,2026,2026-06,Q2
ORD-002603,2026-06-17,Core,UK,Direct,SMB,4,169.12,8.47,160.65,71.91,88.74,142.64,2026,2026-06,Q2
ORD-002604,2026-05-27,Premium,Germany,Partner,Mid-Market,2,262.7,13.96,248.74,129.02,119.72,266.81,2026,2026-05,Q2
ORD-002605,2026-04-24,Enterprise,Germany,Direct,Enterprise,1,257.79,0.95,256.84,135.56,121.28,247.11,2026,2026-04,Q2
ORD-002606,2025-02-17,Enterprise,Germany,Online,SMB,3,665.91,124.57,541.34,301.85,239.49,523.31,2025,2025-02,Q1
ORD-002607,2025-02-03,Core,UAE,Online,Mid-Market,3,125.69,9.05,116.64,63.73,52.91,122.51,2025,2025-02,Q1
ORD-002608,2025-05-17,Core,US,Direct,Enterprise,4,191.34,8.78,182.56,90.27,92.29,204.49,2025,2025-05,Q2
ORD-002609,2025-01-22,Plus,India,Direct,SMB,1,78.41,1.8,76.61,50.85,25.76,78.64,2025,2025-01,Q1
ORD-002610,2026-01-26,Plus,UK,Direct,SMB,6,411.31,7.69,403.62,174.14,229.48,442.0,2026,2026-01,Q1
ORD-002611,2026-07-09,Enterprise,UK,Online,Mid-Market,7,1655.18,36.87,1618.31,913.06,705.25,1741.91,2026,2026-07,Q3
ORD-002612,2026-06-14,Plus,UAE,Partner,Mid-Market,4,299.29,6.7,292.59,194.2,98.39,326.88,2026,2026-06,Q2
ORD-002613,2025-06-16,Core,UK,Direct,SMB,3,144.16,5.01,139.15,87.11,52.04,149.42,2025,2025-06,Q2
ORD-002614,2025-04-02,Core,UK,Direct,Mid-Market,1,46.99,1.28,45.71,30.48,15.23,41.42,2025,2025-04,Q2
ORD-002615,2025-08-02,Plus,UK,Online,Enterprise,1,79.93,3.46,76.47,43.92,32.55,72.92,2025,2025-08,Q3
ORD-002616,2026-06-06,Premium,Germany,Direct,Enterprise,2,248.91,10.12,238.79,149.47,89.32,264.49,2026,2026-06,Q2
ORD-002617,2026-05-16,Enterprise,US,Online,SMB,2,517.27,14.66,502.61,303.94,198.67,499.7,2026,2026-05,Q2
ORD-002618,2025-05-30,Core,India,Online,SMB,1,48.58,0.23,48.35,30.63,17.72,48.09,2025,2025-05,Q2
ORD-002619,2025-09-14,Premium,Germany,Online,SMB,2,236.45,0.38,236.07,119.06,117.01,219.63,2025,2025-09,Q3
ORD-002620,2025-08-26,Core,UK,Direct,Enterprise,4,186.59,8.46,178.13,96.55,81.58,174.25,2025,2025-08,Q3
ORD-002621,2026-05-03,Premium,UAE,Direct,Mid-Market,2,256.35,9.93,246.42,117.42,129.0,229.08,2026,2026-05,Q2
ORD-002622,2025-06-15,Enterprise,India,Direct,Enterprise,5,1133.94,31.5,1102.44,519.12,583.32,1184.0,2025,2025-06,Q2
ORD-002623,2026-03-15,Core,UK,Direct,SMB,1,44.52,1.14,43.38,24.42,18.96,48.09,2026,2026-03,Q1
ORD-002624,2026-06-23,Enterprise,India,Direct,SMB,2,474.22,16.95,457.27,282.37,174.9,449.53,2026,2026-06,Q2
ORD-002625,2025-02-21,Core,UK,Partner,Enterprise,3,132.07,3.43,128.64,79.7,48.94,137.62,2025,2025-02,Q1
ORD-002626,2025-10-02,Premium,UK,Online,SMB,7,784.04,22.48,761.56,439.42,322.14,773.73,2025,2025-10,Q4
ORD-002627,2026-02-26,Premium,US,Online,SMB,2,257.87,5.21,252.66,150.91,101.75,238.49,2026,2026-02,Q1
ORD-002628,2026-07-09,Core,Germany,Online,Mid-Market,1,47.49,1.09,46.4,23.96,22.44,51.44,2026,2026-07,Q3
ORD-002629,2025-07-08,Premium,US,Partner,SMB,5,627.94,14.69,613.25,330.07,283.18,547.15,2025,2025-07,Q3
ORD-002630,2025-02-24,Premium,UAE,Direct,Mid-Market,4,520.38,30.79,489.59,235.84,253.75,525.17,2025,2025-02,Q1
ORD-002631,2026-02-20,Enterprise,India,Direct,Mid-Market,3,660.78,13.89,646.89,318.34,328.55,694.0,2026,2026-02,Q1
ORD-002632,2025-01-04,Plus,US,Online,SMB,1,73.51,0.79,72.72,40.74,31.98,70.43,2025,2025-01,Q1
ORD-002633,2025-12-25,Plus,India,Partner,Mid-Market,5,368.63,13.92,354.71,216.7,138.01,363.61,2025,2025-12,Q4
ORD-002634,2025-02-28,Enterprise,UAE,Online,SMB,3,711.48,70.7,640.78,331.77,309.01,712.63,2025,2025-02,Q1
ORD-002635,2026-07-29,Core,India,Direct,SMB,3,122.13,5.86,116.27,67.09,49.18,132.23,2026,2026-07,Q3
ORD-002636,2026-05-25,Enterprise,UK,Direct,SMB,3,667.67,32.93,634.74,338.4,296.34,646.3,2026,2026-05,Q2
ORD-002637,2026-03-18,Plus,UAE,Direct,Mid-Market,4,313.87,0.39,313.48,185.36,128.12,320.32,2026,2026-03,Q1
ORD-002638,2026-06-27,Premium,UK,Direct,SMB,2,253.26,7.27,245.99,142.21,103.78,268.84,2026,2026-06,Q2
ORD-002639,2026-06-07,Plus,India,Online,SMB,3,215.92,12.46,203.46,121.6,81.86,215.25,2026,2026-06,Q2
ORD-002640,2025-02-25,Premium,UK,Online,SMB,3,365.21,9.73,355.48,224.65,130.83,364.38,2025,2025-02,Q1
ORD-002641,2025-07-12,Enterprise,UK,Direct,Enterprise,2,478.28,50.67,427.61,220.19,207.42,484.92,2025,2025-07,Q3
ORD-002642,2025-04-29,Core,UAE,Direct,SMB,5,218.45,13.48,204.97,90.23,114.74,191.03,2025,2025-04,Q2
ORD-002643,2026-07-13,Premium,Germany,Direct,Enterprise,4,433.06,27.97,405.09,261.27,143.82,438.24,2026,2026-07,Q3
ORD-002644,2025-09-04,Plus,UK,Online,Enterprise,2,140.85,6.51,134.34,79.13,55.21,130.7,2025,2025-09,Q3
ORD-002645,2025-06-09,Enterprise,UK,Online,Mid-Market,3,655.95,4.27,651.68,406.23,245.45,701.9,2025,2025-06,Q2
ORD-002646,2025-02-09,Enterprise,UK,Direct,Enterprise,3,718.44,19.03,699.41,343.27,356.14,643.4,2025,2025-02,Q1
ORD-002647,2026-03-19,Plus,India,Online,Mid-Market,1,72.1,6.46,65.64,28.39,37.25,68.34,2026,2026-03,Q1
ORD-002648,2026-04-05,Core,UK,Online,Enterprise,2,96.47,0.28,96.19,45.54,50.65,96.38,2026,2026-04,Q2
ORD-002649,2025-02-28,Premium,Germany,Direct,SMB,1,125.38,5.67,119.71,54.3,65.41,125.62,2025,2025-02,Q1
ORD-002650,2026-03-06,Plus,US,Online,Mid-Market,1,69.71,4.08,65.63,31.14,34.49,58.86,2026,2026-03,Q1
ORD-002651,2025-09-30,Enterprise,US,Partner,Mid-Market,3,732.5,20.55,711.95,393.71,318.24,700.99,2025,2025-09,Q3
ORD-002652,2025-09-25,Core,UAE,Direct,Enterprise,1,40.55,2.91,37.64,24.38,13.26,41.61,2025,2025-09,Q3
ORD-002653,2026-06-22,Enterprise,Germany,Online,Mid-Market,1,223.92,7.12,216.8,118.45,98.35,220.59,2026,2026-06,Q2
ORD-002654,2026-07-28,Plus,UK,Direct,Mid-Market,3,226.05,9.97,216.08,99.84,116.24,238.4,2026,2026-07,Q3
ORD-002655,2025-01-17,Plus,US,Online,Enterprise,2,139.33,3.0,136.33,81.27,55.06,154.95,2025,2025-01,Q1
ORD-002656,2026-02-11,Premium,UAE,Direct,Mid-Market,4,509.98,36.07,473.91,227.5,246.41,529.53,2026,2026-02,Q1
ORD-002657,2026-07-24,Core,US,Online,Enterprise,3,127.54,5.59,121.95,76.29,45.66,114.08,2026,2026-07,Q3
ORD-002658,2025-08-28,Core,UK,Direct,SMB,2,85.56,7.35,78.21,48.14,30.07,84.63,2025,2025-08,Q3
ORD-002659,2025-06-04,Enterprise,US,Direct,Enterprise,3,655.38,5.33,650.05,430.43,219.62,595.6,2025,2025-06,Q2
ORD-002660,2026-06-15,Core,UAE,Online,Enterprise,4,177.02,1.52,175.5,104.34,71.16,195.74,2026,2026-06,Q2
ORD-002661,2025-04-24,Premium,Germany,Partner,Mid-Market,1,128.87,12.34,116.53,64.33,52.2,121.24,2025,2025-04,Q2
ORD-002662,2026-05-15,Premium,UK,Direct,Enterprise,1,123.0,3.0,120.0,53.99,66.01,128.84,2026,2026-05,Q2
ORD-002663,2025-08-26,Enterprise,Germany,Partner,Enterprise,2,468.4,30.72,437.68,232.99,204.69,419.67,2025,2025-08,Q3
ORD-002664,2025-11-26,Premium,India,Partner,SMB,8,1010.21,21.91,988.3,600.29,388.01,895.68,2025,2025-11,Q4
ORD-002665,2026-01-16,Enterprise,India,Online,SMB,3,699.43,49.57,649.86,283.42,366.44,676.34,2026,2026-01,Q1
ORD-002666,2026-03-24,Premium,UK,Direct,Enterprise,1,108.87,4.97,103.9,56.58,47.32,108.72,2026,2026-03,Q1
ORD-002667,2025-10-03,Core,India,Online,SMB,1,45.48,2.38,43.1,19.73,23.37,45.71,2025,2025-10,Q4
ORD-002668,2025-01-18,Premium,India,Partner,Mid-Market,1,109.06,4.36,104.7,64.87,39.83,110.19,2025,2025-01,Q1
ORD-002669,2025-07-25,Plus,India,Direct,SMB,2,144.34,4.5,139.84,61.0,78.84,137.64,2025,2025-07,Q3
ORD-002670,2026-07-10,Plus,Germany,Online,Enterprise,2,138.17,5.83,132.34,67.08,65.26,140.83,2026,2026-07,Q3
ORD-002671,2025-12-26,Core,UAE,Direct,SMB,4,169.38,3.0,166.38,73.3,93.08,173.52,2025,2025-12,Q4
ORD-002672,2025-03-18,Premium,Germany,Partner,SMB,1,120.21,4.75,115.46,70.65,44.81,115.14,2025,2025-03,Q1
ORD-002673,2026-05-20,Plus,India,Partner,Mid-Market,5,343.97,28.49,315.48,191.02,124.46,359.54,2026,2026-05,Q2
ORD-002674,2026-02-19,Core,India,Online,Enterprise,1,48.74,0.49,48.25,25.59,22.66,45.75,2026,2026-02,Q1
ORD-002675,2026-07-04,Premium,UAE,Online,SMB,4,469.13,23.88,445.25,277.41,167.84,479.39,2026,2026-07,Q3
ORD-002676,2026-01-02,Premium,Germany,Direct,SMB,3,331.41,24.59,306.82,177.24,129.58,341.56,2026,2026-01,Q1
ORD-002677,2025-01-20,Premium,UAE,Direct,SMB,5,600.51,13.78,586.73,279.45,307.28,560.38,2025,2025-01,Q1
ORD-002678,2025-04-08,Core,UK,Online,SMB,2,86.36,2.67,83.69,49.17,34.52,84.48,2025,2025-04,Q2
ORD-002679,2025-03-03,Premium,UK,Online,SMB,2,256.19,5.07,251.12,149.74,101.38,240.27,2025,2025-03,Q1
ORD-002680,2025-01-14,Premium,US,Direct,SMB,2,219.19,3.14,216.05,142.51,73.54,239.03,2025,2025-01,Q1
ORD-002681,2026-06-14,Core,India,Online,SMB,3,131.63,0.88,130.75,69.37,61.38,133.36,2026,2026-06,Q2
ORD-002682,2026-01-18,Enterprise,India,Online,Mid-Market,3,729.76,17.1,712.66,366.13,346.53,781.84,2026,2026-01,Q1
ORD-002683,2025-03-12,Core,India,Online,Mid-Market,3,131.21,8.91,122.3,74.94,47.36,113.63,2025,2025-03,Q1
ORD-002684,2026-07-21,Premium,UAE,Partner,Mid-Market,4,488.52,27.92,460.6,253.19,207.41,468.05,2026,2026-07,Q3
ORD-002685,2026-03-10,Core,UAE,Direct,SMB,1,47.46,1.24,46.22,22.93,23.29,48.33,2026,2026-03,Q1
ORD-002686,2025-03-31,Core,UK,Online,SMB,1,48.66,0.62,48.04,25.44,22.6,49.4,2025,2025-03,Q1
ORD-002687,2026-01-21,Core,UK,Online,SMB,4,184.97,12.13,172.84,112.37,60.47,160.39,2026,2026-01,Q1
ORD-002688,2025-03-08,Plus,India,Partner,SMB,2,140.81,9.52,131.29,76.89,54.4,145.78,2025,2025-03,Q1
ORD-002689,2026-04-20,Core,UK,Partner,SMB,1,46.99,1.4,45.59,19.15,26.44,48.57,2026,2026-04,Q2
ORD-002690,2025-02-12,Core,Germany,Direct,Mid-Market,6,271.66,11.83,259.83,172.49,87.34,295.58,2025,2025-02,Q1
ORD-002691,2026-06-18,Premium,India,Direct,SMB,3,380.97,6.19,374.78,197.94,176.84,339.25,2026,2026-06,Q2
ORD-002692,2025-03-31,Core,Germany,Partner,Enterprise,6,246.71,18.66,228.05,141.91,86.14,257.67,2025,2025-03,Q1
ORD-002693,2025-10-25,Core,India,Direct,Enterprise,3,123.33,2.01,121.32,63.21,58.11,132.33,2025,2025-10,Q4
ORD-002694,2026-05-25,Core,US,Direct,Enterprise,1,44.44,1.48,42.96,27.5,15.46,39.74,2026,2026-05,Q2
ORD-002695,2025-05-28,Plus,India,Partner,SMB,1,69.6,2.19,67.41,39.8,27.61,67.0,2025,2025-05,Q2
ORD-002696,2025-04-28,Plus,US,Online,Mid-Market,3,230.8,7.9,222.9,113.14,109.76,249.7,2025,2025-04,Q2
ORD-002697,2026-07-30,Premium,UAE,Direct,Mid-Market,5,630.03,10.95,619.08,357.43,261.65,582.34,2026,2026-07,Q3
ORD-002698,2026-06-27,Core,India,Partner,Enterprise,1,43.78,0.74,43.04,21.69,21.35,48.93,2026,2026-06,Q2
ORD-002699,2025-06-01,Plus,UK,Direct,Enterprise,3,226.54,8.29,218.25,92.38,125.87,230.99,2025,2025-06,Q2
ORD-002700,2025-09-15,Plus,India,Online,SMB,6,476.28,1.7,474.58,292.38,182.2,495.2,2025,2025-09,Q3
ORD-002701,2025-04-08,Core,UAE,Partner,Enterprise,3,132.48,1.2,131.28,85.12,46.16,129.23,2025,2025-04,Q2
ORD-002702,2025-11-19,Premium,US,Direct,SMB,2,225.75,1.64,224.11,119.87,104.24,234.09,2025,2025-11,Q4
ORD-002703,2026-02-11,Enterprise,UK,Online,Mid-Market,1,250.64,7.25,243.39,159.93,83.46,242.35,2026,2026-02,Q1
ORD-002704,2025-08-06,Plus,India,Online,SMB,2,163.27,3.12,160.15,89.33,70.82,171.36,2025,2025-08,Q3
ORD-002705,2025-09-19,Premium,US,Online,SMB,12,1570.66,34.16,1536.5,731.48,805.02,1399.34,2025,2025-09,Q3
ORD-002706,2025-05-12,Core,US,Online,SMB,3,126.65,0.59,126.06,69.02,57.04,114.05,2025,2025-05,Q2
ORD-002707,2025-07-29,Plus,UAE,Online,SMB,3,238.21,17.02,221.19,95.23,125.96,251.39,2025,2025-07,Q3
ORD-002708,2025-10-29,Enterprise,UK,Online,SMB,3,791.71,17.47,774.24,421.01,353.23,797.93,2025,2025-10,Q4
ORD-002709,2025-08-28,Premium,US,Direct,SMB,4,503.09,20.33,482.76,279.87,202.89,459.38,2025,2025-08,Q3
ORD-002710,2025-04-01,Enterprise,UK,Online,Enterprise,2,438.69,2.93,435.76,286.24,149.52,494.32,2025,2025-04,Q2
ORD-002711,2025-11-26,Enterprise,US,Direct,SMB,3,788.23,5.39,782.84,331.42,451.42,794.87,2025,2025-11,Q4
ORD-002712,2025-02-03,Plus,UK,Partner,SMB,1,71.62,0.64,70.98,42.44,28.54,62.98,2025,2025-02,Q1
ORD-002713,2026-03-02,Plus,UAE,Direct,Mid-Market,2,146.97,3.83,143.14,95.46,47.68,153.62,2026,2026-03,Q1
ORD-002714,2025-06-20,Plus,US,Direct,SMB,6,486.96,23.42,463.54,281.78,181.76,421.79,2025,2025-06,Q2
ORD-002715,2025-11-22,Plus,UAE,Direct,Mid-Market,2,163.91,16.33,147.58,79.11,68.47,136.39,2025,2025-11,Q4
ORD-002716,2025-12-28,Enterprise,Germany,Direct,SMB,1,232.09,4.62,227.47,140.98,86.49,256.22,2025,2025-12,Q4
ORD-002717,2025-11-26,Core,UAE,Online,Enterprise,2,81.03,3.69,77.34,49.79,27.55,72.87,2025,2025-11,Q4
ORD-002718,2025-09-23,Premium,US,Direct,SMB,2,260.2,10.29,249.91,117.56,132.35,274.7,2025,2025-09,Q3
ORD-002719,2026-02-15,Core,UK,Partner,SMB,2,97.05,3.38,93.67,43.85,49.82,96.64,2026,2026-02,Q1
ORD-002720,2025-04-28,Core,UAE,Online,Mid-Market,1,47.46,3.8,43.66,21.64,22.02,43.31,2025,2025-04,Q2
ORD-002721,2025-06-22,Core,Germany,Direct,Mid-Market,7,335.28,9.7,325.58,179.61,145.97,287.23,2025,2025-06,Q2
ORD-002722,2026-02-04,Premium,UAE,Online,Mid-Market,3,369.35,16.36,352.99,194.73,158.26,363.6,2026,2026-02,Q1
ORD-002723,2025-09-21,Premium,UK,Partner,Enterprise,4,443.04,14.39,428.65,210.88,217.77,472.24,2025,2025-09,Q3
ORD-002724,2025-12-12,Plus,UK,Online,Enterprise,2,152.78,4.16,148.62,75.08,73.54,160.57,2025,2025-12,Q4
ORD-002725,2026-06-23,Premium,UAE,Direct,Enterprise,5,629.85,5.11,624.74,301.09,323.65,659.62,2026,2026-06,Q2
ORD-002726,2026-07-07,Core,India,Online,Mid-Market,4,172.98,5.51,167.47,82.79,84.68,186.78,2026,2026-07,Q3
ORD-002727,2025-01-05,Premium,India,Direct,SMB,1,110.26,0.7,109.56,62.93,46.63,114.72,2025,2025-01,Q1
ORD-002728,2026-01-20,Core,India,Online,Mid-Market,2,82.61,10.68,71.93,35.54,36.39,70.06,2026,2026-01,Q1
ORD-002729,2025-01-23,Plus,India,Online,Enterprise,5,360.83,20.63,340.2,166.96,173.24,346.47,2025,2025-01,Q1
ORD-002730,2025-01-31,Enterprise,UAE,Partner,Enterprise,3,737.27,35.07,702.2,415.68,286.52,773.42,2025,2025-01,Q1
ORD-002731,2026-01-17,Enterprise,UK,Online,Enterprise,3,745.56,31.13,714.43,349.75,364.68,637.41,2026,2026-01,Q1
ORD-002732,2025-06-12,Premium,India,Partner,SMB,1,131.1,9.82,121.28,80.85,40.43,117.72,2025,2025-06,Q2
ORD-002733,2025-02-14,Core,US,Direct,SMB,7,346.03,7.28,338.75,194.57,144.18,344.72,2025,2025-02,Q1
ORD-002734,2025-07-25,Plus,Germany,Direct,Mid-Market,3,212.38,0.33,212.05,140.78,71.27,210.33,2025,2025-07,Q3
ORD-002735,2025-05-28,Premium,UK,Partner,Mid-Market,2,252.64,13.45,239.19,154.93,84.26,220.16,2025,2025-05,Q2
ORD-002736,2026-01-27,Enterprise,UK,Partner,SMB,3,773.62,24.22,749.4,349.41,399.99,683.61,2026,2026-01,Q1
ORD-002737,2025-06-01,Plus,UK,Online,Mid-Market,3,211.96,1.62,210.34,121.15,89.19,187.66,2025,2025-06,Q2
ORD-002738,2026-07-02,Enterprise,US,Direct,SMB,2,478.86,13.31,465.55,197.14,268.41,460.19,2026,2026-07,Q3
ORD-002739,2026-03-12,Core,India,Partner,SMB,3,124.84,2.02,122.82,52.71,70.11,110.14,2026,2026-03,Q1
ORD-002740,2025-05-23,Core,UK,Partner,Mid-Market,2,91.41,4.29,87.12,43.23,43.89,78.82,2025,2025-05,Q2
ORD-002741,2025-07-12,Core,UK,Direct,SMB,3,140.26,2.88,137.38,88.08,49.3,153.18,2025,2025-07,Q3
ORD-002742,2025-09-16,Enterprise,US,Direct,SMB,4,866.28,41.82,824.46,530.71,293.75,849.22,2025,2025-09,Q3
ORD-002743,2026-03-22,Core,UK,Online,SMB,4,189.85,8.96,180.89,119.3,61.59,186.12,2026,2026-03,Q1
ORD-002744,2025-06-17,Core,UK,Partner,Enterprise,1,46.59,4.61,41.98,19.23,22.75,47.26,2025,2025-06,Q2
ORD-002745,2026-07-10,Plus,Germany,Direct,Enterprise,3,237.14,12.19,224.95,137.55,87.4,256.32,2026,2026-07,Q3
ORD-002746,2026-04-05,Enterprise,UAE,Partner,SMB,2,521.79,43.76,478.03,300.6,177.43,490.98,2026,2026-04,Q2
ORD-002747,2025-04-09,Enterprise,UAE,Partner,Enterprise,2,449.99,27.32,422.67,266.65,156.02,470.36,2025,2025-04,Q2
ORD-002748,2026-01-29,Core,US,Direct,SMB,1,42.47,1.3,41.17,18.41,22.76,45.58,2026,2026-01,Q1
ORD-002749,2025-06-28,Core,India,Partner,Mid-Market,2,86.93,1.02,85.91,42.03,43.88,95.94,2025,2025-06,Q2
ORD-002750,2025-03-29,Premium,India,Online,Mid-Market,3,372.68,9.56,363.12,219.52,143.6,407.48,2025,2025-03,Q1
ORD-002751,2025-11-03,Plus,India,Direct,SMB,2,164.03,8.04,155.99,72.2,83.79,143.98,2025,2025-11,Q4
ORD-002752,2026-02-24,Plus,UK,Online,Mid-Market,6,482.28,14.08,468.2,235.74,232.46,511.06,2026,2026-02,Q1
ORD-002753,2025-07-16,Enterprise,India,Direct,Mid-Market,4,911.79,95.24,816.55,497.1,319.45,798.5,2025,2025-07,Q3
ORD-002754,2026-04-25,Premium,India,Online,SMB,3,367.4,3.87,363.53,210.8,152.73,403.9,2026,2026-04,Q2
ORD-002755,2025-09-16,Premium,UK,Partner,SMB,1,122.91,3.49,119.42,60.64,58.78,105.61,2025,2025-09,Q3
ORD-002756,2026-07-06,Plus,Germany,Direct,Enterprise,3,214.02,13.78,200.24,111.8,88.44,215.93,2026,2026-07,Q3
ORD-002757,2025-03-12,Enterprise,UK,Online,Enterprise,2,510.09,20.57,489.52,240.36,249.16,466.23,2025,2025-03,Q1
ORD-002758,2025-05-02,Core,India,Partner,Enterprise,6,271.56,0.13,271.43,127.59,143.84,304.48,2025,2025-05,Q2
ORD-002759,2025-12-31,Premium,Germany,Online,SMB,5,615.75,22.35,593.4,353.38,240.02,626.29,2025,2025-12,Q4
ORD-002760,2025-03-03,Enterprise,Germany,Direct,Enterprise,1,257.88,21.66,236.22,137.99,98.23,209.7,2025,2025-03,Q1
ORD-002761,2026-02-15,Premium,US,Partner,Mid-Market,1,122.6,2.95,119.65,60.95,58.7,125.04,2026,2026-02,Q1
ORD-002762,2025-11-07,Core,UAE,Direct,Enterprise,2,98.66,2.71,95.95,57.96,37.99,85.36,2025,2025-11,Q4
ORD-002763,2026-01-28,Enterprise,India,Online,SMB,2,498.52,3.99,494.53,279.92,214.61,518.24,2026,2026-01,Q1
ORD-002764,2026-07-14,Core,US,Partner,Enterprise,2,87.95,9.04,78.91,40.15,38.76,88.12,2026,2026-07,Q3
ORD-002765,2026-05-17,Premium,US,Partner,Mid-Market,9,1183.82,116.84,1066.98,698.63,368.35,1167.01,2026,2026-05,Q2
ORD-002766,2025-10-11,Premium,India,Partner,Enterprise,3,371.13,4.5,366.63,213.8,152.83,355.16,2025,2025-10,Q4
ORD-002767,2025-04-13,Plus,US,Direct,SMB,4,318.16,9.22,308.94,135.02,173.92,298.27,2025,2025-04,Q2
ORD-002768,2025-05-21,Plus,Germany,Direct,Mid-Market,2,135.93,4.96,130.97,60.94,70.03,146.9,2025,2025-05,Q2
ORD-002769,2025-02-17,Plus,Germany,Partner,Enterprise,4,294.87,0.93,293.94,166.86,127.08,298.48,2025,2025-02,Q1
ORD-002770,2026-04-14,Enterprise,UK,Direct,Mid-Market,3,763.58,55.34,708.24,347.59,360.65,686.39,2026,2026-04,Q2
ORD-002771,2025-05-08,Premium,UAE,Online,Enterprise,1,111.94,2.51,109.43,52.04,57.39,116.11,2025,2025-05,Q2
ORD-002772,2025-10-25,Plus,UAE,Online,Enterprise,6,479.08,22.98,456.1,260.4,195.7,477.27,2025,2025-10,Q4
ORD-002773,2026-03-28,Plus,UK,Direct,SMB,4,320.23,8.91,311.32,162.33,148.99,298.16,2026,2026-03,Q1
ORD-002774,2026-01-24,Enterprise,India,Partner,SMB,3,716.11,14.97,701.14,364.88,336.26,797.37,2026,2026-01,Q1
ORD-002775,2025-10-09,Core,UK,Direct,SMB,1,42.44,2.32,40.12,20.3,19.82,40.52,2025,2025-10,Q4
ORD-002776,2026-06-16,Premium,UAE,Direct,Enterprise,1,112.52,7.48,105.04,44.46,60.58,100.69,2026,2026-06,Q2
ORD-002777,2025-04-26,Premium,UAE,Direct,SMB,8,1049.33,38.95,1010.38,651.09,359.29,977.1,2025,2025-04,Q2
ORD-002778,2025-09-13,Plus,UK,Direct,SMB,3,206.75,0.59,206.16,88.35,117.81,189.82,2025,2025-09,Q3
ORD-002779,2025-10-02,Core,US,Direct,Enterprise,1,40.67,0.2,40.47,17.82,22.65,37.62,2025,2025-10,Q4
ORD-002780,2025-04-18,Plus,UK,Direct,SMB,2,148.17,8.07,140.1,65.81,74.29,134.9,2025,2025-04,Q2
ORD-002781,2025-05-24,Plus,US,Online,SMB,2,156.96,5.12,151.84,99.48,52.36,139.87,2025,2025-05,Q2
ORD-002782,2025-06-10,Core,Germany,Partner,Mid-Market,1,44.72,0.84,43.88,27.06,16.82,46.15,2025,2025-06,Q2
ORD-002783,2026-06-20,Core,UAE,Online,Mid-Market,1,44.26,1.76,42.5,24.84,17.66,44.35,2026,2026-06,Q2
ORD-002784,2025-11-29,Core,Germany,Direct,Enterprise,7,326.38,11.8,314.58,210.0,104.58,334.7,2025,2025-11,Q4
ORD-002785,2026-07-13,Plus,UK,Online,Enterprise,2,160.48,23.41,137.07,73.38,63.69,155.69,2026,2026-07,Q3
ORD-002786,2026-04-02,Enterprise,India,Direct,SMB,2,498.04,13.43,484.61,258.34,226.27,462.44,2026,2026-04,Q2
ORD-002787,2025-10-24,Premium,UAE,Direct,SMB,2,263.76,28.41,235.35,126.35,109.0,212.56,2025,2025-10,Q4
ORD-002788,2025-06-11,Enterprise,India,Partner,Mid-Market,1,260.56,17.94,242.62,131.09,111.53,252.57,2025,2025-06,Q2
ORD-002789,2025-02-23,Premium,US,Online,Mid-Market,2,262.01,11.38,250.63,167.55,83.08,254.38,2025,2025-02,Q1
ORD-002790,2025-08-05,Core,India,Direct,Enterprise,2,88.13,1.22,86.91,43.48,43.43,90.9,2025,2025-08,Q3
ORD-002791,2026-06-19,Premium,UK,Online,Mid-Market,1,120.65,1.17,119.48,59.01,60.47,119.42,2026,2026-06,Q2
ORD-002792,2025-05-19,Core,Germany,Partner,Mid-Market,1,49.14,5.49,43.65,21.86,21.79,45.68,2025,2025-05,Q2
ORD-002793,2025-09-12,Premium,UAE,Online,Mid-Market,3,330.78,0.14,330.64,153.37,177.27,345.18,2025,2025-09,Q3
ORD-002794,2026-05-08,Premium,UK,Online,Enterprise,3,328.8,6.74,322.06,156.78,165.28,299.39,2026,2026-05,Q2
ORD-002795,2025-10-13,Plus,Germany,Online,SMB,4,315.14,12.32,302.82,179.16,123.66,321.47,2025,2025-10,Q4
ORD-002796,2026-07-08,Plus,US,Direct,SMB,2,163.79,1.2,162.59,102.43,60.16,159.41,2026,2026-07,Q3
ORD-002797,2025-05-26,Core,India,Direct,SMB,1,45.42,2.12,43.3,23.4,19.9,39.38,2025,2025-05,Q2
ORD-002798,2026-03-09,Premium,UK,Direct,SMB,2,234.43,8.05,226.38,111.07,115.31,238.74,2026,2026-03,Q1
ORD-002799,2025-02-23,Core,UK,Direct,Mid-Market,2,94.93,0.78,94.15,55.45,38.7,92.77,2025,2025-02,Q1
ORD-002800,2025-03-03,Core,UAE,Direct,Mid-Market,5,243.49,7.79,235.7,105.71,129.99,260.98,2025,2025-03,Q1
ORD-002801,2026-02-09,Premium,UAE,Partner,SMB,2,246.79,2.66,244.13,134.44,109.69,271.98,2026,2026-02,Q1
ORD-002802,2026-06-07,Core,US,Direct,SMB,4,170.18,9.0,161.18,102.48,58.7,183.08,2026,2026-06,Q2
ORD-002803,2025-09-23,Core,UAE,Direct,SMB,3,147.85,0.14,147.71,69.77,77.94,148.07,2025,2025-09,Q3
ORD-002804,2026-04-17,Core,US,Online,Mid-Market,4,186.45,16.45,170.0,94.96,75.04,168.61,2026,2026-04,Q2
ORD-002805,2025-08-10,Premium,UK,Direct,Enterprise,2,234.77,31.61,203.16,88.25,114.91,216.28,2025,2025-08,Q3
ORD-002806,2025-06-25,Plus,India,Direct,SMB,2,153.21,4.79,148.42,90.48,57.94,145.26,2025,2025-06,Q2
ORD-002807,2025-05-18,Premium,Germany,Direct,Enterprise,2,225.64,9.09,216.55,104.67,111.88,191.63,2025,2025-05,Q2
ORD-002808,2025-10-18,Core,UK,Partner,SMB,2,82.73,4.9,77.83,39.6,38.23,72.06,2025,2025-10,Q4
ORD-002809,2026-06-27,Enterprise,Germany,Direct,Mid-Market,2,450.22,4.82,445.4,268.11,177.29,484.93,2026,2026-06,Q2
ORD-002810,2025-09-18,Core,US,Online,SMB,9,420.41,12.0,408.41,228.37,180.04,408.43,2025,2025-09,Q3
ORD-002811,2025-02-01,Core,UK,Partner,SMB,2,89.58,7.12,82.46,36.95,45.51,78.89,2025,2025-02,Q1
ORD-002812,2025-05-31,Plus,India,Direct,SMB,3,232.85,8.76,224.09,109.5,114.59,247.52,2025,2025-05,Q2
ORD-002813,2025-11-03,Enterprise,US,Online,SMB,2,506.95,28.71,478.24,250.64,227.6,465.92,2025,2025-11,Q4
ORD-002814,2026-07-07,Core,India,Partner,SMB,1,43.87,1.41,42.46,21.8,20.66,41.83,2026,2026-07,Q3
ORD-002815,2026-01-27,Core,UK,Online,Mid-Market,4,162.23,0.82,161.41,78.97,82.44,150.76,2026,2026-01,Q1
ORD-002816,2025-03-05,Plus,Germany,Online,Enterprise,13,1040.11,8.72,1031.39,651.45,379.94,1145.91,2025,2025-03,Q1
ORD-002817,2025-08-04,Premium,Germany,Online,Mid-Market,1,109.85,4.21,105.64,62.39,43.25,108.35,2025,2025-08,Q3
ORD-002818,2026-07-23,Plus,US,Direct,SMB,7,569.93,23.79,546.14,300.9,245.24,587.79,2026,2026-07,Q3
ORD-002819,2025-04-14,Enterprise,UAE,Direct,Enterprise,3,742.2,6.58,735.62,334.8,400.82,763.06,2025,2025-04,Q2
ORD-002820,2026-05-14,Premium,Germany,Partner,SMB,2,263.88,0.21,263.67,140.64,123.03,245.83,2026,2026-05,Q2
ORD-002821,2025-06-23,Plus,Germany,Online,SMB,4,277.4,17.1,260.3,160.21,100.09,238.51,2025,2025-06,Q2
ORD-002822,2026-04-14,Plus,UK,Partner,SMB,2,162.64,7.46,155.18,84.43,70.75,170.07,2026,2026-04,Q2
ORD-002823,2025-03-12,Core,India,Online,SMB,4,177.31,4.97,172.34,93.5,78.84,156.33,2025,2025-03,Q1
ORD-002824,2025-02-12,Plus,US,Direct,SMB,1,81.51,3.45,78.06,45.94,32.12,73.0,2025,2025-02,Q1
ORD-002825,2026-04-25,Premium,UK,Online,Enterprise,6,675.22,31.04,644.18,322.52,321.66,618.64,2026,2026-04,Q2
ORD-002826,2025-07-29,Plus,Germany,Partner,Mid-Market,2,154.87,5.9,148.97,75.67,73.3,138.53,2025,2025-07,Q3
ORD-002827,2025-03-16,Core,UK,Online,Mid-Market,3,129.7,9.31,120.39,56.9,63.49,136.69,2025,2025-03,Q1
ORD-002828,2025-12-20,Core,UK,Direct,Enterprise,4,179.11,12.4,166.71,111.59,55.12,162.69,2025,2025-12,Q4
ORD-002829,2025-10-23,Enterprise,UK,Online,SMB,1,260.12,2.55,257.57,129.16,128.41,273.49,2025,2025-10,Q4
ORD-002830,2025-04-27,Plus,UK,Direct,Mid-Market,7,498.2,8.0,490.2,229.95,260.25,439.49,2025,2025-04,Q2
ORD-002831,2025-08-02,Plus,US,Online,Mid-Market,2,157.13,8.52,148.61,63.09,85.52,138.55,2025,2025-08,Q3
ORD-002832,2026-02-07,Plus,Germany,Partner,Enterprise,1,80.25,0.42,79.83,36.76,43.07,89.21,2026,2026-02,Q1
ORD-002833,2026-02-28,Premium,India,Online,SMB,4,447.77,0.6,447.17,228.45,218.72,501.82,2026,2026-02,Q1
ORD-002834,2025-10-05,Premium,India,Partner,SMB,2,219.88,12.66,207.22,130.65,76.57,196.79,2025,2025-10,Q4
ORD-002835,2026-07-24,Plus,Germany,Online,Mid-Market,10,759.49,22.68,736.81,342.02,394.79,660.5,2026,2026-07,Q3
ORD-002836,2025-05-14,Premium,UK,Online,Mid-Market,7,784.26,82.63,701.63,440.24,261.39,782.33,2025,2025-05,Q2
ORD-002837,2025-04-17,Plus,UAE,Direct,SMB,3,239.35,27.81,211.54,102.79,108.75,203.18,2025,2025-04,Q2
ORD-002838,2026-05-09,Enterprise,US,Online,Mid-Market,1,245.91,21.25,224.66,139.88,84.78,217.65,2026,2026-05,Q2
ORD-002839,2025-01-20,Premium,India,Direct,SMB,1,111.75,9.7,102.05,60.22,41.83,93.69,2025,2025-01,Q1
ORD-002840,2026-06-03,Plus,UK,Online,Mid-Market,3,209.9,4.08,205.82,94.5,111.32,210.39,2026,2026-06,Q2
ORD-002841,2026-07-09,Core,India,Partner,Mid-Market,2,90.69,0.3,90.39,46.06,44.33,102.47,2026,2026-07,Q3
ORD-002842,2025-04-16,Plus,India,Partner,Mid-Market,2,135.28,11.77,123.51,74.7,48.81,140.37,2025,2025-04,Q2
ORD-002843,2025-01-27,Premium,US,Partner,Mid-Market,3,340.09,22.85,317.24,137.37,179.87,354.03,2025,2025-01,Q1
ORD-002844,2026-03-12,Plus,India,Direct,SMB,3,220.13,32.31,187.82,91.17,96.65,195.95,2026,2026-03,Q1
ORD-002845,2025-01-24,Enterprise,US,Partner,SMB,4,971.33,127.77,843.56,493.44,350.12,888.48,2025,2025-01,Q1
ORD-002846,2026-03-29,Plus,US,Direct,SMB,2,154.41,4.7,149.71,80.84,68.87,161.96,2026,2026-03,Q1
ORD-002847,2025-06-18,Plus,Germany,Direct,Enterprise,2,154.07,1.53,152.54,85.98,66.56,143.63,2025,2025-06,Q2
ORD-002848,2026-07-27,Plus,UK,Online,Enterprise,2,135.53,13.92,121.61,57.92,63.69,108.34,2026,2026-07,Q3
ORD-002849,2025-07-19,Core,UK,Direct,SMB,6,248.18,8.49,239.69,103.4,136.29,212.98,2025,2025-07,Q3
ORD-002850,2026-01-30,Core,UK,Online,Mid-Market,3,138.82,0.77,138.05,87.15,50.9,126.7,2026,2026-01,Q1
ORD-002851,2025-09-13,Enterprise,India,Partner,SMB,7,1553.55,23.72,1529.83,805.79,724.04,1395.32,2025,2025-09,Q3
ORD-002852,2026-06-12,Premium,UAE,Direct,Enterprise,1,115.74,2.65,113.09,68.02,45.07,103.91,2026,2026-06,Q2
ORD-002853,2026-03-16,Plus,Germany,Online,Mid-Market,2,143.55,7.57,135.98,60.05,75.93,145.05,2026,2026-03,Q1
ORD-002854,2025-02-04,Core,India,Direct,SMB,1,40.99,4.73,36.26,23.68,12.58,41.03,2025,2025-02,Q1
ORD-002855,2026-07-26,Premium,India,Online,SMB,1,123.8,4.16,119.64,50.9,68.74,114.01,2026,2026-07,Q3
ORD-002856,2026-01-28,Premium,UK,Direct,Mid-Market,1,116.26,1.17,115.09,65.61,49.48,126.52,2026,2026-01,Q1
ORD-002857,2025-08-25,Premium,Germany,Online,SMB,2,259.63,10.64,248.99,135.38,113.61,222.62,2025,2025-08,Q3
ORD-002858,2025-01-04,Core,US,Direct,SMB,1,44.54,1.82,42.72,20.54,22.18,40.04,2025,2025-01,Q1
ORD-002859,2025-06-10,Enterprise,Germany,Direct,Enterprise,1,257.1,8.85,248.25,152.59,95.66,273.52,2025,2025-06,Q2
ORD-002860,2026-06-05,Plus,UK,Direct,Mid-Market,1,75.79,0.05,75.74,41.47,34.27,79.35,2026,2026-06,Q2
ORD-002861,2026-02-05,Premium,Germany,Online,SMB,4,511.56,3.18,508.38,328.47,179.91,486.88,2026,2026-02,Q1
ORD-002862,2025-07-03,Core,US,Online,Mid-Market,2,97.51,1.54,95.97,62.33,33.64,97.84,2025,2025-07,Q3
ORD-002863,2026-06-29,Core,UK,Online,SMB,7,312.09,7.21,304.88,150.96,153.92,316.56,2026,2026-06,Q2
ORD-002864,2025-02-07,Enterprise,India,Direct,SMB,3,676.16,23.11,653.05,372.52,280.53,640.16,2025,2025-02,Q1
ORD-002865,2025-11-23,Enterprise,US,Online,SMB,3,744.48,22.64,721.84,392.26,329.58,720.63,2025,2025-11,Q4
ORD-002866,2025-12-12,Enterprise,India,Partner,Mid-Market,3,700.03,1.81,698.22,357.74,340.48,630.03,2025,2025-12,Q4
ORD-002867,2025-08-06,Enterprise,India,Partner,SMB,1,242.06,14.17,227.89,118.33,109.56,221.88,2025,2025-08,Q3
ORD-002868,2025-10-15,Premium,US,Direct,Enterprise,2,228.35,1.19,227.16,130.06,97.1,258.15,2025,2025-10,Q4
ORD-002869,2025-04-26,Plus,India,Direct,Mid-Market,2,152.79,8.01,144.78,80.44,64.34,153.39,2025,2025-04,Q2
ORD-002870,2025-10-07,Premium,Germany,Online,SMB,2,222.9,12.9,210.0,117.95,92.05,194.82,2025,2025-10,Q4
ORD-002871,2026-04-07,Premium,UK,Direct,SMB,4,475.4,11.18,464.22,271.39,192.83,523.51,2026,2026-04,Q2
ORD-002872,2026-01-08,Plus,UK,Direct,SMB,4,307.48,29.35,278.13,135.15,142.98,266.11,2026,2026-01,Q1
ORD-002873,2026-07-13,Core,Germany,Partner,SMB,1,49.37,0.07,49.3,26.71,22.59,45.68,2026,2026-07,Q3
ORD-002874,2026-04-27,Core,UK,Partner,Mid-Market,1,48.09,1.07,47.02,22.6,24.42,46.47,2026,2026-04,Q2
ORD-002875,2026-01-18,Core,US,Partner,Mid-Market,3,142.69,2.99,139.7,79.94,59.76,137.05,2026,2026-01,Q1
ORD-002876,2025-07-24,Core,US,Online,SMB,1,45.32,1.82,43.5,18.55,24.95,42.63,2025,2025-07,Q3
ORD-002877,2026-03-02,Plus,Germany,Direct,Mid-Market,1,70.72,2.71,68.01,31.49,36.52,62.71,2026,2026-03,Q1
ORD-002878,2025-10-31,Plus,UK,Online,Mid-Market,2,154.07,17.36,136.71,65.61,71.1,123.86,2025,2025-10,Q4
ORD-002879,2026-05-14,Plus,India,Online,Enterprise,5,352.58,23.08,329.5,162.04,167.46,353.18,2026,2026-05,Q2
ORD-002880,2026-06-05,Premium,UK,Online,SMB,3,364.9,12.82,352.08,201.41,150.67,343.8,2026,2026-06,Q2
ORD-002881,2025-02-22,Core,India,Online,Enterprise,1,46.64,2.52,44.12,20.11,24.01,46.09,2025,2025-02,Q1
ORD-002882,2025-04-18,Enterprise,UK,Online,Enterprise,1,229.41,3.33,226.08,134.61,91.47,235.76,2025,2025-04,Q2
ORD-002883,2026-02-24,Enterprise,India,Online,SMB,2,505.46,38.36,467.1,259.46,207.64,521.28,2026,2026-02,Q1
ORD-002884,2026-04-06,Premium,US,Direct,Mid-Market,3,392.31,16.91,375.4,224.28,151.12,340.23,2026,2026-04,Q2
ORD-002885,2026-03-30,Premium,UK,Direct,SMB,4,451.82,12.93,438.89,213.88,225.01,476.71,2026,2026-03,Q1
ORD-002886,2025-02-01,Enterprise,Germany,Partner,Mid-Market,1,221.89,2.7,219.19,96.58,122.61,206.99,2025,2025-02,Q1
ORD-002887,2026-05-19,Plus,US,Direct,SMB,3,241.85,21.2,220.65,138.77,81.88,229.63,2026,2026-05,Q2
ORD-002888,2025-05-03,Core,India,Online,SMB,2,93.12,1.47,91.65,58.11,33.54,90.0,2025,2025-05,Q2
ORD-002889,2025-02-01,Premium,Germany,Direct,SMB,2,236.91,17.59,219.32,140.65,78.67,242.3,2025,2025-02,Q1
ORD-002890,2025-08-04,Enterprise,US,Online,SMB,7,1651.5,25.55,1625.95,881.57,744.38,1672.14,2025,2025-08,Q3
ORD-002891,2025-08-18,Premium,UK,Direct,Enterprise,1,110.3,5.12,105.18,48.36,56.82,101.44,2025,2025-08,Q3
ORD-002892,2025-02-17,Plus,UAE,Online,Enterprise,2,163.03,6.65,156.38,79.2,77.18,164.4,2025,2025-02,Q1
ORD-002893,2025-09-26,Core,UK,Direct,SMB,3,124.89,3.08,121.81,80.22,41.59,120.99,2025,2025-09,Q3
ORD-002894,2025-08-01,Core,Germany,Partner,Mid-Market,2,87.27,5.42,81.85,37.68,44.17,86.26,2025,2025-08,Q3
ORD-002895,2026-01-03,Premium,UK,Partner,Enterprise,6,772.9,43.69,729.21,344.69,384.52,766.58,2026,2026-01,Q1
ORD-002896,2026-02-09,Plus,UAE,Online,SMB,3,237.47,35.02,202.45,106.38,96.07,227.61,2026,2026-02,Q1
ORD-002897,2026-07-04,Core,UK,Direct,SMB,1,41.98,1.47,40.51,25.32,15.19,45.38,2026,2026-07,Q3
ORD-002898,2025-04-05,Plus,Germany,Online,Mid-Market,6,421.85,11.68,410.17,232.78,177.39,406.53,2025,2025-04,Q2
ORD-002899,2025-11-07,Plus,UAE,Partner,Mid-Market,1,76.17,6.96,69.21,40.36,28.85,69.88,2025,2025-11,Q4
ORD-002900,2025-03-21,Premium,India,Direct,SMB,4,442.24,7.72,434.52,255.93,178.59,479.67,2025,2025-03,Q1
ORD-002901,2026-07-21,Plus,Germany,Direct,Mid-Market,3,213.9,1.59,212.31,99.25,113.06,209.63,2026,2026-07,Q3
ORD-002902,2025-10-03,Core,UK,Direct,Mid-Market,3,148.32,10.45,137.87,79.5,58.37,150.01,2025,2025-10,Q4
ORD-002903,2025-12-21,Plus,UAE,Online,Mid-Market,2,153.08,8.62,144.46,80.98,63.48,161.65,2025,2025-12,Q4
ORD-002904,2025-02-06,Premium,UAE,Direct,Mid-Market,3,328.25,17.48,310.77,155.61,155.16,307.78,2025,2025-02,Q1
ORD-002905,2026-02-04,Premium,UAE,Online,Mid-Market,3,364.26,0.42,363.84,215.09,148.75,394.31,2026,2026-02,Q1
ORD-002906,2026-01-03,Premium,UK,Direct,SMB,4,453.21,49.17,404.04,185.86,218.18,426.08,2026,2026-01,Q1
ORD-002907,2026-01-03,Plus,India,Direct,SMB,4,302.76,30.86,271.9,139.48,132.42,285.84,2026,2026-01,Q1
ORD-002908,2026-06-27,Premium,US,Direct,Mid-Market,2,240.5,15.2,225.3,120.78,104.52,205.3,2026,2026-06,Q2
ORD-002909,2025-02-03,Premium,UAE,Partner,SMB,1,115.74,0.15,115.59,55.64,59.95,122.16,2025,2025-02,Q1
ORD-002910,2026-02-12,Core,US,Partner,Mid-Market,3,146.73,17.25,129.48,63.7,65.78,116.09,2026,2026-02,Q1
ORD-002911,2026-03-13,Plus,UAE,Direct,Enterprise,5,389.06,5.07,383.99,184.25,199.74,406.62,2026,2026-03,Q1
ORD-002912,2025-07-05,Plus,UK,Direct,SMB,2,153.98,3.34,150.64,97.88,52.76,169.23,2025,2025-07,Q3
ORD-002913,2026-06-28,Core,UK,Direct,Mid-Market,2,96.95,2.64,94.31,51.33,42.98,87.16,2026,2026-06,Q2
ORD-002914,2025-09-10,Premium,UK,Partner,Enterprise,2,226.91,6.4,220.51,100.89,119.62,245.2,2025,2025-09,Q3
ORD-002915,2026-03-22,Core,Germany,Online,SMB,2,89.43,2.21,87.22,53.38,33.84,96.88,2026,2026-03,Q1
ORD-002916,2025-11-18,Premium,UK,Direct,SMB,4,519.11,14.51,504.6,241.61,262.99,492.87,2025,2025-11,Q4
ORD-002917,2026-02-19,Premium,UK,Online,SMB,1,122.96,0.78,122.18,66.03,56.15,135.39,2026,2026-02,Q1
ORD-002918,2025-03-30,Premium,India,Direct,SMB,3,328.69,31.72,296.97,144.77,152.2,336.78,2025,2025-03,Q1
ORD-002919,2025-09-29,Plus,UK,Direct,SMB,4,327.9,38.52,289.38,147.66,141.72,329.45,2025,2025-09,Q3
ORD-002920,2026-05-24,Premium,India,Direct,Mid-Market,2,231.8,16.6,215.2,110.04,105.16,202.7,2026,2026-05,Q2
ORD-002921,2025-12-07,Enterprise,UK,Online,SMB,3,781.78,125.86,655.92,331.72,324.2,622.65,2025,2025-12,Q4
ORD-002922,2026-02-10,Premium,India,Online,Enterprise,1,113.93,10.47,103.46,54.85,48.61,101.32,2026,2026-02,Q1
ORD-002923,2025-04-04,Plus,US,Partner,Enterprise,2,161.2,1.19,160.01,106.02,53.99,143.85,2025,2025-04,Q2
ORD-002924,2025-10-26,Enterprise,Germany,Direct,Mid-Market,3,765.34,35.83,729.51,354.02,375.49,714.14,2025,2025-10,Q4
ORD-002925,2026-06-05,Core,UAE,Direct,Enterprise,11,482.2,6.91,475.29,224.27,251.02,511.49,2026,2026-06,Q2
ORD-002926,2025-02-14,Core,UK,Direct,Enterprise,5,241.6,13.63,227.97,128.42,99.55,209.37,2025,2025-02,Q1
ORD-002927,2025-01-09,Core,UK,Direct,Mid-Market,2,85.01,7.87,77.14,39.74,37.4,81.17,2025,2025-01,Q1
ORD-002928,2026-02-20,Plus,Germany,Online,Enterprise,2,150.42,4.7,145.72,78.2,67.52,150.39,2026,2026-02,Q1
ORD-002929,2025-11-11,Core,UAE,Online,Mid-Market,9,391.67,19.26,372.41,238.35,134.06,369.18,2025,2025-11,Q4
ORD-002930,2025-03-10,Plus,UK,Online,Enterprise,2,160.74,4.68,156.06,85.72,70.34,152.86,2025,2025-03,Q1
ORD-002931,2026-03-25,Plus,India,Online,Mid-Market,2,159.31,11.87,147.44,66.67,80.77,149.89,2026,2026-03,Q1
ORD-002932,2025-01-17,Enterprise,India,Online,SMB,5,1244.14,83.61,1160.53,667.63,492.9,1253.41,2025,2025-01,Q1
ORD-002933,2025-03-24,Enterprise,India,Direct,SMB,8,1823.36,11.6,1811.76,1155.01,656.75,1978.22,2025,2025-03,Q1
ORD-002934,2026-04-13,Plus,Germany,Direct,SMB,7,552.21,2.77,549.44,239.29,310.15,610.44,2026,2026-04,Q2
ORD-002935,2026-04-15,Enterprise,UK,Direct,Enterprise,1,232.01,2.33,229.68,105.91,123.77,260.92,2026,2026-04,Q2
ORD-002936,2026-03-12,Core,UAE,Online,SMB,4,174.06,3.88,170.18,89.79,80.39,187.15,2026,2026-03,Q1
ORD-002937,2025-08-31,Plus,India,Direct,Mid-Market,1,80.39,2.04,78.35,32.92,45.43,73.3,2025,2025-08,Q3
ORD-002938,2025-08-27,Core,UAE,Direct,SMB,1,49.24,2.42,46.82,26.81,20.01,47.16,2025,2025-08,Q3
ORD-002939,2025-04-20,Premium,UK,Direct,Enterprise,2,227.68,1.72,225.96,129.29,96.67,209.27,2025,2025-04,Q2
ORD-002940,2025-02-01,Core,UAE,Online,Mid-Market,3,140.37,8.56,131.81,65.25,66.56,128.28,2025,2025-02,Q1
ORD-002941,2026-03-12,Plus,UK,Online,Enterprise,2,153.55,7.95,145.6,62.91,82.69,138.86,2026,2026-03,Q1
ORD-002942,2026-05-02,Core,Germany,Online,SMB,2,81.28,6.28,75.0,35.06,39.94,66.34,2026,2026-05,Q2
ORD-002943,2025-02-10,Plus,Germany,Partner,Mid-Market,3,239.34,8.3,231.04,99.76,131.28,212.71,2025,2025-02,Q1
ORD-002944,2025-04-18,Plus,UK,Partner,Mid-Market,3,241.21,10.5,230.71,115.68,115.03,237.53,2025,2025-04,Q2
ORD-002945,2025-01-27,Core,Germany,Partner,SMB,2,81.89,0.23,81.66,51.96,29.7,77.07,2025,2025-01,Q1
ORD-002946,2026-02-28,Plus,India,Partner,SMB,4,301.9,26.2,275.7,142.74,132.96,291.09,2026,2026-02,Q1
ORD-002947,2025-05-29,Plus,UAE,Direct,Mid-Market,5,380.45,3.0,377.45,247.84,129.61,386.0,2025,2025-05,Q2
ORD-002948,2026-07-26,Plus,UAE,Online,Mid-Market,2,159.83,7.48,152.35,83.11,69.24,142.37,2026,2026-07,Q3
ORD-002949,2026-02-24,Premium,UK,Direct,SMB,1,108.51,1.84,106.67,66.57,40.1,113.49,2026,2026-02,Q1
ORD-002950,2025-01-23,Enterprise,UK,Online,Mid-Market,2,524.41,16.76,507.65,256.26,251.39,522.84,2025,2025-01,Q1
ORD-002951,2025-02-16,Premium,Germany,Online,SMB,5,546.82,37.36,509.46,327.44,182.02,540.07,2025,2025-02,Q1
ORD-002952,2025-02-21,Core,India,Online,Mid-Market,3,127.29,11.19,116.1,51.47,64.63,112.56,2025,2025-02,Q1
ORD-002953,2026-05-12,Enterprise,Germany,Online,SMB,6,1307.74,83.38,1224.36,741.72,482.64,1391.6,2026,2026-05,Q2
ORD-002954,2025-01-11,Plus,UK,Online,Mid-Market,2,151.09,3.24,147.85,67.88,79.97,139.5,2025,2025-01,Q1
ORD-002955,2025-08-29,Enterprise,US,Direct,Enterprise,1,234.68,17.74,216.94,109.81,107.13,214.28,2025,2025-08,Q3
ORD-002956,2025-08-08,Core,UK,Online,SMB,1,43.64,0.06,43.58,28.95,14.63,40.07,2025,2025-08,Q3
ORD-002957,2026-04-27,Premium,India,Partner,Mid-Market,2,247.48,5.31,242.17,147.53,94.64,225.19,2026,2026-04,Q2
ORD-002958,2025-01-21,Core,UAE,Direct,Mid-Market,1,45.83,4.83,41.0,17.22,23.78,46.56,2025,2025-01,Q1
ORD-002959,2025-05-06,Core,US,Online,SMB,2,81.85,0.88,80.97,41.52,39.45,74.12,2025,2025-05,Q2
ORD-002960,2025-12-18,Enterprise,Germany,Partner,Mid-Market,1,239.97,3.05,236.92,108.89,128.03,216.15,2025,2025-12,Q4
ORD-002961,2025-03-07,Core,US,Online,Enterprise,3,129.32,4.76,124.56,81.98,42.58,124.83,2025,2025-03,Q1
ORD-002962,2026-03-19,Core,US,Direct,SMB,3,122.27,1.0,121.27,62.77,58.5,128.85,2026,2026-03,Q1
ORD-002963,2026-05-18,Plus,US,Direct,Enterprise,4,281.31,13.04,268.27,137.19,131.08,266.23,2026,2026-05,Q2
ORD-002964,2025-04-09,Core,UK,Partner,SMB,2,88.72,3.41,85.31,50.99,34.32,81.14,2025,2025-04,Q2
ORD-002965,2025-01-03,Premium,India,Online,Enterprise,6,746.05,91.91,654.14,357.35,296.79,689.06,2025,2025-01,Q1
ORD-002966,2025-01-03,Plus,India,Online,SMB,2,146.39,4.69,141.7,86.36,55.34,132.54,2025,2025-01,Q1
ORD-002967,2025-02-12,Core,UAE,Direct,Enterprise,3,122.37,8.54,113.83,49.77,64.06,108.27,2025,2025-02,Q1
ORD-002968,2026-05-24,Enterprise,UK,Online,Enterprise,3,715.09,5.67,709.42,390.9,318.52,772.36,2026,2026-05,Q2
ORD-002969,2025-10-23,Premium,UAE,Online,Enterprise,3,351.92,12.32,339.6,170.55,169.05,332.0,2025,2025-10,Q4
ORD-002970,2025-03-13,Plus,UAE,Partner,Mid-Market,3,204.31,20.23,184.08,117.36,66.72,177.72,2025,2025-03,Q1
ORD-002971,2025-03-23,Plus,India,Direct,SMB,1,68.39,2.23,66.16,39.77,26.39,72.63,2025,2025-03,Q1
ORD-002972,2025-05-18,Plus,UK,Online,Enterprise,9,608.38,42.98,565.4,337.11,228.29,621.81,2025,2025-05,Q2
ORD-002973,2025-04-08,Enterprise,US,Online,Mid-Market,2,519.41,17.62,501.79,284.06,217.73,443.04,2025,2025-04,Q2
ORD-002974,2026-02-06,Plus,UK,Online,SMB,2,161.21,12.49,148.72,91.3,57.42,136.89,2026,2026-02,Q1
ORD-002975,2026-07-10,Plus,India,Online,Enterprise,9,713.63,34.38,679.25,375.72,303.53,625.5,2026,2026-07,Q3
ORD-002976,2025-09-28,Core,UAE,Partner,Mid-Market,4,175.28,7.39,167.89,90.25,77.64,177.61,2025,2025-09,Q3
ORD-002977,2025-06-11,Premium,US,Direct,Enterprise,1,131.63,0.18,131.45,75.13,56.32,136.74,2025,2025-06,Q2
ORD-002978,2025-03-02,Premium,US,Direct,Mid-Market,6,771.23,2.25,768.98,448.5,320.48,689.4,2025,2025-03,Q1
ORD-002979,2026-01-31,Core,UK,Direct,SMB,4,178.92,2.16,176.76,92.87,83.89,158.21,2026,2026-01,Q1
ORD-002980,2026-06-24,Core,Germany,Direct,Enterprise,2,90.76,3.68,87.08,44.07,43.01,98.53,2026,2026-06,Q2
ORD-002981,2025-03-03,Premium,US,Online,SMB,6,661.89,16.49,645.4,311.61,333.79,594.91,2025,2025-03,Q1
ORD-002982,2026-01-27,Plus,UK,Online,SMB,3,245.18,17.94,227.24,127.15,100.09,251.7,2026,2026-01,Q1
ORD-002983,2025-10-25,Plus,UK,Direct,Enterprise,4,282.8,9.53,273.27,162.26,111.01,287.38,2025,2025-10,Q4
ORD-002984,2025-12-20,Core,UK,Online,Mid-Market,3,145.25,6.6,138.65,88.81,49.84,156.32,2025,2025-12,Q4
ORD-002985,2026-01-06,Plus,India,Direct,Enterprise,3,240.26,2.32,237.94,119.14,118.8,253.71,2026,2026-01,Q1
ORD-002986,2026-07-06,Core,US,Partner,SMB,1,43.46,2.87,40.59,18.25,22.34,44.25,2026,2026-07,Q3
ORD-002987,2025-09-29,Plus,India,Direct,Enterprise,4,329.64,6.39,323.25,201.4,121.85,336.87,2025,2025-09,Q3
ORD-002988,2025-03-18,Enterprise,Germany,Direct,SMB,1,257.12,9.07,248.05,155.05,93.0,237.82,2025,2025-03,Q1
ORD-002989,2025-03-09,Enterprise,India,Direct,Mid-Market,4,927.83,92.01,835.82,403.11,432.71,796.64,2025,2025-03,Q1
ORD-002990,2025-02-25,Plus,India,Direct,Mid-Market,2,146.92,8.85,138.07,64.25,73.82,151.53,2025,2025-02,Q1
ORD-002991,2026-05-03,Core,Germany,Direct,SMB,1,41.89,0.53,41.36,20.8,20.56,46.17,2026,2026-05,Q2
ORD-002992,2026-01-21,Premium,India,Partner,Enterprise,3,348.79,1.23,347.56,158.85,188.71,376.18,2026,2026-01,Q1
ORD-002993,2025-10-17,Core,India,Direct,Enterprise,6,279.2,10.19,269.01,177.86,91.15,262.24,2025,2025-10,Q4
ORD-002994,2026-07-20,Plus,US,Online,SMB,1,70.79,0.78,70.01,35.03,34.98,64.93,2026,2026-07,Q3
ORD-002995,2026-04-02,Enterprise,UK,Direct,Mid-Market,3,673.51,30.33,643.18,354.6,288.58,711.32,2026,2026-04,Q2
ORD-002996,2025-08-20,Plus,UK,Direct,Mid-Market,3,232.16,9.84,222.32,146.4,75.92,246.7,2025,2025-08,Q3
ORD-002997,2025-06-09,Core,US,Direct,Mid-Market,3,133.0,3.64,129.36,55.79,73.57,143.61,2025,2025-06,Q2
ORD-002998,2025-11-26,Premium,UAE,Partner,Mid-Market,1,125.41,8.72,116.69,51.72,64.97,129.47,2025,2025-11,Q4
ORD-002999,2026-05-27,Core,UK,Direct,Mid-Market,2,96.4,1.22,95.18,43.09,52.09,104.98,2026,2026-05,Q2
ORD-003000,2026-07-17,Plus,US,Direct,SMB,3,203.03,13.38,189.65,101.83,87.82,167.79,2026,2026-07,Q3
ORD-003001,2026-03-12,Core,UAE,Direct,SMB,1,41.82,1.35,40.47,23.85,16.62,44.1,2026,2026-03,Q1
ORD-003002,2025-07-05,Plus,UAE,Partner,Enterprise,6,487.82,9.97,477.85,284.24,193.61,450.93,2025,2025-07,Q3
ORD-003003,2025-10-28,Premium,UAE,Online,SMB,3,326.53,16.03,310.5,134.13,176.37,296.26,2025,2025-10,Q4
ORD-003004,2025-12-17,Premium,Germany,Partner,Mid-Market,7,820.31,1.5,818.81,460.23,358.58,795.02,2025,2025-12,Q4
ORD-003005,2025-12-25,Premium,US,Online,Enterprise,2,233.44,1.85,231.59,119.38,112.21,245.58,2025,2025-12,Q4
ORD-003006,2025-08-23,Core,India,Online,SMB,4,183.2,1.4,181.8,95.11,86.69,174.94,2025,2025-08,Q3
ORD-003007,2025-10-10,Premium,US,Direct,SMB,2,251.82,8.56,243.26,115.07,128.19,239.75,2025,2025-10,Q4
ORD-003008,2025-06-19,Enterprise,India,Direct,SMB,2,475.73,23.34,452.39,290.2,162.19,446.72,2025,2025-06,Q2
ORD-003009,2026-06-09,Plus,UK,Direct,Enterprise,2,139.11,10.81,128.3,78.67,49.63,131.37,2026,2026-06,Q2
ORD-003010,2026-07-19,Plus,UK,Direct,SMB,3,246.54,4.39,242.15,133.94,108.21,234.96,2026,2026-07,Q3
ORD-003011,2025-07-13,Enterprise,UK,Online,SMB,1,244.79,32.7,212.09,93.12,118.97,200.07,2025,2025-07,Q3
ORD-003012,2025-08-27,Enterprise,UK,Direct,SMB,4,951.16,29.12,922.04,504.78,417.26,843.75,2025,2025-08,Q3
ORD-003013,2026-01-17,Plus,India,Direct,SMB,1,74.39,3.83,70.56,45.66,24.9,67.38,2026,2026-01,Q1
ORD-003014,2026-01-04,Plus,UK,Online,Mid-Market,1,72.07,1.35,70.72,39.92,30.8,80.13,2026,2026-01,Q1
ORD-003015,2026-07-12,Premium,UK,Direct,Mid-Market,1,121.43,9.12,112.31,72.81,39.5,100.38,2026,2026-07,Q3
ORD-003016,2026-02-19,Plus,UK,Online,SMB,2,142.8,7.75,135.05,80.35,54.7,121.29,2026,2026-02,Q1
ORD-003017,2025-09-10,Plus,US,Partner,SMB,5,400.13,9.37,390.76,244.31,146.45,391.12,2025,2025-09,Q3
ORD-003018,2025-12-24,Plus,India,Partner,SMB,3,238.75,13.05,225.7,131.05,94.65,255.53,2025,2025-12,Q4
ORD-003019,2026-01-31,Core,UK,Online,SMB,1,45.73,3.11,42.62,24.88,17.74,41.63,2026,2026-01,Q1
ORD-003020,2025-06-13,Plus,US,Online,SMB,2,135.18,2.57,132.61,84.76,47.85,126.23,2025,2025-06,Q2
ORD-003021,2026-04-02,Core,India,Direct,Enterprise,1,41.8,3.36,38.44,18.79,19.65,39.99,2026,2026-04,Q2
ORD-003022,2026-07-22,Premium,UAE,Partner,Enterprise,4,475.98,7.6,468.38,276.08,192.3,507.64,2026,2026-07,Q3
ORD-003023,2026-03-22,Enterprise,UK,Online,Mid-Market,3,748.3,8.26,740.04,330.93,409.11,672.22,2026,2026-03,Q1
ORD-003024,2025-11-26,Core,UK,Direct,SMB,3,139.03,10.12,128.91,76.8,52.11,146.88,2025,2025-11,Q4
ORD-003025,2025-11-05,Premium,UK,Direct,Mid-Market,1,108.59,0.37,108.22,55.67,52.55,116.09,2025,2025-11,Q4
ORD-003026,2025-09-15,Core,UAE,Online,Mid-Market,3,141.32,2.9,138.42,66.2,72.22,126.77,2025,2025-09,Q3
ORD-003027,2025-11-19,Plus,US,Direct,SMB,1,75.87,0.37,75.5,34.98,40.52,68.4,2025,2025-11,Q4
ORD-003028,2025-07-18,Premium,US,Direct,SMB,3,386.57,16.06,370.51,186.21,184.3,328.83,2025,2025-07,Q3
ORD-003029,2025-10-27,Premium,UAE,Online,Mid-Market,3,348.81,15.88,332.93,173.63,159.3,342.62,2025,2025-10,Q4
ORD-003030,2025-05-01,Core,UAE,Partner,Enterprise,1,42.74,0.78,41.96,18.04,23.92,40.73,2025,2025-05,Q2
ORD-003031,2026-02-12,Plus,Germany,Direct,Mid-Market,2,155.98,2.38,153.6,88.31,65.29,167.74,2026,2026-02,Q1
ORD-003032,2026-03-08,Enterprise,UK,Direct,Enterprise,2,437.77,8.29,429.48,264.75,164.73,416.33,2026,2026-03,Q1
ORD-003033,2025-08-23,Plus,UK,Online,SMB,4,280.66,18.8,261.86,121.48,140.38,283.15,2025,2025-08,Q3
ORD-003034,2025-03-17,Enterprise,US,Partner,SMB,6,1451.46,62.35,1389.11,601.55,787.56,1278.23,2025,2025-03,Q1
ORD-003035,2025-05-30,Plus,India,Online,SMB,6,472.83,0.81,472.02,217.53,254.49,508.5,2025,2025-05,Q2
ORD-003036,2025-11-26,Core,Germany,Online,Mid-Market,1,45.04,1.2,43.84,21.89,21.95,39.46,2025,2025-11,Q4
ORD-003037,2025-06-12,Premium,India,Direct,SMB,5,647.8,33.56,614.24,292.19,322.05,549.37,2025,2025-06,Q2
ORD-003038,2025-05-17,Plus,US,Direct,Mid-Market,2,150.3,0.32,149.98,94.11,55.87,170.9,2025,2025-05,Q2
ORD-003039,2025-07-17,Premium,UK,Online,Mid-Market,2,219.01,7.52,211.49,127.6,83.89,222.92,2025,2025-07,Q3
ORD-003040,2025-09-19,Plus,UK,Partner,Mid-Market,3,245.87,33.99,211.88,92.84,119.04,186.48,2025,2025-09,Q3
ORD-003041,2025-10-02,Premium,Germany,Online,Mid-Market,3,367.1,13.38,353.72,199.59,154.13,389.99,2025,2025-10,Q4
ORD-003042,2025-09-21,Enterprise,UK,Direct,SMB,8,1898.52,71.92,1826.6,1184.25,642.35,2034.79,2025,2025-09,Q3
ORD-003043,2025-05-01,Enterprise,Germany,Online,SMB,4,1028.46,5.01,1023.45,456.06,567.39,1130.63,2025,2025-05,Q2
ORD-003044,2026-02-20,Premium,India,Online,Enterprise,1,119.23,1.49,117.74,68.56,49.18,131.76,2026,2026-02,Q1
ORD-003045,2026-02-23,Core,UK,Online,SMB,4,194.27,2.76,191.51,118.64,72.87,200.35,2026,2026-02,Q1
ORD-003046,2025-08-10,Premium,UK,Online,SMB,1,108.9,9.88,99.02,66.23,32.79,107.57,2025,2025-08,Q3
ORD-003047,2025-11-13,Plus,Germany,Online,Mid-Market,2,136.06,7.31,128.75,63.0,65.75,117.29,2025,2025-11,Q4
ORD-003048,2025-10-08,Plus,UAE,Direct,Mid-Market,2,136.3,2.21,134.09,59.99,74.1,126.24,2025,2025-10,Q4
ORD-003049,2025-02-05,Plus,UK,Online,SMB,2,151.05,0.64,150.41,63.75,86.66,166.8,2025,2025-02,Q1
ORD-003050,2025-05-14,Plus,Germany,Online,SMB,2,144.24,5.12,139.12,68.82,70.3,157.37,2025,2025-05,Q2
ORD-003051,2026-06-04,Core,UK,Direct,SMB,1,44.73,0.88,43.85,18.94,24.91,43.8,2026,2026-06,Q2
ORD-003052,2026-01-23,Core,US,Direct,Enterprise,3,127.09,4.51,122.58,55.66,66.92,112.61,2026,2026-01,Q1
ORD-003053,2026-06-13,Plus,UK,Direct,SMB,3,239.7,19.2,220.5,100.61,119.89,213.41,2026,2026-06,Q2
ORD-003054,2026-02-13,Premium,US,Partner,Mid-Market,4,455.08,8.42,446.66,205.19,241.47,504.61,2026,2026-02,Q1
ORD-003055,2026-07-07,Premium,Germany,Partner,Enterprise,5,596.51,28.3,568.21,256.67,311.54,557.07,2026,2026-07,Q3
ORD-003056,2025-02-08,Premium,US,Partner,SMB,5,646.44,25.9,620.54,302.0,318.54,698.48,2025,2025-02,Q1
ORD-003057,2025-08-07,Plus,Germany,Direct,SMB,2,143.18,7.4,135.78,64.69,71.09,126.26,2025,2025-08,Q3
ORD-003058,2025-05-21,Enterprise,Germany,Direct,SMB,3,769.06,19.46,749.6,433.28,316.32,726.41,2025,2025-05,Q2
ORD-003059,2025-11-08,Core,India,Direct,Mid-Market,5,224.2,7.53,216.67,109.48,107.19,210.99,2025,2025-11,Q4
ORD-003060,2025-07-16,Plus,UAE,Direct,SMB,5,371.54,30.74,340.8,181.18,159.62,340.48,2025,2025-07,Q3
ORD-003061,2025-12-02,Core,UK,Direct,Mid-Market,3,132.02,5.33,126.69,78.58,48.11,121.9,2025,2025-12,Q4
ORD-003062,2025-10-30,Core,UAE,Direct,SMB,11,515.81,7.96,507.85,228.58,279.27,471.1,2025,2025-10,Q4
ORD-003063,2025-03-23,Plus,US,Partner,Enterprise,3,238.46,4.44,234.02,125.73,108.29,241.67,2025,2025-03,Q1
ORD-003064,2025-04-29,Plus,India,Direct,SMB,2,142.78,2.14,140.64,61.97,78.67,131.6,2025,2025-04,Q2
ORD-003065,2025-03-29,Plus,Germany,Online,SMB,8,542.55,14.07,528.48,329.78,198.7,525.7,2025,2025-03,Q1
ORD-003066,2025-03-18,Core,India,Partner,SMB,2,84.37,1.2,83.17,36.02,47.15,75.02,2025,2025-03,Q1
ORD-003067,2026-07-05,Premium,UK,Partner,SMB,3,382.4,15.06,367.34,223.19,144.15,367.6,2026,2026-07,Q3
ORD-003068,2026-04-15,Enterprise,Germany,Direct,SMB,2,508.7,75.34,433.36,259.49,173.87,476.0,2026,2026-04,Q2
ORD-003069,2025-02-28,Plus,Germany,Online,Mid-Market,1,71.14,1.32,69.82,42.65,27.17,75.18,2025,2025-02,Q1
ORD-003070,2025-05-17,Core,US,Direct,Mid-Market,2,88.0,2.88,85.12,50.0,35.12,89.94,2025,2025-05,Q2
ORD-003071,2026-07-26,Core,UK,Partner,Mid-Market,3,140.53,2.35,138.18,64.13,74.05,131.96,2026,2026-07,Q3
ORD-003072,2026-06-02,Core,US,Online,Enterprise,4,174.89,7.84,167.05,111.25,55.8,185.91,2026,2026-06,Q2
ORD-003073,2025-04-16,Plus,US,Partner,SMB,3,224.99,8.3,216.69,119.75,96.94,196.45,2025,2025-04,Q2
ORD-003074,2026-03-02,Plus,US,Partner,SMB,2,135.16,4.57,130.59,76.93,53.66,144.11,2026,2026-03,Q1
ORD-003075,2026-06-25,Core,US,Direct,SMB,6,274.21,14.56,259.65,120.14,139.51,258.08,2026,2026-06,Q2
ORD-003076,2026-06-08,Core,US,Online,SMB,2,94.68,0.57,94.11,52.85,41.26,95.48,2026,2026-06,Q2
ORD-003077,2025-06-15,Premium,India,Direct,SMB,4,514.68,7.27,507.41,241.14,266.27,481.27,2025,2025-06,Q2
ORD-003078,2025-12-17,Core,UK,Online,Mid-Market,3,142.52,1.53,140.99,86.09,54.9,132.89,2025,2025-12,Q4
ORD-003079,2026-05-09,Enterprise,US,Online,Mid-Market,4,915.68,40.27,875.41,499.27,376.14,970.09,2026,2026-05,Q2
ORD-003080,2026-06-13,Plus,US,Online,Mid-Market,3,220.01,1.74,218.27,105.0,113.27,200.19,2026,2026-06,Q2
ORD-003081,2026-04-30,Core,US,Direct,Mid-Market,1,40.97,0.88,40.09,22.05,18.04,37.61,2026,2026-04,Q2
ORD-003082,2025-10-17,Premium,UK,Direct,SMB,2,262.59,8.98,253.61,169.51,84.1,256.34,2025,2025-10,Q4
ORD-003083,2026-04-24,Plus,UAE,Partner,Mid-Market,2,157.38,2.91,154.47,73.69,80.78,147.21,2026,2026-04,Q2
ORD-003084,2025-06-15,Core,US,Online,Enterprise,7,328.35,10.73,317.62,158.83,158.79,314.84,2025,2025-06,Q2
ORD-003085,2025-04-07,Enterprise,UK,Direct,Mid-Market,15,3852.71,110.13,3742.58,2165.94,1576.64,3945.65,2025,2025-04,Q2
ORD-003086,2025-07-05,Premium,UAE,Partner,SMB,4,436.55,12.51,424.04,270.96,153.08,376.69,2025,2025-07,Q3
ORD-003087,2025-10-23,Premium,US,Direct,Enterprise,2,238.59,16.04,222.55,140.88,81.67,227.69,2025,2025-10,Q4
ORD-003088,2026-06-26,Core,India,Direct,Enterprise,6,262.13,25.46,236.67,134.59,102.08,254.21,2026,2026-06,Q2
ORD-003089,2026-07-16,Plus,UK,Direct,SMB,1,78.39,4.95,73.44,47.69,25.75,66.94,2026,2026-07,Q3
ORD-003090,2026-04-08,Premium,Germany,Direct,SMB,5,606.57,17.36,589.21,250.15,339.06,544.9,2026,2026-04,Q2
ORD-003091,2026-01-07,Plus,India,Partner,SMB,2,161.48,2.77,158.71,81.12,77.59,165.99,2026,2026-01,Q1
ORD-003092,2025-10-11,Core,UAE,Direct,SMB,5,243.07,6.13,236.94,155.08,81.86,251.89,2025,2025-10,Q4
ORD-003093,2026-01-09,Core,India,Direct,Mid-Market,1,47.12,3.43,43.69,21.59,22.1,42.55,2026,2026-01,Q1
ORD-003094,2025-02-06,Premium,India,Online,Enterprise,1,121.16,19.25,101.91,60.33,41.58,110.43,2025,2025-02,Q1
ORD-003095,2026-04-03,Plus,India,Online,Mid-Market,2,162.54,1.44,161.1,95.24,65.86,175.84,2026,2026-04,Q2
ORD-003096,2025-01-05,Plus,US,Partner,SMB,2,147.57,1.98,145.59,86.47,59.12,143.19,2025,2025-01,Q1
ORD-003097,2025-07-06,Plus,UK,Partner,SMB,4,310.75,9.88,300.87,155.94,144.93,300.54,2025,2025-07,Q3
ORD-003098,2025-12-02,Premium,US,Direct,Enterprise,6,701.89,138.78,563.11,288.48,274.63,638.07,2025,2025-12,Q4
ORD-003099,2025-01-18,Premium,India,Direct,Mid-Market,2,247.15,10.01,237.14,157.19,79.95,258.5,2025,2025-01,Q1
ORD-003100,2026-05-21,Enterprise,Germany,Partner,Mid-Market,7,1822.96,176.14,1646.82,1059.08,587.74,1696.6,2026,2026-05,Q2
ORD-003101,2025-12-15,Enterprise,UAE,Partner,Enterprise,4,931.12,15.12,916.0,436.76,479.24,964.87,2025,2025-12,Q4
ORD-003102,2025-03-31,Plus,UAE,Online,SMB,3,242.43,15.95,226.48,98.09,128.39,219.69,2025,2025-03,Q1
ORD-003103,2025-09-21,Premium,India,Online,SMB,1,108.21,8.66,99.55,59.95,39.6,105.57,2025,2025-09,Q3
ORD-003104,2025-07-22,Enterprise,UK,Direct,SMB,3,773.53,27.96,745.57,410.61,334.96,823.64,2025,2025-07,Q3
ORD-003105,2026-05-20,Enterprise,UK,Direct,Enterprise,1,223.72,3.09,220.63,96.54,124.09,225.17,2026,2026-05,Q2
ORD-003106,2025-10-20,Premium,UK,Online,Mid-Market,6,694.93,13.18,681.75,405.2,276.55,738.99,2025,2025-10,Q4
ORD-003107,2025-07-26,Premium,Germany,Online,Mid-Market,9,1052.99,95.02,957.97,506.76,451.21,863.81,2025,2025-07,Q3
ORD-003108,2025-02-26,Plus,UK,Online,SMB,1,68.1,2.65,65.45,37.31,28.14,69.95,2025,2025-02,Q1
ORD-003109,2026-04-05,Core,UK,Direct,SMB,4,181.54,5.69,175.85,93.12,82.73,193.48,2026,2026-04,Q2
ORD-003110,2025-06-13,Plus,UAE,Direct,SMB,6,494.32,54.46,439.86,275.02,164.84,396.25,2025,2025-06,Q2
ORD-003111,2026-01-05,Core,US,Direct,Enterprise,2,85.22,0.81,84.41,48.05,36.36,94.96,2026,2026-01,Q1
ORD-003112,2025-02-05,Premium,Germany,Partner,Mid-Market,8,942.77,18.1,924.67,582.66,342.01,887.74,2025,2025-02,Q1
ORD-003113,2025-02-12,Core,India,Online,Mid-Market,3,129.12,12.02,117.1,73.11,43.99,114.18,2025,2025-02,Q1
ORD-003114,2025-06-01,Premium,Germany,Partner,SMB,3,346.97,6.07,340.9,161.1,179.8,303.45,2025,2025-06,Q2
ORD-003115,2025-12-20,Core,India,Online,SMB,1,41.07,3.35,37.72,16.37,21.35,38.75,2025,2025-12,Q4
ORD-003116,2025-10-18,Enterprise,Germany,Online,SMB,3,757.29,13.93,743.36,391.7,351.66,830.33,2025,2025-10,Q4
ORD-003117,2026-06-27,Plus,UK,Partner,Enterprise,2,154.68,2.5,152.18,91.88,60.3,170.4,2026,2026-06,Q2
ORD-003118,2025-01-14,Enterprise,India,Direct,Mid-Market,3,676.59,0.19,676.4,355.96,320.44,705.42,2025,2025-01,Q1
ORD-003119,2025-07-03,Premium,US,Direct,SMB,3,380.46,9.11,371.35,186.29,185.06,417.15,2025,2025-07,Q3
ORD-003120,2026-04-29,Plus,Germany,Partner,Mid-Market,7,541.56,16.83,524.73,335.83,188.9,545.89,2026,2026-04,Q2
ORD-003121,2026-06-09,Plus,UK,Direct,Mid-Market,4,314.31,6.13,308.18,179.29,128.89,340.65,2026,2026-06,Q2
ORD-003122,2025-09-14,Core,US,Direct,SMB,2,88.19,1.16,87.03,48.62,38.41,96.55,2025,2025-09,Q3
ORD-003123,2025-08-18,Premium,US,Direct,Mid-Market,5,621.15,87.49,533.66,340.55,193.11,483.04,2025,2025-08,Q3
ORD-003124,2025-08-18,Enterprise,UK,Direct,SMB,2,524.0,20.29,503.71,245.9,257.81,466.62,2025,2025-08,Q3
ORD-003125,2026-07-02,Core,UK,Online,SMB,9,365.16,41.01,324.15,156.68,167.47,296.63,2026,2026-07,Q3
ORD-003126,2026-01-14,Enterprise,India,Direct,Mid-Market,3,648.01,5.03,642.98,361.47,281.51,612.59,2026,2026-01,Q1
ORD-003127,2026-02-02,Premium,UK,Direct,Enterprise,2,227.25,6.75,220.5,117.94,102.56,210.24,2026,2026-02,Q1
ORD-003128,2026-04-02,Premium,UK,Direct,Enterprise,3,365.63,3.37,362.26,199.67,162.59,353.52,2026,2026-04,Q2
ORD-003129,2025-11-16,Enterprise,UK,Online,Enterprise,3,700.21,32.82,667.39,366.21,301.18,596.16,2025,2025-11,Q4
ORD-003130,2025-07-22,Plus,US,Partner,SMB,4,275.27,2.96,272.31,157.05,115.26,271.17,2025,2025-07,Q3
ORD-003131,2025-08-22,Core,Germany,Direct,Mid-Market,1,48.84,1.11,47.73,27.4,20.33,51.81,2025,2025-08,Q3
ORD-003132,2025-10-05,Premium,India,Partner,SMB,2,247.22,6.22,241.0,145.97,95.03,228.21,2025,2025-10,Q4
ORD-003133,2025-05-20,Premium,UK,Direct,Enterprise,1,131.83,17.52,114.31,53.89,60.42,121.91,2025,2025-05,Q2
ORD-003134,2025-07-30,Core,UAE,Direct,SMB,2,96.23,2.62,93.61,53.85,39.76,106.21,2025,2025-07,Q3
ORD-003135,2025-11-03,Plus,UK,Direct,Mid-Market,1,80.82,4.11,76.71,43.26,33.45,70.3,2025,2025-11,Q4
ORD-003136,2025-05-12,Plus,UK,Direct,Enterprise,2,139.45,5.63,133.82,69.54,64.28,151.71,2025,2025-05,Q2
ORD-003137,2026-01-21,Core,US,Direct,Mid-Market,2,91.24,7.59,83.65,50.77,32.88,78.91,2026,2026-01,Q1
ORD-003138,2025-11-22,Premium,India,Direct,Mid-Market,3,340.71,19.4,321.31,162.25,159.06,295.36,2025,2025-11,Q4
ORD-003139,2026-05-09,Plus,Germany,Direct,Enterprise,3,245.03,30.83,214.2,112.18,102.02,222.1,2026,2026-05,Q2
ORD-003140,2025-05-12,Core,India,Online,SMB,6,261.55,8.4,253.15,119.5,133.65,282.21,2025,2025-05,Q2
ORD-003141,2025-06-28,Premium,India,Direct,Enterprise,3,393.96,16.59,377.37,208.77,168.6,377.5,2025,2025-06,Q2
ORD-003142,2026-06-11,Premium,Germany,Direct,SMB,3,333.24,21.35,311.89,202.42,109.47,311.61,2026,2026-06,Q2
ORD-003143,2026-02-06,Plus,UK,Online,Enterprise,10,701.56,27.25,674.31,379.04,295.27,749.4,2026,2026-02,Q1
ORD-003144,2025-08-16,Enterprise,US,Direct,Mid-Market,2,464.57,18.06,446.51,203.95,242.56,476.29,2025,2025-08,Q3
ORD-003145,2025-11-16,Plus,Germany,Online,Enterprise,2,150.27,5.51,144.76,85.4,59.36,134.32,2025,2025-11,Q4
ORD-003146,2025-02-08,Enterprise,US,Direct,Mid-Market,1,242.95,4.22,238.73,117.41,121.32,258.34,2025,2025-02,Q1
ORD-003147,2025-01-22,Premium,Germany,Partner,SMB,3,341.73,2.0,339.73,158.72,181.01,320.68,2025,2025-01,Q1
ORD-003148,2026-04-06,Enterprise,US,Direct,Enterprise,9,1978.9,38.15,1940.75,1008.94,931.81,2180.06,2026,2026-04,Q2
ORD-003149,2025-05-05,Plus,India,Online,SMB,1,74.05,4.54,69.51,39.35,30.16,66.44,2025,2025-05,Q2
ORD-003150,2025-07-27,Enterprise,India,Partner,SMB,4,869.42,34.59,834.83,452.21,382.62,848.05,2025,2025-07,Q3
ORD-003151,2025-05-05,Premium,UK,Online,Mid-Market,2,231.6,12.66,218.94,116.06,102.88,229.59,2025,2025-05,Q2
ORD-003152,2025-04-13,Enterprise,US,Online,Enterprise,4,976.19,59.35,916.84,429.73,487.11,1025.04,2025,2025-04,Q2
ORD-003153,2025-04-02,Core,US,Online,SMB,5,235.33,2.92,232.41,143.27,89.14,255.9,2025,2025-04,Q2
ORD-003154,2025-06-10,Plus,US,Direct,Mid-Market,2,149.58,16.87,132.71,59.22,73.49,134.17,2025,2025-06,Q2
ORD-003155,2026-06-17,Premium,US,Direct,SMB,3,357.95,7.29,350.66,222.8,127.86,397.04,2026,2026-06,Q2
ORD-003156,2026-03-07,Plus,US,Partner,SMB,3,209.95,11.21,198.74,102.8,95.94,200.08,2026,2026-03,Q1
ORD-003157,2025-09-28,Plus,UAE,Partner,Mid-Market,4,282.51,13.0,269.51,113.75,155.76,271.26,2025,2025-09,Q3
ORD-003158,2026-02-08,Plus,UAE,Online,SMB,2,143.69,11.18,132.51,84.38,48.13,145.32,2026,2026-02,Q1
ORD-003159,2026-02-01,Plus,Germany,Partner,Enterprise,1,68.86,2.09,66.77,34.35,32.42,60.36,2026,2026-02,Q1
ORD-003160,2025-05-09,Core,Germany,Direct,Mid-Market,7,344.2,5.93,338.27,203.02,135.25,312.85,2025,2025-05,Q2
ORD-003161,2025-01-21,Core,UAE,Direct,SMB,2,91.92,7.15,84.77,48.41,36.36,78.22,2025,2025-01,Q1
ORD-003162,2026-01-28,Core,UK,Online,SMB,1,42.12,0.86,41.26,22.56,18.7,41.37,2026,2026-01,Q1
ORD-003163,2026-07-06,Core,UK,Online,Enterprise,1,43.14,1.82,41.32,22.5,18.82,46.55,2026,2026-07,Q3
ORD-003164,2025-08-30,Premium,UK,Online,Mid-Market,3,341.06,5.05,336.01,174.39,161.62,360.09,2025,2025-08,Q3
ORD-003165,2025-02-06,Core,US,Direct,Mid-Market,3,146.22,8.04,138.18,60.11,78.07,125.54,2025,2025-02,Q1
ORD-003166,2025-04-02,Enterprise,Germany,Online,Mid-Market,3,722.61,11.1,711.51,327.06,384.45,807.84,2025,2025-04,Q2
ORD-003167,2026-07-03,Plus,UAE,Direct,Mid-Market,2,152.03,1.52,150.51,99.69,50.82,147.25,2026,2026-07,Q3
ORD-003168,2025-01-23,Plus,India,Online,SMB,1,71.15,8.11,63.04,27.69,35.35,59.06,2025,2025-01,Q1
ORD-003169,2026-05-12,Plus,US,Partner,Mid-Market,6,437.69,35.43,402.26,254.65,147.61,372.39,2026,2026-05,Q2
ORD-003170,2026-04-24,Premium,US,Partner,Enterprise,5,604.01,11.71,592.3,331.57,260.73,671.03,2026,2026-04,Q2
ORD-003171,2025-04-17,Plus,UK,Direct,Mid-Market,5,340.59,15.1,325.49,179.52,145.97,354.26,2025,2025-04,Q2
ORD-003172,2025-09-14,Plus,UK,Direct,SMB,3,216.85,4.92,211.93,133.65,78.28,203.19,2025,2025-09,Q3
ORD-003173,2026-06-21,Premium,UK,Direct,Mid-Market,1,125.42,2.66,122.76,51.89,70.87,135.98,2026,2026-06,Q2
ORD-003174,2025-08-02,Plus,US,Direct,Enterprise,6,493.62,42.07,451.55,260.81,190.74,453.22,2025,2025-08,Q3
ORD-003175,2026-06-29,Premium,US,Direct,SMB,3,338.15,3.3,334.85,163.01,171.84,332.34,2026,2026-06,Q2
ORD-003176,2026-02-08,Enterprise,UK,Online,SMB,3,678.17,30.04,648.13,302.4,345.73,614.53,2026,2026-02,Q1
ORD-003177,2026-07-25,Core,India,Online,Mid-Market,4,183.84,6.08,177.76,92.65,85.11,178.0,2026,2026-07,Q3
ORD-003178,2025-05-17,Plus,US,Partner,Mid-Market,1,77.24,0.13,77.11,51.44,25.67,76.15,2025,2025-05,Q2
ORD-003179,2026-01-05,Core,UK,Direct,SMB,1,43.76,2.32,41.44,21.98,19.46,46.01,2026,2026-01,Q1
ORD-003180,2026-05-28,Enterprise,UK,Partner,SMB,1,245.56,4.59,240.97,155.31,85.66,250.99,2026,2026-05,Q2
ORD-003181,2026-05-19,Premium,US,Online,Mid-Market,3,340.48,19.77,320.71,171.43,149.28,322.02,2026,2026-05,Q2
ORD-003182,2025-12-16,Enterprise,US,Online,Mid-Market,2,463.03,3.66,459.37,240.64,218.73,499.79,2025,2025-12,Q4
ORD-003183,2025-07-23,Plus,US,Direct,Mid-Market,3,216.87,10.26,206.61,111.44,95.17,217.61,2025,2025-07,Q3
ORD-003184,2025-01-27,Core,India,Partner,Enterprise,5,225.26,11.67,213.59,129.66,83.93,233.66,2025,2025-01,Q1
ORD-003185,2026-03-10,Plus,US,Partner,Mid-Market,5,399.5,14.72,384.78,182.82,201.96,424.77,2026,2026-03,Q1
ORD-003186,2025-08-12,Plus,UK,Direct,Enterprise,1,78.56,5.18,73.38,33.95,39.43,67.13,2025,2025-08,Q3
ORD-003187,2025-01-24,Plus,India,Partner,SMB,2,142.03,3.28,138.75,78.42,60.33,154.12,2025,2025-01,Q1
ORD-003188,2025-06-12,Premium,UAE,Direct,SMB,6,746.5,39.37,707.13,366.0,341.13,640.33,2025,2025-06,Q2
ORD-003189,2026-01-21,Premium,India,Online,SMB,8,980.19,81.95,898.24,417.45,480.79,879.66,2026,2026-01,Q1
ORD-003190,2025-07-09,Plus,UK,Partner,Mid-Market,3,204.46,8.84,195.62,122.01,73.61,209.7,2025,2025-07,Q3
ORD-003191,2025-11-26,Core,US,Online,SMB,3,131.73,5.89,125.84,53.42,72.42,114.21,2025,2025-11,Q4
ORD-003192,2025-12-08,Core,UAE,Online,Mid-Market,2,95.52,1.14,94.38,52.0,42.38,105.02,2025,2025-12,Q4
ORD-003193,2026-07-14,Premium,UK,Partner,Mid-Market,3,356.85,16.9,339.95,145.6,194.35,367.41,2026,2026-07,Q3
ORD-003194,2026-04-14,Core,UK,Direct,SMB,3,144.03,4.58,139.45,59.39,80.06,153.62,2026,2026-04,Q2
ORD-003195,2026-03-14,Premium,UK,Partner,Enterprise,3,386.83,5.73,381.1,215.25,165.85,369.61,2026,2026-03,Q1
ORD-003196,2026-07-31,Plus,India,Direct,Enterprise,2,149.21,2.05,147.16,97.77,49.39,149.56,2026,2026-07,Q3
ORD-003197,2026-04-23,Plus,UAE,Partner,Enterprise,4,307.36,14.77,292.59,134.38,158.21,329.97,2026,2026-04,Q2
ORD-003198,2025-11-15,Premium,UK,Direct,Enterprise,2,254.25,8.92,245.33,129.48,115.85,239.24,2025,2025-11,Q4
ORD-003199,2025-04-16,Plus,UK,Direct,Enterprise,3,210.2,13.86,196.34,103.27,93.07,177.79,2025,2025-04,Q2
ORD-003200,2026-06-24,Enterprise,UK,Online,SMB,3,758.3,10.51,747.79,394.61,353.18,837.74,2026,2026-06,Q2
ORD-003201,2026-02-28,Core,UK,Online,Enterprise,2,97.74,4.88,92.86,54.15,38.71,95.17,2026,2026-02,Q1
ORD-003202,2026-07-19,Premium,US,Online,SMB,2,257.94,17.8,240.14,154.0,86.14,267.0,2026,2026-07,Q3
ORD-003203,2025-07-07,Premium,Germany,Direct,SMB,2,250.67,24.32,226.35,127.61,98.74,215.7,2025,2025-07,Q3
ORD-003204,2025-06-10,Plus,UK,Direct,Enterprise,1,67.79,5.12,62.67,27.14,35.53,65.31,2025,2025-06,Q2
ORD-003205,2025-03-17,Premium,US,Direct,Enterprise,8,950.45,117.2,833.25,406.3,426.95,907.33,2025,2025-03,Q1
ORD-003206,2025-07-21,Plus,UK,Online,Mid-Market,3,203.46,13.51,189.95,100.75,89.2,180.54,2025,2025-07,Q3
ORD-003207,2025-02-15,Premium,India,Online,Enterprise,3,385.36,7.99,377.37,190.91,186.46,391.9,2025,2025-02,Q1
ORD-003208,2026-01-18,Plus,US,Online,SMB,2,148.71,6.82,141.89,68.35,73.54,139.15,2026,2026-01,Q1
ORD-003209,2025-06-07,Core,US,Online,Mid-Market,1,41.32,0.45,40.87,22.65,18.22,43.73,2025,2025-06,Q2
ORD-003210,2025-08-01,Premium,UAE,Direct,Mid-Market,2,259.9,7.57,252.33,113.46,138.87,237.49,2025,2025-08,Q3
ORD-003211,2025-06-25,Premium,UK,Online,Mid-Market,2,216.6,3.3,213.3,123.04,90.26,198.02,2025,2025-06,Q2
ORD-003212,2025-12-13,Plus,UK,Partner,Mid-Market,5,359.71,3.76,355.95,221.27,134.68,374.42,2025,2025-12,Q4
ORD-003213,2025-01-16,Premium,UAE,Direct,Enterprise,2,242.97,16.33,226.64,147.64,79.0,212.7,2025,2025-01,Q1
ORD-003214,2025-01-17,Core,UK,Online,SMB,1,41.13,1.91,39.22,24.74,14.48,44.2,2025,2025-01,Q1
ORD-003215,2026-01-12,Plus,India,Online,Enterprise,2,139.58,7.19,132.39,56.14,76.25,116.91,2026,2026-01,Q1
ORD-003216,2025-09-18,Plus,India,Online,Mid-Market,17,1330.4,25.62,1304.78,724.02,580.76,1386.99,2025,2025-09,Q3
ORD-003217,2025-06-20,Plus,US,Online,SMB,5,366.24,8.67,357.57,179.03,178.54,369.55,2025,2025-06,Q2
ORD-003218,2026-02-13,Core,UK,Direct,Enterprise,2,95.95,1.04,94.91,50.4,44.51,98.71,2026,2026-02,Q1
ORD-003219,2026-01-23,Enterprise,India,Direct,SMB,2,456.83,30.41,426.42,267.05,159.37,383.65,2026,2026-01,Q1
ORD-003220,2025-04-22,Plus,UAE,Direct,Mid-Market,4,297.46,7.54,289.92,152.69,137.23,280.35,2025,2025-04,Q2
ORD-003221,2025-04-23,Plus,UK,Online,Enterprise,1,72.51,1.57,70.94,44.03,26.91,77.2,2025,2025-04,Q2
ORD-003222,2025-02-04,Core,UK,Direct,SMB,3,137.74,3.21,134.53,56.97,77.56,132.76,2025,2025-02,Q1
ORD-003223,2025-02-06,Plus,UK,Direct,Mid-Market,2,150.08,2.8,147.28,69.44,77.84,133.4,2025,2025-02,Q1
ORD-003224,2025-01-17,Enterprise,Germany,Online,Mid-Market,2,489.41,16.94,472.47,246.78,225.69,524.72,2025,2025-01,Q1
ORD-003225,2025-09-01,Plus,Germany,Online,Mid-Market,6,484.53,9.75,474.78,310.41,164.37,425.1,2025,2025-09,Q3
ORD-003226,2025-06-25,Plus,UK,Online,SMB,5,366.13,22.84,343.29,161.98,181.31,359.04,2025,2025-06,Q2
ORD-003227,2025-08-31,Premium,Germany,Direct,Mid-Market,5,551.54,18.99,532.55,245.45,287.1,599.29,2025,2025-08,Q3
ORD-003228,2025-10-23,Enterprise,UAE,Online,Enterprise,4,981.61,100.31,881.3,548.67,332.63,933.64,2025,2025-10,Q4
ORD-003229,2026-02-15,Plus,Germany,Online,Enterprise,4,285.85,14.92,270.93,126.14,144.79,268.34,2026,2026-02,Q1
ORD-003230,2026-01-28,Core,Germany,Online,Mid-Market,2,87.54,2.35,85.19,52.15,33.04,80.82,2026,2026-01,Q1
ORD-003231,2026-04-27,Core,India,Direct,Enterprise,3,144.88,2.78,142.1,70.5,71.6,153.31,2026,2026-04,Q2
ORD-003232,2025-05-19,Plus,India,Online,Mid-Market,1,70.94,0.47,70.47,44.16,26.31,69.95,2025,2025-05,Q2
ORD-003233,2025-08-26,Plus,India,Direct,Mid-Market,2,138.4,2.47,135.93,87.58,48.35,120.96,2025,2025-08,Q3
ORD-003234,2026-03-11,Core,India,Online,Mid-Market,3,146.96,6.94,140.02,69.86,70.16,126.99,2026,2026-03,Q1
ORD-003235,2026-02-15,Enterprise,India,Online,Mid-Market,4,1034.73,29.19,1005.54,465.6,539.94,998.91,2026,2026-02,Q1
ORD-003236,2025-08-28,Core,UK,Partner,SMB,2,95.48,6.43,89.05,39.9,49.15,79.04,2025,2025-08,Q3
ORD-003237,2026-05-20,Plus,UK,Online,Mid-Market,3,208.29,18.45,189.84,93.95,95.89,194.23,2026,2026-05,Q2
ORD-003238,2026-05-27,Enterprise,India,Online,SMB,3,737.74,10.76,726.98,398.23,328.75,732.7,2026,2026-05,Q2
ORD-003239,2025-04-25,Plus,India,Online,Mid-Market,7,561.62,30.66,530.96,310.56,220.4,468.84,2025,2025-04,Q2
ORD-003240,2025-02-24,Core,India,Online,Enterprise,5,207.42,0.9,206.52,129.68,76.84,230.44,2025,2025-02,Q1
ORD-003241,2025-12-26,Enterprise,UAE,Online,SMB,2,434.64,14.99,419.65,262.05,157.6,424.24,2025,2025-12,Q4
ORD-003242,2026-06-17,Core,UK,Direct,Enterprise,2,98.64,3.47,95.17,44.87,50.3,95.53,2026,2026-06,Q2
ORD-003243,2026-05-01,Plus,India,Online,SMB,10,691.16,3.95,687.21,354.03,333.18,782.05,2026,2026-05,Q2
ORD-003244,2025-03-11,Premium,India,Partner,Mid-Market,3,390.89,5.82,385.07,227.97,157.1,390.29,2025,2025-03,Q1
ORD-003245,2025-10-01,Core,UK,Direct,Mid-Market,1,42.87,1.39,41.48,21.19,20.29,42.39,2025,2025-10,Q4
ORD-003246,2025-11-25,Enterprise,UAE,Online,SMB,5,1165.34,32.6,1132.74,626.59,506.15,1011.61,2025,2025-11,Q4
ORD-003247,2026-07-31,Plus,US,Online,Enterprise,1,82.37,1.02,81.35,36.69,44.66,91.63,2026,2026-07,Q3
ORD-003248,2025-11-09,Premium,US,Partner,Enterprise,3,353.08,10.69,342.39,219.32,123.07,358.75,2025,2025-11,Q4
ORD-003249,2025-07-14,Core,UK,Online,Mid-Market,3,133.12,1.62,131.5,76.99,54.51,142.63,2025,2025-07,Q3
ORD-003250,2025-01-17,Core,Germany,Direct,Enterprise,1,46.26,1.24,45.02,28.45,16.57,43.03,2025,2025-01,Q1
ORD-003251,2025-06-07,Premium,UAE,Partner,Mid-Market,4,519.78,6.18,513.6,325.61,187.99,500.71,2025,2025-06,Q2
ORD-003252,2025-12-02,Core,UK,Partner,Mid-Market,1,40.64,1.24,39.4,25.24,14.16,43.49,2025,2025-12,Q4
ORD-003253,2025-02-08,Plus,US,Online,SMB,1,81.99,2.91,79.08,50.0,29.08,75.16,2025,2025-02,Q1
ORD-003254,2025-07-16,Enterprise,US,Partner,Enterprise,3,697.44,34.97,662.47,305.56,356.91,703.77,2025,2025-07,Q3
ORD-003255,2025-08-18,Plus,US,Partner,SMB,5,378.57,5.76,372.81,232.87,139.94,379.18,2025,2025-08,Q3
ORD-003256,2025-01-05,Core,India,Direct,Enterprise,4,180.45,16.55,163.9,70.21,93.69,160.16,2025,2025-01,Q1
ORD-003257,2025-08-24,Premium,Germany,Direct,SMB,3,393.97,3.95,390.02,251.61,138.41,411.73,2025,2025-08,Q3
ORD-003258,2025-02-27,Core,US,Online,SMB,5,219.98,10.73,209.25,89.1,120.15,229.21,2025,2025-02,Q1
ORD-003259,2026-06-23,Premium,UK,Direct,SMB,4,465.17,3.3,461.87,290.83,171.04,449.77,2026,2026-06,Q2
ORD-003260,2025-01-06,Core,India,Online,Mid-Market,4,185.87,2.07,183.8,105.73,78.07,189.98,2025,2025-01,Q1
ORD-003261,2025-11-25,Premium,UK,Partner,Mid-Market,2,222.33,2.21,220.12,115.17,104.95,227.35,2025,2025-11,Q4
ORD-003262,2025-12-04,Core,India,Online,SMB,2,94.85,1.57,93.28,59.41,33.87,93.59,2025,2025-12,Q4
ORD-003263,2025-04-25,Plus,India,Online,Mid-Market,5,383.98,17.54,366.44,197.92,168.52,330.13,2025,2025-04,Q2
ORD-003264,2025-12-21,Premium,US,Direct,Mid-Market,1,115.74,0.75,114.99,70.68,44.31,114.44,2025,2025-12,Q4
ORD-003265,2026-07-27,Plus,India,Online,SMB,3,231.46,5.32,226.14,105.06,121.08,220.05,2026,2026-07,Q3
ORD-003266,2025-08-24,Core,UAE,Online,Mid-Market,3,132.08,0.97,131.11,67.28,63.83,145.16,2025,2025-08,Q3
ORD-003267,2026-05-01,Plus,India,Online,Mid-Market,2,149.37,2.36,147.01,85.26,61.75,140.92,2026,2026-05,Q2
ORD-003268,2025-04-20,Plus,Germany,Partner,Mid-Market,2,161.58,3.31,158.27,81.07,77.2,159.08,2025,2025-04,Q2
ORD-003269,2026-03-22,Enterprise,UAE,Direct,SMB,4,944.08,19.44,924.64,617.39,307.25,817.34,2026,2026-03,Q1
ORD-003270,2026-05-17,Premium,UK,Direct,SMB,4,448.54,27.36,421.18,230.61,190.57,418.53,2026,2026-05,Q2
ORD-003271,2025-10-28,Core,UK,Online,Enterprise,2,94.95,1.05,93.9,50.87,43.03,83.97,2025,2025-10,Q4
ORD-003272,2025-11-15,Plus,UAE,Partner,SMB,4,287.79,21.56,266.23,131.55,134.68,286.38,2025,2025-11,Q4
ORD-003273,2026-02-17,Enterprise,UK,Direct,Enterprise,2,507.22,15.97,491.25,293.51,197.74,442.65,2026,2026-02,Q1
ORD-003274,2025-10-01,Core,India,Direct,SMB,4,166.66,2.81,163.85,75.07,88.78,155.55,2025,2025-10,Q4
ORD-003275,2026-02-14,Plus,US,Direct,SMB,1,79.7,3.2,76.5,32.93,43.57,75.11,2026,2026-02,Q1
ORD-003276,2025-04-07,Core,US,Partner,SMB,4,173.18,6.82,166.36,71.78,94.58,157.24,2025,2025-04,Q2
ORD-003277,2026-05-05,Core,India,Online,SMB,4,171.77,10.82,160.95,103.97,56.98,163.77,2026,2026-05,Q2
ORD-003278,2025-02-14,Plus,India,Direct,Mid-Market,1,82.21,9.16,73.05,48.48,24.57,82.0,2025,2025-02,Q1
ORD-003279,2026-03-28,Enterprise,UAE,Direct,SMB,4,874.7,16.9,857.8,469.09,388.71,974.24,2026,2026-03,Q1
ORD-003280,2026-03-30,Enterprise,UK,Online,Mid-Market,2,465.62,3.75,461.87,246.22,215.65,513.01,2026,2026-03,Q1
ORD-003281,2026-05-30,Plus,India,Online,SMB,4,274.01,24.83,249.18,145.21,103.97,255.02,2026,2026-05,Q2
ORD-003282,2025-03-15,Core,US,Online,SMB,7,289.21,3.81,285.4,175.01,110.39,318.03,2025,2025-03,Q1
ORD-003283,2026-03-22,Core,US,Online,Mid-Market,10,419.36,18.96,400.4,247.85,152.55,380.8,2026,2026-03,Q1
ORD-003284,2025-11-02,Plus,US,Online,SMB,2,148.31,14.62,133.69,79.05,54.64,124.01,2025,2025-11,Q4
ORD-003285,2025-02-10,Premium,UAE,Direct,Mid-Market,2,217.05,7.3,209.75,129.12,80.63,191.05,2025,2025-02,Q1
ORD-003286,2026-04-23,Core,UK,Direct,Enterprise,2,84.42,4.66,79.76,41.2,38.56,88.52,2026,2026-04,Q2
ORD-003287,2025-10-11,Core,Germany,Partner,Enterprise,3,124.77,0.81,123.96,61.04,62.92,121.89,2025,2025-10,Q4
ORD-003288,2025-07-13,Enterprise,Germany,Online,Mid-Market,2,516.2,16.06,500.14,219.62,280.52,516.15,2025,2025-07,Q3
ORD-003289,2025-08-26,Plus,UK,Partner,Enterprise,6,477.45,11.24,466.21,295.02,171.19,454.98,2025,2025-08,Q3
ORD-003290,2025-01-25,Plus,UK,Partner,SMB,5,396.31,28.65,367.66,199.94,167.72,377.33,2025,2025-01,Q1
ORD-003291,2025-09-21,Plus,US,Direct,Mid-Market,3,238.7,11.62,227.08,127.86,99.22,215.1,2025,2025-09,Q3
ORD-003292,2025-10-24,Enterprise,Germany,Direct,Mid-Market,1,242.5,11.61,230.89,132.89,98.0,253.69,2025,2025-10,Q4
ORD-003293,2026-05-16,Core,US,Online,SMB,2,95.35,0.78,94.57,58.24,36.33,89.56,2026,2026-05,Q2
ORD-003294,2026-03-26,Core,US,Direct,Enterprise,2,98.79,2.2,96.59,50.44,46.15,100.78,2026,2026-03,Q1
ORD-003295,2026-06-26,Core,UK,Partner,SMB,6,252.09,0.31,251.78,145.91,105.87,254.37,2026,2026-06,Q2
ORD-003296,2025-07-20,Core,UK,Direct,SMB,2,90.39,0.84,89.55,43.18,46.37,96.07,2025,2025-07,Q3
ORD-003297,2025-10-25,Premium,India,Online,SMB,1,110.02,1.16,108.86,52.03,56.83,105.25,2025,2025-10,Q4
ORD-003298,2025-05-26,Plus,UAE,Online,SMB,4,283.68,11.39,272.29,134.76,137.53,275.73,2025,2025-05,Q2
ORD-003299,2026-05-20,Plus,India,Online,Enterprise,3,207.28,14.35,192.93,93.69,99.24,196.84,2026,2026-05,Q2
ORD-003300,2025-06-16,Core,Germany,Online,Enterprise,3,132.84,7.33,125.51,78.68,46.83,133.12,2025,2025-06,Q2
ORD-003301,2025-06-04,Core,India,Partner,SMB,2,85.02,0.15,84.87,54.38,30.49,81.51,2025,2025-06,Q2
ORD-003302,2025-10-28,Enterprise,UK,Direct,SMB,5,1142.84,90.03,1052.81,473.49,579.32,1021.26,2025,2025-10,Q4
ORD-003303,2026-04-03,Core,UK,Online,SMB,4,176.04,2.33,173.71,113.2,60.51,182.24,2026,2026-04,Q2
ORD-003304,2025-01-11,Plus,UK,Partner,Mid-Market,1,73.74,0.13,73.61,30.97,42.64,65.83,2025,2025-01,Q1
ORD-003305,2025-09-21,Core,India,Partner,Mid-Market,6,246.71,0.94,245.77,126.12,119.65,245.23,2025,2025-09,Q3
ORD-003306,2025-08-04,Enterprise,US,Partner,Mid-Market,2,512.83,0.27,512.56,261.37,251.19,568.66,2025,2025-08,Q3
ORD-003307,2026-07-26,Enterprise,India,Direct,SMB,3,760.72,53.12,707.6,336.7,370.9,674.69,2026,2026-07,Q3
ORD-003308,2025-04-19,Enterprise,UK,Direct,SMB,4,892.96,74.81,818.15,471.69,346.46,755.38,2025,2025-04,Q2
ORD-003309,2026-02-19,Enterprise,UK,Direct,SMB,3,664.88,21.32,643.56,343.09,300.47,583.38,2026,2026-02,Q1
ORD-003310,2026-01-05,Enterprise,India,Direct,Enterprise,3,764.07,17.77,746.3,430.48,315.82,806.16,2026,2026-01,Q1
ORD-003311,2025-03-03,Core,UK,Direct,SMB,3,127.41,2.4,125.01,71.01,54.0,140.69,2025,2025-03,Q1
ORD-003312,2025-11-25,Plus,Germany,Direct,Mid-Market,4,299.18,3.33,295.85,127.58,168.27,327.09,2025,2025-11,Q4
ORD-003313,2026-04-22,Premium,India,Partner,Mid-Market,3,356.19,4.69,351.5,161.73,189.77,364.43,2026,2026-04,Q2
ORD-003314,2025-02-19,Plus,Germany,Online,SMB,3,216.86,9.78,207.08,89.25,117.83,189.0,2025,2025-02,Q1
ORD-003315,2025-09-07,Core,Germany,Online,SMB,1,45.12,0.65,44.47,27.32,17.15,46.4,2025,2025-09,Q3
ORD-003316,2026-02-09,Core,India,Direct,SMB,3,138.5,0.88,137.62,58.49,79.13,127.84,2026,2026-02,Q1
ORD-003317,2025-10-05,Premium,US,Direct,Enterprise,3,391.87,15.8,376.07,236.42,139.65,425.22,2025,2025-10,Q4
ORD-003318,2025-03-28,Plus,US,Online,SMB,9,735.57,33.81,701.76,346.12,355.64,782.13,2025,2025-03,Q1
ORD-003319,2025-05-17,Enterprise,India,Online,Mid-Market,1,232.14,4.58,227.56,115.0,112.56,215.07,2025,2025-05,Q2
ORD-003320,2025-07-09,Premium,US,Online,Enterprise,1,111.33,9.75,101.58,43.99,57.59,91.72,2025,2025-07,Q3
ORD-003321,2025-08-23,Plus,Germany,Direct,SMB,6,450.78,30.2,420.58,210.24,210.34,462.33,2025,2025-08,Q3
ORD-003322,2025-12-16,Premium,UK,Direct,Mid-Market,1,120.89,3.35,117.54,75.99,41.55,127.63,2025,2025-12,Q4
ORD-003323,2025-03-04,Core,UK,Partner,SMB,3,135.57,0.19,135.38,56.97,78.41,152.79,2025,2025-03,Q1
ORD-003324,2026-02-22,Plus,UAE,Online,Enterprise,2,156.46,3.59,152.87,90.47,62.4,153.44,2026,2026-02,Q1
ORD-003325,2025-11-27,Core,UK,Online,SMB,6,278.86,23.82,255.04,160.28,94.76,252.43,2025,2025-11,Q4
ORD-003326,2025-07-21,Enterprise,UK,Direct,SMB,7,1785.99,40.62,1745.37,913.26,832.11,1616.22,2025,2025-07,Q3
ORD-003327,2025-07-12,Core,India,Direct,Enterprise,3,123.81,2.51,121.3,64.94,56.36,127.29,2025,2025-07,Q3
ORD-003328,2026-01-30,Plus,US,Direct,SMB,4,278.13,13.78,264.35,155.21,109.14,291.44,2026,2026-01,Q1
ORD-003329,2026-07-01,Premium,US,Online,Mid-Market,3,372.55,33.76,338.79,184.52,154.27,334.24,2026,2026-07,Q3
ORD-003330,2025-07-19,Premium,UAE,Partner,Mid-Market,1,110.88,0.88,110.0,61.82,48.18,108.33,2025,2025-07,Q3
ORD-003331,2026-02-11,Premium,UK,Online,Mid-Market,2,257.99,4.24,253.75,160.43,93.32,245.95,2026,2026-02,Q1
ORD-003332,2026-02-13,Premium,UK,Partner,SMB,2,263.06,1.41,261.65,116.38,145.27,275.05,2026,2026-02,Q1
ORD-003333,2026-05-10,Plus,US,Online,Mid-Market,3,237.32,4.86,232.46,103.98,128.48,225.39,2026,2026-05,Q2
ORD-003334,2025-04-07,Core,US,Direct,Mid-Market,3,144.19,1.52,142.67,94.35,48.32,126.86,2025,2025-04,Q2
ORD-003335,2025-05-21,Enterprise,India,Online,Mid-Market,2,465.01,20.37,444.64,193.5,251.14,432.3,2025,2025-05,Q2
ORD-003336,2026-05-04,Enterprise,US,Direct,SMB,3,748.3,32.54,715.76,302.2,413.56,668.32,2026,2026-05,Q2
ORD-003337,2025-10-13,Enterprise,Germany,Partner,SMB,2,487.39,30.98,456.41,236.99,219.42,412.53,2025,2025-10,Q4
ORD-003338,2025-11-18,Core,UK,Partner,SMB,7,298.44,9.88,288.56,177.29,111.27,276.1,2025,2025-11,Q4
ORD-003339,2026-04-26,Core,UK,Direct,Mid-Market,2,82.18,2.72,79.46,38.45,41.01,77.16,2026,2026-04,Q2
ORD-003340,2026-06-14,Enterprise,India,Online,Enterprise,5,1097.24,33.8,1063.44,626.09,437.35,1118.69,2026,2026-06,Q2
ORD-003341,2026-04-04,Premium,UK,Direct,Enterprise,2,219.65,3.15,216.5,131.47,85.03,197.69,2026,2026-04,Q2
ORD-003342,2026-03-04,Premium,Germany,Direct,Mid-Market,5,554.55,17.34,537.21,257.05,280.16,588.16,2026,2026-03,Q1
ORD-003343,2025-11-27,Plus,Germany,Direct,Enterprise,3,218.21,4.93,213.28,123.9,89.38,192.28,2025,2025-11,Q4
ORD-003344,2025-03-26,Core,UK,Online,SMB,2,95.12,1.14,93.98,62.17,31.81,101.16,2025,2025-03,Q1
ORD-003345,2025-10-23,Premium,US,Online,Mid-Market,5,656.35,7.14,649.21,418.28,230.93,615.45,2025,2025-10,Q4
ORD-003346,2026-02-21,Premium,Germany,Online,SMB,3,388.48,18.33,370.15,200.36,169.79,417.97,2026,2026-02,Q1
ORD-003347,2025-10-03,Plus,Germany,Online,Enterprise,1,72.89,4.14,68.75,30.73,38.02,76.92,2025,2025-10,Q4
ORD-003348,2025-06-08,Core,India,Online,SMB,1,45.57,1.08,44.49,26.7,17.79,39.35,2025,2025-06,Q2
ORD-003349,2026-02-21,Enterprise,India,Direct,Mid-Market,1,256.66,7.56,249.1,108.97,140.13,281.5,2026,2026-02,Q1
ORD-003350,2025-05-24,Enterprise,India,Partner,SMB,3,699.98,8.68,691.3,386.4,304.9,657.7,2025,2025-05,Q2
ORD-003351,2026-02-14,Plus,India,Direct,SMB,5,383.53,3.85,379.68,193.94,185.74,367.35,2026,2026-02,Q1
ORD-003352,2025-06-09,Premium,India,Partner,Enterprise,2,251.39,5.73,245.66,146.3,99.36,229.54,2025,2025-06,Q2
ORD-003353,2025-07-28,Premium,UK,Direct,Mid-Market,1,113.56,6.37,107.19,62.55,44.64,114.45,2025,2025-07,Q3
ORD-003354,2025-08-09,Plus,US,Direct,Enterprise,5,358.85,5.48,353.37,222.85,130.52,360.2,2025,2025-08,Q3
ORD-003355,2026-01-05,Enterprise,UAE,Direct,Mid-Market,2,464.51,7.02,457.49,202.86,254.63,411.66,2026,2026-01,Q1
ORD-003356,2026-07-22,Plus,India,Direct,SMB,2,147.12,3.36,143.76,90.71,53.05,153.69,2026,2026-07,Q3
ORD-003357,2026-04-01,Core,UK,Direct,SMB,3,135.26,4.13,131.13,70.07,61.06,135.06,2026,2026-04,Q2
ORD-003358,2026-05-24,Enterprise,India,Direct,SMB,1,263.89,13.61,250.28,113.64,136.64,252.01,2026,2026-05,Q2
ORD-003359,2025-01-02,Premium,India,Partner,SMB,2,234.15,4.33,229.82,147.44,82.38,232.24,2025,2025-01,Q1
ORD-003360,2025-07-03,Plus,Germany,Online,SMB,1,75.78,6.93,68.85,32.43,36.42,60.85,2025,2025-07,Q3
ORD-003361,2026-03-03,Enterprise,UK,Direct,Enterprise,1,240.0,16.29,223.71,142.54,81.17,254.71,2026,2026-03,Q1
ORD-003362,2025-01-08,Enterprise,UAE,Online,SMB,2,490.78,12.54,478.24,249.35,228.89,486.52,2025,2025-01,Q1
ORD-003363,2026-01-05,Premium,India,Partner,Mid-Market,1,112.98,5.14,107.84,60.37,47.47,112.59,2026,2026-01,Q1
ORD-003364,2025-12-19,Core,India,Direct,Mid-Market,4,174.31,2.99,171.32,86.54,84.78,163.08,2025,2025-12,Q4
ORD-003365,2025-01-13,Plus,UAE,Partner,SMB,1,69.53,5.75,63.78,28.09,35.69,66.75,2025,2025-01,Q1
ORD-003366,2025-12-13,Core,UK,Partner,Mid-Market,2,83.16,3.28,79.88,45.5,34.38,85.86,2025,2025-12,Q4
ORD-003367,2026-02-28,Plus,UK,Online,Enterprise,1,70.52,5.07,65.45,41.4,24.05,71.22,2026,2026-02,Q1
ORD-003368,2026-03-12,Enterprise,UK,Partner,Mid-Market,8,2033.21,101.95,1931.26,1012.04,919.22,1820.79,2026,2026-03,Q1
ORD-003369,2025-09-03,Enterprise,US,Direct,SMB,4,950.43,4.1,946.33,571.55,374.78,1031.98,2025,2025-09,Q3
ORD-003370,2025-01-23,Core,UK,Partner,SMB,1,44.17,0.61,43.56,22.73,20.83,48.72,2025,2025-01,Q1
ORD-003371,2025-04-26,Core,India,Direct,Mid-Market,8,382.02,1.97,380.05,249.55,130.5,404.48,2025,2025-04,Q2
ORD-003372,2026-02-11,Enterprise,Germany,Partner,SMB,1,240.58,6.87,233.71,151.19,82.52,239.72,2026,2026-02,Q1
ORD-003373,2026-04-14,Plus,US,Online,SMB,2,143.08,9.46,133.62,84.49,49.13,142.73,2026,2026-04,Q2
ORD-003374,2026-02-21,Enterprise,UK,Online,Mid-Market,4,950.64,6.34,944.3,511.09,433.21,979.45,2026,2026-02,Q1
ORD-003375,2026-05-13,Plus,US,Direct,SMB,5,373.99,11.04,362.95,216.93,146.02,360.08,2026,2026-05,Q2
ORD-003376,2025-11-04,Premium,UAE,Direct,SMB,2,236.95,7.25,229.7,142.0,87.7,213.71,2025,2025-11,Q4
ORD-003377,2025-06-12,Core,Germany,Direct,Enterprise,2,90.29,7.23,83.06,54.62,28.44,80.84,2025,2025-06,Q2
ORD-003378,2025-03-14,Plus,US,Direct,Mid-Market,4,312.97,27.28,285.69,148.84,136.85,270.19,2025,2025-03,Q1
ORD-003379,2025-09-12,Core,UK,Partner,Enterprise,4,175.02,3.21,171.81,109.59,62.22,168.77,2025,2025-09,Q3
ORD-003380,2025-04-26,Plus,Germany,Partner,SMB,3,241.09,3.55,237.54,115.82,121.72,216.41,2025,2025-04,Q2
ORD-003381,2026-04-04,Core,Germany,Partner,SMB,13,542.38,9.89,532.49,318.64,213.85,490.36,2026,2026-04,Q2
ORD-003382,2025-04-27,Core,UK,Direct,Mid-Market,2,91.73,1.63,90.1,56.18,33.92,94.96,2025,2025-04,Q2
ORD-003383,2025-08-27,Premium,US,Direct,Mid-Market,3,360.88,7.59,353.29,155.3,197.99,319.1,2025,2025-08,Q3
ORD-003384,2025-10-05,Enterprise,Germany,Direct,SMB,2,472.8,10.67,462.13,268.26,193.87,416.51,2025,2025-10,Q4
ORD-003385,2025-07-04,Premium,US,Direct,SMB,3,333.25,10.67,322.58,137.51,185.07,325.49,2025,2025-07,Q3
ORD-003386,2026-06-11,Plus,UAE,Direct,Enterprise,2,147.86,10.35,137.51,88.85,48.66,147.82,2026,2026-06,Q2
ORD-003387,2026-06-23,Plus,India,Online,Enterprise,4,274.04,3.37,270.67,133.43,137.24,258.33,2026,2026-06,Q2
ORD-003388,2025-11-14,Premium,India,Direct,Mid-Market,3,351.94,10.47,341.47,182.18,159.29,306.79,2025,2025-11,Q4
ORD-003389,2026-05-10,Plus,India,Online,Mid-Market,3,225.81,24.03,201.78,114.89,86.89,183.32,2026,2026-05,Q2
ORD-003390,2026-04-26,Premium,India,Direct,SMB,2,255.23,13.6,241.63,160.0,81.63,274.81,2026,2026-04,Q2
ORD-003391,2026-06-20,Enterprise,Germany,Partner,Mid-Market,3,778.76,20.12,758.64,328.41,430.23,765.44,2026,2026-06,Q2
ORD-003392,2026-05-07,Premium,UK,Online,SMB,5,595.35,45.18,550.17,328.35,221.82,537.7,2026,2026-05,Q2
ORD-003393,2026-04-23,Premium,US,Partner,SMB,1,117.95,1.66,116.29,73.03,43.26,127.29,2026,2026-04,Q2
ORD-003394,2025-12-28,Core,India,Partner,Enterprise,1,43.5,1.16,42.34,24.22,18.12,44.39,2025,2025-12,Q4
ORD-003395,2025-12-17,Core,UK,Direct,SMB,2,97.42,7.77,89.65,49.04,40.61,92.04,2025,2025-12,Q4
ORD-003396,2026-01-27,Premium,US,Partner,Enterprise,2,237.8,11.32,226.48,125.56,100.92,213.27,2026,2026-01,Q1
ORD-003397,2026-07-31,Core,US,Direct,SMB,3,124.34,5.47,118.87,68.94,49.93,126.7,2026,2026-07,Q3
ORD-003398,2025-02-24,Core,India,Direct,Mid-Market,2,96.31,5.23,91.08,38.67,52.41,82.39,2025,2025-02,Q1
ORD-003399,2025-12-03,Plus,UK,Online,Mid-Market,2,149.74,6.88,142.86,85.0,57.86,140.66,2025,2025-12,Q4
ORD-003400,2025-01-17,Premium,India,Online,Enterprise,2,250.86,14.69,236.17,151.88,84.29,267.76,2025,2025-01,Q1
ORD-003401,2026-04-15,Enterprise,Germany,Online,Mid-Market,1,227.18,8.09,219.09,126.86,92.23,195.47,2026,2026-04,Q2
ORD-003402,2025-10-15,Core,India,Direct,SMB,2,97.93,2.07,95.86,40.58,55.28,109.16,2025,2025-10,Q4
ORD-003403,2025-09-06,Enterprise,UAE,Direct,SMB,4,920.33,32.22,888.11,547.46,340.65,809.06,2025,2025-09,Q3
ORD-003404,2025-01-01,Premium,India,Online,Mid-Market,1,126.51,2.58,123.93,57.01,66.92,109.35,2025,2025-01,Q1
ORD-003405,2025-09-20,Core,India,Direct,SMB,6,256.06,0.72,255.34,107.68,147.66,283.02,2025,2025-09,Q3
ORD-003406,2025-01-09,Plus,India,Direct,SMB,2,145.63,1.75,143.88,83.54,60.34,131.66,2025,2025-01,Q1
ORD-003407,2026-07-26,Plus,UAE,Online,Enterprise,5,371.53,20.6,350.93,205.64,145.29,399.09,2026,2026-07,Q3
ORD-003408,2025-07-06,Premium,India,Partner,Enterprise,1,127.07,3.59,123.48,59.49,63.99,139.41,2025,2025-07,Q3
ORD-003409,2025-05-07,Core,India,Partner,Mid-Market,5,246.3,13.63,232.67,144.44,88.23,205.25,2025,2025-05,Q2
ORD-003410,2025-08-27,Enterprise,UK,Direct,Mid-Market,4,936.34,71.9,864.44,430.01,434.43,773.43,2025,2025-08,Q3
ORD-003411,2025-11-21,Enterprise,US,Online,Mid-Market,6,1572.54,87.84,1484.7,937.7,547.0,1412.75,2025,2025-11,Q4
ORD-003412,2026-05-30,Plus,India,Partner,SMB,1,74.62,4.91,69.71,36.24,33.47,76.97,2026,2026-05,Q2
ORD-003413,2025-12-09,Core,UK,Online,Enterprise,4,175.46,3.51,171.95,81.16,90.79,163.52,2025,2025-12,Q4
ORD-003414,2025-07-17,Plus,UAE,Partner,Mid-Market,1,69.89,4.14,65.75,39.97,25.78,63.98,2025,2025-07,Q3
ORD-003415,2025-04-20,Enterprise,UK,Partner,SMB,4,1014.32,37.15,977.17,509.25,467.92,935.38,2025,2025-04,Q2
ORD-003416,2026-01-23,Premium,Germany,Partner,SMB,1,121.45,4.48,116.97,49.5,67.47,105.95,2026,2026-01,Q1
ORD-003417,2025-02-19,Plus,India,Direct,SMB,3,240.7,8.88,231.82,103.59,128.23,215.23,2025,2025-02,Q1
ORD-003418,2025-09-09,Plus,UAE,Direct,SMB,2,152.99,11.63,141.36,68.45,72.91,139.77,2025,2025-09,Q3
ORD-003419,2025-12-29,Core,UK,Online,SMB,5,210.32,4.55,205.77,105.76,100.01,193.44,2025,2025-12,Q4
ORD-003420,2026-05-27,Core,UK,Direct,Enterprise,2,84.91,8.05,76.86,46.57,30.29,69.93,2026,2026-05,Q2
ORD-003421,2026-07-09,Premium,India,Direct,Mid-Market,3,363.97,17.23,346.74,181.28,165.46,382.68,2026,2026-07,Q3
ORD-003422,2025-02-03,Core,India,Direct,Mid-Market,2,84.47,3.45,81.02,35.68,45.34,78.19,2025,2025-02,Q1
ORD-003423,2025-05-04,Core,India,Partner,SMB,1,43.8,1.68,42.12,17.8,24.32,39.24,2025,2025-05,Q2
ORD-003424,2025-07-31,Core,US,Online,SMB,2,83.46,1.65,81.81,35.66,46.15,75.38,2025,2025-07,Q3
ORD-003425,2025-07-31,Core,UK,Direct,Mid-Market,2,84.29,0.17,84.12,51.31,32.81,92.96,2025,2025-07,Q3
ORD-003426,2026-05-05,Premium,UAE,Partner,SMB,4,498.67,38.63,460.04,246.43,213.61,494.85,2026,2026-05,Q2
ORD-003427,2025-07-19,Plus,UK,Direct,Enterprise,4,315.5,15.14,300.36,195.4,104.96,320.93,2025,2025-07,Q3
ORD-003428,2025-10-13,Core,US,Direct,SMB,2,86.18,0.59,85.59,38.18,47.41,81.69,2025,2025-10,Q4
ORD-003429,2025-02-08,Enterprise,UAE,Direct,Mid-Market,1,231.21,3.24,227.97,104.93,123.04,255.05,2025,2025-02,Q1
ORD-003430,2025-01-19,Premium,Germany,Online,Enterprise,2,244.49,10.54,233.95,155.16,78.79,231.64,2025,2025-01,Q1
ORD-003431,2026-05-18,Core,India,Online,Enterprise,3,133.21,0.57,132.64,64.33,68.31,117.18,2026,2026-05,Q2
ORD-003432,2025-01-30,Premium,UK,Direct,Enterprise,1,122.49,3.4,119.09,51.27,67.82,122.15,2025,2025-01,Q1
ORD-003433,2026-02-25,Plus,India,Direct,SMB,2,157.99,2.09,155.9,76.93,78.97,139.97,2026,2026-02,Q1
ORD-003434,2025-04-25,Plus,US,Partner,SMB,2,161.21,3.24,157.97,96.57,61.4,173.82,2025,2025-04,Q2
ORD-003435,2026-07-21,Plus,UAE,Online,Mid-Market,5,373.81,10.82,362.99,180.77,182.22,383.63,2026,2026-07,Q3
ORD-003436,2025-09-10,Plus,US,Partner,Mid-Market,2,142.54,0.48,142.06,67.0,75.06,137.15,2025,2025-09,Q3
ORD-003437,2025-03-26,Enterprise,Germany,Online,SMB,2,523.94,38.53,485.41,244.33,241.08,432.58,2025,2025-03,Q1
ORD-003438,2025-06-03,Enterprise,US,Partner,SMB,1,253.67,7.31,246.36,148.38,97.98,273.18,2025,2025-06,Q2
ORD-003439,2026-07-20,Enterprise,UK,Direct,SMB,1,255.83,37.44,218.39,112.18,106.21,217.23,2026,2026-07,Q3
ORD-003440,2025-12-02,Premium,India,Direct,Mid-Market,5,659.64,9.11,650.53,348.96,301.57,721.33,2025,2025-12,Q4
ORD-003441,2026-05-28,Plus,India,Partner,Enterprise,6,487.57,15.26,472.31,315.42,156.89,424.45,2026,2026-05,Q2
ORD-003442,2025-11-24,Core,UK,Online,Enterprise,2,86.45,1.61,84.84,51.61,33.23,89.9,2025,2025-11,Q4
ORD-003443,2025-12-19,Core,UK,Online,Enterprise,3,144.62,2.76,141.86,72.69,69.17,135.14,2025,2025-12,Q4
ORD-003444,2025-09-10,Core,UK,Online,Mid-Market,1,45.45,1.69,43.76,27.6,16.16,41.96,2025,2025-09,Q3
ORD-003445,2025-08-21,Core,India,Partner,SMB,5,244.4,34.42,209.98,124.58,85.4,232.84,2025,2025-08,Q3
ORD-003446,2025-11-15,Plus,Germany,Online,Mid-Market,7,478.43,4.62,473.81,247.82,225.99,460.5,2025,2025-11,Q4
ORD-003447,2025-11-12,Enterprise,UK,Direct,Mid-Market,3,762.97,8.12,754.85,331.24,423.61,679.35,2025,2025-11,Q4
ORD-003448,2025-05-14,Premium,India,Online,SMB,1,119.23,3.53,115.7,50.65,65.05,102.46,2025,2025-05,Q2
ORD-003449,2026-06-21,Plus,US,Online,Enterprise,14,961.3,98.52,862.78,475.37,387.41,856.96,2026,2026-06,Q2
ORD-003450,2026-07-06,Enterprise,India,Online,SMB,3,660.4,7.27,653.13,322.54,330.59,729.71,2026,2026-07,Q3
ORD-003451,2025-01-29,Plus,US,Direct,SMB,6,467.44,18.35,449.09,267.37,181.72,503.98,2025,2025-01,Q1
ORD-003452,2025-01-25,Plus,Germany,Online,SMB,5,379.09,8.08,371.01,198.53,172.48,340.07,2025,2025-01,Q1
ORD-003453,2026-06-28,Core,India,Online,Enterprise,4,190.95,17.84,173.11,74.19,98.92,162.98,2026,2026-06,Q2
ORD-003454,2026-03-15,Core,India,Online,Mid-Market,2,88.86,3.85,85.01,46.88,38.13,81.21,2026,2026-03,Q1
ORD-003455,2026-05-13,Plus,UK,Online,Mid-Market,4,311.19,29.61,281.58,176.08,105.5,278.91,2026,2026-05,Q2
ORD-003456,2026-05-23,Premium,UK,Online,SMB,3,332.82,9.57,323.25,184.42,138.83,292.64,2026,2026-05,Q2
ORD-003457,2026-07-03,Plus,UAE,Partner,SMB,1,80.35,3.93,76.42,46.2,30.22,70.29,2026,2026-07,Q3
ORD-003458,2026-03-02,Enterprise,UK,Direct,Mid-Market,2,444.94,11.62,433.32,279.92,153.4,449.84,2026,2026-03,Q1
ORD-003459,2026-01-13,Plus,US,Direct,Mid-Market,3,229.71,3.36,226.35,113.52,112.83,201.71,2026,2026-01,Q1
ORD-003460,2025-07-20,Plus,US,Online,Mid-Market,1,77.49,4.38,73.11,45.02,28.09,82.48,2025,2025-07,Q3
ORD-003461,2026-04-10,Plus,UK,Online,SMB,11,775.0,13.02,761.98,377.55,384.43,854.7,2026,2026-04,Q2
ORD-003462,2025-12-06,Plus,India,Direct,SMB,6,417.47,48.74,368.73,231.26,137.47,382.58,2025,2025-12,Q4
ORD-003463,2026-02-03,Enterprise,US,Partner,Mid-Market,3,720.12,26.81,693.31,443.87,249.44,785.32,2026,2026-02,Q1
ORD-003464,2025-09-04,Plus,India,Direct,SMB,4,322.91,5.7,317.21,204.14,113.07,349.17,2025,2025-09,Q3
ORD-003465,2026-04-25,Premium,India,Partner,Mid-Market,2,256.36,8.09,248.27,136.36,111.91,219.28,2026,2026-04,Q2
ORD-003466,2025-12-25,Plus,India,Direct,Enterprise,8,552.24,24.8,527.44,289.01,238.43,485.32,2025,2025-12,Q4
ORD-003467,2026-02-25,Premium,UK,Direct,Mid-Market,5,621.82,16.02,605.8,273.73,332.07,681.31,2026,2026-02,Q1
ORD-003468,2025-11-08,Core,UAE,Direct,Mid-Market,3,134.43,3.36,131.07,64.78,66.29,136.59,2025,2025-11,Q4
ORD-003469,2025-10-10,Premium,Germany,Direct,Mid-Market,5,549.83,5.8,544.03,243.36,300.67,612.43,2025,2025-10,Q4
ORD-003470,2025-06-21,Plus,Germany,Direct,SMB,3,217.59,8.08,209.51,139.54,69.97,225.01,2025,2025-06,Q2
ORD-003471,2025-01-28,Core,UK,Direct,SMB,3,134.0,1.12,132.88,86.21,46.67,137.08,2025,2025-01,Q1
ORD-003472,2026-01-27,Plus,UK,Direct,Enterprise,1,79.14,3.81,75.33,37.93,37.4,70.87,2026,2026-01,Q1
ORD-003473,2025-05-13,Core,UK,Partner,SMB,1,41.79,0.51,41.28,27.04,14.24,36.5,2025,2025-05,Q2
ORD-003474,2025-04-15,Enterprise,US,Direct,SMB,3,757.67,23.82,733.85,348.78,385.07,695.32,2025,2025-04,Q2
ORD-003475,2025-01-26,Plus,India,Online,SMB,1,81.99,0.51,81.48,49.19,32.29,80.38,2025,2025-01,Q1
ORD-003476,2026-03-24,Enterprise,India,Online,SMB,3,710.0,38.13,671.87,348.64,323.23,717.45,2026,2026-03,Q1
ORD-003477,2025-03-12,Core,UK,Direct,Enterprise,2,91.16,7.38,83.78,50.06,33.72,88.32,2025,2025-03,Q1
ORD-003478,2025-07-12,Enterprise,US,Online,Mid-Market,2,439.72,39.17,400.55,181.19,219.36,352.75,2025,2025-07,Q3
ORD-003479,2026-05-10,Core,US,Partner,Enterprise,2,94.32,7.85,86.47,37.19,49.28,85.54,2026,2026-05,Q2
ORD-003480,2025-10-17,Core,UK,Direct,Mid-Market,4,176.59,8.35,168.24,96.5,71.74,184.67,2025,2025-10,Q4
ORD-003481,2025-03-05,Premium,UAE,Direct,Enterprise,2,240.98,5.11,235.87,133.63,102.24,253.22,2025,2025-03,Q1
ORD-003482,2025-04-10,Core,Germany,Direct,Mid-Market,4,172.46,5.02,167.44,106.15,61.29,182.37,2025,2025-04,Q2
ORD-003483,2026-07-04,Premium,Germany,Direct,Enterprise,2,261.99,4.19,257.8,132.81,124.99,255.5,2026,2026-07,Q3
ORD-003484,2026-01-13,Core,UAE,Partner,Mid-Market,3,129.38,2.57,126.81,78.39,48.42,142.7,2026,2026-01,Q1
ORD-003485,2025-03-14,Core,US,Online,Mid-Market,1,41.77,0.58,41.19,23.47,17.72,42.95,2025,2025-03,Q1
ORD-003486,2026-04-04,Plus,UK,Direct,Mid-Market,3,241.98,9.32,232.66,152.34,80.32,251.33,2026,2026-04,Q2
ORD-003487,2025-05-29,Plus,UK,Direct,SMB,13,924.08,67.13,856.95,375.37,481.58,915.08,2025,2025-05,Q2
ORD-003488,2025-09-08,Enterprise,India,Direct,Mid-Market,2,478.03,13.86,464.17,223.91,240.26,469.72,2025,2025-09,Q3
ORD-003489,2025-02-03,Premium,US,Online,Mid-Market,3,358.85,15.57,343.28,219.3,123.98,384.11,2025,2025-02,Q1
ORD-003490,2025-10-01,Plus,UAE,Direct,SMB,1,77.14,5.41,71.73,35.93,35.8,74.05,2025,2025-10,Q4
ORD-003491,2026-02-27,Plus,India,Direct,Mid-Market,2,149.26,13.62,135.64,82.09,53.55,143.85,2026,2026-02,Q1
ORD-003492,2025-03-09,Enterprise,UAE,Direct,Mid-Market,1,228.09,4.73,223.36,122.3,101.06,238.54,2025,2025-03,Q1
ORD-003493,2025-09-24,Premium,US,Direct,SMB,3,327.58,10.74,316.84,176.35,140.49,332.06,2025,2025-09,Q3
ORD-003494,2025-10-09,Enterprise,UK,Partner,Enterprise,2,483.45,22.54,460.91,246.13,214.78,460.78,2025,2025-10,Q4
ORD-003495,2025-12-31,Premium,UK,Direct,Mid-Market,2,259.89,5.04,254.85,110.89,143.96,263.2,2025,2025-12,Q4
ORD-003496,2025-10-12,Enterprise,Germany,Direct,SMB,2,507.08,31.01,476.07,265.16,210.91,511.03,2025,2025-10,Q4
ORD-003497,2026-02-12,Premium,UK,Direct,Mid-Market,1,125.78,10.69,115.09,67.3,47.79,104.07,2026,2026-02,Q1
ORD-003498,2025-10-08,Premium,India,Direct,SMB,4,487.86,7.08,480.78,304.82,175.96,470.29,2025,2025-10,Q4
ORD-003499,2026-06-28,Enterprise,US,Direct,Mid-Market,6,1326.99,2.54,1324.45,680.37,644.08,1413.86,2026,2026-06,Q2
ORD-003500,2025-05-07,Plus,India,Direct,Mid-Market,3,242.92,10.44,232.48,106.58,125.9,207.77,2025,2025-05,Q2
ORD-003501,2025-01-07,Enterprise,UK,Partner,Enterprise,2,485.97,18.69,467.28,212.05,255.23,422.23,2025,2025-01,Q1
ORD-003502,2026-04-12,Core,US,Online,SMB,2,83.35,7.91,75.44,32.74,42.7,74.07,2026,2026-04,Q2
ORD-003503,2026-06-07,Enterprise,UAE,Partner,SMB,7,1538.02,52.66,1485.36,703.9,781.46,1365.27,2026,2026-06,Q2
ORD-003504,2026-02-27,Core,Germany,Direct,Mid-Market,6,294.4,12.48,281.92,158.69,123.23,280.0,2026,2026-02,Q1
ORD-003505,2026-04-26,Enterprise,US,Direct,SMB,3,751.06,12.72,738.34,319.81,418.53,733.01,2026,2026-04,Q2
ORD-003506,2025-07-10,Core,Germany,Online,SMB,1,46.76,2.4,44.36,22.84,21.52,48.87,2025,2025-07,Q3
ORD-003507,2026-01-09,Core,US,Partner,SMB,5,234.0,2.64,231.36,141.64,89.72,261.51,2026,2026-01,Q1
ORD-003508,2026-03-02,Plus,US,Online,SMB,1,74.08,0.45,73.63,49.28,24.35,77.01,2026,2026-03,Q1
ORD-003509,2026-02-17,Plus,UK,Direct,SMB,1,78.57,1.9,76.67,38.46,38.21,72.65,2026,2026-02,Q1
ORD-003510,2026-04-21,Enterprise,UK,Direct,Mid-Market,1,248.59,19.94,228.65,103.47,125.18,219.04,2026,2026-04,Q2
ORD-003511,2025-11-02,Core,UAE,Online,SMB,3,144.16,5.62,138.54,65.56,72.98,145.58,2025,2025-11,Q4
ORD-003512,2025-03-21,Enterprise,UK,Online,SMB,7,1603.51,249.1,1354.41,679.41,675.0,1367.98,2025,2025-03,Q1
ORD-003513,2025-01-15,Core,US,Direct,Mid-Market,5,222.02,2.16,219.86,146.82,73.04,216.35,2025,2025-01,Q1
ORD-003514,2025-02-05,Plus,UK,Partner,SMB,2,138.88,2.41,136.47,65.19,71.28,138.36,2025,2025-02,Q1
ORD-003515,2025-04-08,Premium,US,Direct,SMB,1,119.14,0.64,118.5,56.8,61.7,125.66,2025,2025-04,Q2
ORD-003516,2026-05-25,Core,US,Online,Enterprise,4,173.46,8.12,165.34,88.09,77.25,162.54,2026,2026-05,Q2
ORD-003517,2026-04-15,Core,US,Direct,SMB,7,311.27,9.63,301.64,158.74,142.9,270.03,2026,2026-04,Q2
ORD-003518,2026-02-17,Plus,UK,Direct,SMB,4,316.8,11.86,304.94,160.51,144.43,330.34,2026,2026-02,Q1
ORD-003519,2026-01-03,Core,UK,Partner,Enterprise,1,46.83,1.76,45.07,21.06,24.01,48.45,2026,2026-01,Q1
ORD-003520,2026-07-16,Enterprise,India,Online,SMB,6,1564.18,75.69,1488.49,954.34,534.15,1532.01,2026,2026-07,Q3
ORD-003521,2026-02-03,Enterprise,UAE,Online,SMB,3,767.41,134.84,632.57,283.41,349.16,685.62,2026,2026-02,Q1
ORD-003522,2025-07-29,Plus,UK,Partner,Enterprise,10,728.83,22.92,705.91,334.24,371.67,715.72,2025,2025-07,Q3
ORD-003523,2025-04-26,Plus,India,Online,Mid-Market,4,277.13,0.69,276.44,118.55,157.89,264.66,2025,2025-04,Q2
ORD-003524,2025-04-29,Enterprise,India,Direct,SMB,2,477.11,57.74,419.37,249.58,169.79,382.27,2025,2025-04,Q2
ORD-003525,2025-10-20,Enterprise,India,Partner,Enterprise,3,706.14,25.84,680.3,324.0,356.3,715.93,2025,2025-10,Q4
ORD-003526,2025-02-13,Premium,UK,Direct,SMB,3,384.53,3.26,381.27,243.52,137.75,390.62,2025,2025-02,Q1
ORD-003527,2025-08-16,Premium,US,Partner,Mid-Market,1,128.95,6.34,122.61,71.84,50.77,131.92,2025,2025-08,Q3
ORD-003528,2025-04-23,Enterprise,India,Partner,Enterprise,3,685.69,15.58,670.11,445.45,224.66,617.01,2025,2025-04,Q2
ORD-003529,2025-07-28,Core,UAE,Online,SMB,2,87.42,1.72,85.7,42.52,43.18,92.41,2025,2025-07,Q3
ORD-003530,2025-10-01,Core,UAE,Direct,SMB,1,46.09,0.63,45.46,30.01,15.45,45.45,2025,2025-10,Q4
ORD-003531,2025-10-28,Plus,UK,Partner,Mid-Market,8,602.77,47.57,555.2,366.2,189.0,503.49,2025,2025-10,Q4
ORD-003532,2025-12-19,Plus,US,Direct,SMB,3,223.58,1.32,222.26,98.23,124.03,230.69,2025,2025-12,Q4
ORD-003533,2025-03-12,Core,UAE,Online,SMB,4,190.27,17.34,172.93,77.42,95.51,157.41,2025,2025-03,Q1
ORD-003534,2025-08-15,Plus,UK,Online,SMB,5,364.63,12.53,352.1,230.26,121.84,373.46,2025,2025-08,Q3
ORD-003535,2025-02-17,Core,UAE,Partner,SMB,1,48.59,0.93,47.66,26.04,21.62,49.95,2025,2025-02,Q1
ORD-003536,2025-02-18,Plus,Germany,Direct,Mid-Market,4,288.76,2.71,286.05,156.38,129.67,284.01,2025,2025-02,Q1
ORD-003537,2026-04-01,Enterprise,UK,Online,Enterprise,3,669.47,8.21,661.26,379.65,281.61,656.42,2026,2026-04,Q2
ORD-003538,2026-05-29,Enterprise,US,Online,Enterprise,4,1034.14,12.01,1022.13,537.54,484.59,900.75,2026,2026-05,Q2
ORD-003539,2025-12-19,Plus,US,Online,SMB,5,412.31,6.4,405.91,174.98,230.93,415.64,2025,2025-12,Q4
ORD-003540,2025-02-24,Plus,US,Direct,SMB,2,159.76,1.19,158.57,80.03,78.54,145.33,2025,2025-02,Q1
ORD-003541,2025-04-30,Plus,US,Direct,Mid-Market,2,142.66,2.29,140.37,64.29,76.08,126.38,2025,2025-04,Q2
ORD-003542,2025-02-09,Premium,India,Direct,SMB,5,545.13,37.85,507.28,311.98,195.3,575.52,2025,2025-02,Q1
ORD-003543,2026-04-02,Plus,UK,Partner,Mid-Market,2,152.86,1.91,150.95,97.41,53.54,166.98,2026,2026-04,Q2
ORD-003544,2026-01-30,Premium,India,Direct,Mid-Market,3,361.1,16.35,344.75,176.82,167.93,377.59,2026,2026-01,Q1
ORD-003545,2026-02-13,Core,UK,Direct,SMB,2,83.84,1.43,82.41,51.81,30.6,78.85,2026,2026-02,Q1
ORD-003546,2026-04-15,Core,US,Direct,Enterprise,1,47.86,0.87,46.99,26.64,20.35,47.46,2026,2026-04,Q2
ORD-003547,2025-04-20,Plus,US,Direct,Mid-Market,4,278.64,1.57,277.07,130.47,146.6,310.93,2025,2025-04,Q2
ORD-003548,2025-03-26,Core,India,Direct,SMB,5,226.08,3.1,222.98,146.27,76.71,215.61,2025,2025-03,Q1
ORD-003549,2025-03-20,Premium,India,Partner,Mid-Market,2,223.75,20.78,202.97,130.02,72.95,186.54,2025,2025-03,Q1
ORD-003550,2025-04-25,Core,US,Direct,SMB,1,45.93,2.08,43.85,24.49,19.36,49.55,2025,2025-04,Q2
ORD-003551,2025-07-02,Enterprise,US,Partner,SMB,12,2977.31,138.74,2838.57,1362.04,1476.53,2839.88,2025,2025-07,Q3
ORD-003552,2025-04-05,Core,Germany,Direct,SMB,4,169.6,6.26,163.34,81.9,81.44,177.84,2025,2025-04,Q2
ORD-003553,2026-03-04,Plus,UK,Partner,Enterprise,2,160.98,8.51,152.47,96.74,55.73,167.47,2026,2026-03,Q1
ORD-003554,2025-08-31,Plus,UK,Online,Mid-Market,3,235.61,13.54,222.07,100.0,122.07,245.03,2025,2025-08,Q3
ORD-003555,2025-09-03,Core,India,Direct,SMB,3,146.05,10.34,135.71,89.92,45.79,139.58,2025,2025-09,Q3
ORD-003556,2026-05-15,Plus,UK,Direct,SMB,6,405.78,19.75,386.03,251.11,134.92,367.8,2026,2026-05,Q2
ORD-003557,2025-10-17,Premium,US,Online,Enterprise,9,1022.65,36.24,986.41,621.0,365.41,885.7,2025,2025-10,Q4
ORD-003558,2026-04-02,Premium,India,Direct,SMB,2,258.5,1.96,256.54,170.78,85.76,257.11,2026,2026-04,Q2
ORD-003559,2025-09-20,Premium,India,Direct,Enterprise,2,242.06,7.67,234.39,122.37,112.02,257.75,2025,2025-09,Q3
ORD-003560,2026-05-12,Plus,Germany,Direct,Mid-Market,3,208.3,2.5,205.8,135.77,70.03,190.25,2026,2026-05,Q2
ORD-003561,2025-02-14,Premium,India,Direct,SMB,3,373.67,3.04,370.63,222.57,148.06,361.71,2025,2025-02,Q1
ORD-003562,2025-01-26,Premium,UK,Direct,SMB,2,230.57,5.56,225.01,149.12,75.89,250.19,2025,2025-01,Q1
ORD-003563,2025-10-13,Plus,Germany,Direct,Enterprise,5,377.84,54.91,322.93,144.11,178.82,321.33,2025,2025-10,Q4
ORD-003564,2025-04-13,Core,US,Partner,Enterprise,1,44.3,0.94,43.36,24.69,18.67,42.62,2025,2025-04,Q2
ORD-003565,2026-05-08,Enterprise,US,Online,Enterprise,7,1632.44,20.51,1611.93,936.28,675.65,1825.86,2026,2026-05,Q2
ORD-003566,2025-10-12,Plus,US,Partner,SMB,1,78.3,5.31,72.99,46.45,26.54,65.47,2025,2025-10,Q4
ORD-003567,2025-08-28,Core,UK,Online,Mid-Market,2,92.13,7.35,84.78,41.43,43.35,83.04,2025,2025-08,Q3
ORD-003568,2026-07-07,Core,UAE,Direct,Mid-Market,2,82.86,1.99,80.87,44.41,36.46,77.0,2026,2026-07,Q3
ORD-003569,2025-01-30,Plus,Germany,Online,Mid-Market,3,229.93,17.3,212.63,102.48,110.15,242.0,2025,2025-01,Q1
ORD-003570,2025-11-16,Plus,India,Partner,Mid-Market,2,162.76,2.7,160.06,73.02,87.04,149.68,2025,2025-11,Q4
ORD-003571,2025-10-22,Enterprise,UK,Online,Mid-Market,10,2351.55,54.8,2296.75,1251.18,1045.57,2335.78,2025,2025-10,Q4
ORD-003572,2025-08-13,Enterprise,UAE,Partner,Mid-Market,1,243.22,13.52,229.7,108.4,121.3,208.64,2025,2025-08,Q3
ORD-003573,2025-01-19,Core,US,Partner,Enterprise,3,137.58,3.43,134.15,69.16,64.99,139.62,2025,2025-01,Q1
ORD-003574,2026-02-20,Core,UK,Online,Enterprise,5,220.99,3.76,217.23,143.84,73.39,200.27,2026,2026-02,Q1
ORD-003575,2026-06-25,Enterprise,UK,Direct,Mid-Market,2,448.23,23.03,425.2,212.61,212.59,421.82,2026,2026-06,Q2
ORD-003576,2025-05-05,Core,UAE,Partner,Enterprise,1,48.97,0.87,48.1,21.16,26.94,45.4,2025,2025-05,Q2
ORD-003577,2026-06-29,Plus,UK,Online,Mid-Market,3,237.57,24.0,213.57,138.48,75.09,228.47,2026,2026-06,Q2
ORD-003578,2025-10-06,Premium,UK,Partner,Enterprise,1,110.44,2.05,108.39,63.32,45.07,122.85,2025,2025-10,Q4
ORD-003579,2026-03-15,Plus,India,Online,Enterprise,1,78.85,1.86,76.99,39.28,37.71,85.81,2026,2026-03,Q1
ORD-003580,2025-08-31,Core,UK,Direct,SMB,1,42.73,0.22,42.51,19.05,23.46,46.47,2025,2025-08,Q3
ORD-003581,2025-04-25,Premium,UK,Direct,SMB,4,478.48,23.32,455.16,273.09,182.07,417.94,2025,2025-04,Q2
ORD-003582,2025-10-16,Core,UAE,Direct,Enterprise,2,96.43,3.77,92.66,39.42,53.24,103.39,2025,2025-10,Q4
ORD-003583,2026-07-17,Enterprise,UAE,Partner,SMB,1,232.83,9.79,223.04,129.8,93.24,203.23,2026,2026-07,Q3
ORD-003584,2026-02-13,Premium,US,Partner,Enterprise,1,123.73,0.4,123.33,68.64,54.69,120.8,2026,2026-02,Q1
ORD-003585,2025-07-21,Plus,UAE,Partner,Mid-Market,1,74.74,0.53,74.21,37.03,37.18,77.7,2025,2025-07,Q3
ORD-003586,2026-07-24,Plus,US,Online,Enterprise,7,479.07,0.72,478.35,248.01,230.34,544.82,2026,2026-07,Q3
ORD-003587,2025-03-07,Plus,UK,Partner,SMB,2,142.49,7.9,134.59,67.39,67.2,134.78,2025,2025-03,Q1
ORD-003588,2026-02-13,Core,UK,Direct,Mid-Market,2,88.18,2.18,86.0,51.84,34.16,82.71,2026,2026-02,Q1
ORD-003589,2025-05-21,Plus,India,Direct,Enterprise,2,142.56,5.08,137.48,82.75,54.73,145.44,2025,2025-05,Q2
ORD-003590,2025-11-14,Plus,US,Online,Enterprise,8,589.59,10.23,579.36,346.74,232.62,655.6,2025,2025-11,Q4
ORD-003591,2025-12-08,Plus,India,Direct,Enterprise,4,288.18,9.61,278.57,155.35,123.22,271.7,2025,2025-12,Q4
ORD-003592,2025-09-07,Core,India,Direct,SMB,3,146.62,7.04,139.58,81.17,58.41,157.25,2025,2025-09,Q3
ORD-003593,2025-11-29,Plus,UK,Partner,SMB,2,150.49,6.79,143.7,67.48,76.22,159.64,2025,2025-11,Q4
ORD-003594,2026-06-28,Core,UK,Direct,Enterprise,1,49.05,0.87,48.18,23.54,24.64,51.09,2026,2026-06,Q2
ORD-003595,2025-05-02,Core,UAE,Direct,Mid-Market,2,92.61,3.98,88.63,56.69,31.94,81.51,2025,2025-05,Q2
ORD-003596,2025-08-28,Core,US,Direct,Enterprise,3,140.56,11.16,129.4,70.0,59.4,137.13,2025,2025-08,Q3
ORD-003597,2025-11-26,Plus,UAE,Direct,Enterprise,1,80.24,4.03,76.21,46.52,29.69,74.44,2025,2025-11,Q4
ORD-003598,2025-08-04,Plus,UK,Online,SMB,3,237.72,3.44,234.28,153.55,80.73,264.39,2025,2025-08,Q3
ORD-003599,2025-09-21,Core,UAE,Direct,Mid-Market,5,221.29,2.97,218.32,92.04,126.28,203.12,2025,2025-09,Q3
ORD-003600,2026-07-07,Premium,US,Online,Mid-Market,2,251.99,17.0,234.99,103.59,131.4,245.34,2026,2026-07,Q3
ORD-003601,2026-03-15,Enterprise,US,Direct,SMB,1,252.31,12.99,239.32,142.97,96.35,272.33,2026,2026-03,Q1
ORD-003602,2025-03-27,Plus,Germany,Online,Enterprise,4,324.83,13.89,310.94,204.81,106.13,347.33,2025,2025-03,Q1
ORD-003603,2025-11-03,Plus,Germany,Online,Mid-Market,6,494.05,28.11,465.94,255.45,210.49,448.71,2025,2025-11,Q4
ORD-003604,2026-07-29,Plus,Germany,Online,Enterprise,2,147.41,14.76,132.65,69.92,62.73,116.93,2026,2026-07,Q3
ORD-003605,2026-04-17,Plus,India,Direct,SMB,1,81.03,2.2,78.83,47.12,31.71,83.29,2026,2026-04,Q2
ORD-003606,2025-06-16,Plus,US,Online,Mid-Market,2,145.42,2.07,143.35,79.7,63.65,135.3,2025,2025-06,Q2
ORD-003607,2026-05-25,Plus,India,Online,Mid-Market,1,68.45,1.43,67.02,39.7,27.32,71.75,2026,2026-05,Q2
ORD-003608,2025-07-11,Premium,India,Partner,SMB,1,110.37,10.43,99.94,55.95,43.99,98.86,2025,2025-07,Q3
ORD-003609,2026-07-09,Premium,India,Direct,SMB,4,502.45,57.97,444.48,238.55,205.93,415.99,2026,2026-07,Q3
ORD-003610,2025-12-31,Core,India,Online,Mid-Market,10,423.6,8.93,414.67,233.21,181.46,450.9,2025,2025-12,Q4
ORD-003611,2026-03-05,Premium,India,Online,Enterprise,8,905.08,21.59,883.49,414.9,468.59,823.82,2026,2026-03,Q1
ORD-003612,2025-03-10,Premium,UK,Direct,SMB,5,604.97,13.3,591.67,317.88,273.79,547.47,2025,2025-03,Q1
ORD-003613,2025-09-08,Core,Germany,Online,Enterprise,2,94.48,9.88,84.6,54.92,29.68,91.52,2025,2025-09,Q3
ORD-003614,2026-03-23,Core,India,Direct,Enterprise,1,48.28,1.52,46.76,23.44,23.32,47.71,2026,2026-03,Q1
ORD-003615,2026-02-22,Premium,India,Online,SMB,5,561.67,28.51,533.16,341.55,191.61,521.92,2026,2026-02,Q1
ORD-003616,2025-11-01,Plus,US,Direct,SMB,2,143.35,13.14,130.21,73.27,56.94,139.7,2025,2025-11,Q4
ORD-003617,2025-02-25,Plus,US,Direct,Mid-Market,3,225.89,7.8,218.09,96.44,121.65,239.61,2025,2025-02,Q1
ORD-003618,2025-10-01,Plus,India,Online,SMB,1,76.52,4.4,72.12,43.79,28.33,66.33,2025,2025-10,Q4
ORD-003619,2025-01-16,Enterprise,UAE,Online,SMB,7,1644.78,20.24,1624.54,1068.91,555.63,1552.83,2025,2025-01,Q1
ORD-003620,2026-06-09,Core,Germany,Direct,SMB,2,95.5,4.8,90.7,46.17,44.53,99.44,2026,2026-06,Q2
ORD-003621,2026-04-10,Plus,UK,Direct,Mid-Market,4,281.68,5.19,276.49,178.41,98.08,301.16,2026,2026-04,Q2
ORD-003622,2025-11-13,Core,India,Direct,Enterprise,3,139.93,10.15,129.78,75.13,54.65,136.29,2025,2025-11,Q4
ORD-003623,2025-01-29,Plus,US,Direct,SMB,1,71.55,2.72,68.83,40.71,28.12,69.14,2025,2025-01,Q1
ORD-003624,2025-12-11,Enterprise,US,Partner,Enterprise,8,2005.92,9.75,1996.17,1103.74,892.43,1908.25,2025,2025-12,Q4
ORD-003625,2025-09-19,Enterprise,UK,Online,SMB,3,753.08,3.74,749.34,498.64,250.7,726.52,2025,2025-09,Q3
ORD-003626,2025-02-15,Premium,India,Partner,Enterprise,7,784.35,29.79,754.56,469.67,284.89,804.69,2025,2025-02,Q1
ORD-003627,2025-04-09,Premium,India,Direct,Mid-Market,1,124.22,6.47,117.75,56.6,61.15,120.47,2025,2025-04,Q2
ORD-003628,2026-02-26,Enterprise,India,Partner,SMB,3,672.2,10.15,662.05,312.43,349.62,589.91,2026,2026-02,Q1
ORD-003629,2025-08-15,Enterprise,Germany,Partner,SMB,1,262.77,32.93,229.84,136.64,93.2,250.67,2025,2025-08,Q3
ORD-003630,2025-08-05,Core,India,Online,Mid-Market,1,47.97,0.71,47.26,22.5,24.76,52.95,2025,2025-08,Q3
ORD-003631,2025-05-03,Core,UK,Direct,Enterprise,1,45.12,0.82,44.3,22.27,22.03,49.91,2025,2025-05,Q2
ORD-003632,2026-04-14,Premium,US,Direct,SMB,2,251.79,17.22,234.57,148.96,85.61,250.97,2026,2026-04,Q2
ORD-003633,2026-07-31,Core,UK,Direct,Mid-Market,3,125.42,5.58,119.84,70.2,49.64,121.63,2026,2026-07,Q3
ORD-003634,2025-11-26,Core,UK,Online,Mid-Market,3,134.05,3.26,130.79,68.73,62.06,132.53,2025,2025-11,Q4
ORD-003635,2025-07-02,Enterprise,US,Direct,Mid-Market,2,475.29,7.79,467.5,251.04,216.46,521.78,2025,2025-07,Q3
ORD-003636,2025-11-23,Plus,India,Direct,SMB,8,631.85,49.16,582.69,381.55,201.14,642.68,2025,2025-11,Q4
ORD-003637,2025-03-31,Core,UK,Partner,Enterprise,1,46.64,3.54,43.1,20.05,23.05,47.85,2025,2025-03,Q1
ORD-003638,2026-02-02,Premium,UK,Partner,Mid-Market,1,116.92,4.13,112.79,67.12,45.67,113.22,2026,2026-02,Q1
ORD-003639,2025-11-11,Core,India,Direct,SMB,2,85.98,9.74,76.24,34.12,42.12,80.32,2025,2025-11,Q4
ORD-003640,2025-08-31,Premium,US,Direct,Enterprise,1,131.03,10.18,120.85,79.97,40.88,127.53,2025,2025-08,Q3
ORD-003641,2025-03-12,Enterprise,UK,Partner,Mid-Market,2,436.76,31.94,404.82,173.61,231.21,362.39,2025,2025-03,Q1
ORD-003642,2025-01-21,Premium,UK,Online,SMB,3,378.53,7.22,371.31,190.01,181.3,376.08,2025,2025-01,Q1
ORD-003643,2025-12-08,Core,Germany,Direct,Enterprise,3,147.19,2.24,144.95,84.13,60.82,161.8,2025,2025-12,Q4
ORD-003644,2026-06-23,Core,UK,Direct,SMB,2,88.94,2.27,86.67,42.49,44.18,98.32,2026,2026-06,Q2
ORD-003645,2025-01-11,Plus,UK,Online,Enterprise,1,74.09,0.7,73.39,48.12,25.27,65.47,2025,2025-01,Q1
ORD-003646,2025-01-07,Plus,Germany,Direct,SMB,2,162.61,4.26,158.35,101.8,56.55,147.29,2025,2025-01,Q1
ORD-003647,2025-04-25,Premium,UK,Direct,SMB,4,432.86,26.88,405.98,239.24,166.74,400.83,2025,2025-04,Q2
ORD-003648,2025-08-03,Enterprise,US,Partner,SMB,3,652.55,62.7,589.85,332.42,257.43,530.25,2025,2025-08,Q3
ORD-003649,2026-05-03,Enterprise,UK,Online,Mid-Market,3,771.67,57.62,714.05,376.84,337.21,639.74,2026,2026-05,Q2
ORD-003650,2026-05-26,Premium,US,Online,Enterprise,3,378.15,15.7,362.45,207.5,154.95,401.45,2026,2026-05,Q2
ORD-003651,2026-01-21,Plus,UK,Direct,SMB,2,162.08,7.39,154.69,76.06,78.63,143.21,2026,2026-01,Q1
ORD-003652,2025-11-16,Premium,India,Online,Mid-Market,1,117.12,5.32,111.8,53.05,58.75,126.75,2025,2025-11,Q4
ORD-003653,2025-05-24,Plus,India,Direct,Enterprise,1,73.98,5.12,68.86,31.86,37.0,76.83,2025,2025-05,Q2
ORD-003654,2025-06-25,Plus,UK,Direct,SMB,8,572.55,50.85,521.7,252.77,268.93,500.69,2025,2025-06,Q2
ORD-003655,2025-07-12,Core,India,Partner,Enterprise,1,42.65,3.86,38.79,18.16,20.63,44.1,2025,2025-07,Q3
ORD-003656,2025-02-08,Enterprise,US,Online,Enterprise,8,2093.67,138.27,1955.4,1242.19,713.21,2101.29,2025,2025-02,Q1
ORD-003657,2026-05-23,Core,Germany,Direct,SMB,1,44.48,0.23,44.25,23.0,21.25,48.96,2026,2026-05,Q2
ORD-003658,2026-07-02,Core,UAE,Direct,Mid-Market,4,171.61,7.52,164.09,70.12,93.97,153.27,2026,2026-07,Q3
ORD-003659,2025-06-05,Core,UK,Online,Enterprise,3,130.92,4.29,126.63,53.32,73.31,132.18,2025,2025-06,Q2
ORD-003660,2026-06-02,Core,Germany,Direct,Enterprise,2,81.74,4.88,76.86,43.04,33.82,86.12,2026,2026-06,Q2
ORD-003661,2025-07-20,Enterprise,US,Direct,Enterprise,3,775.16,40.25,734.91,433.08,301.83,750.95,2025,2025-07,Q3
ORD-003662,2025-12-15,Core,UK,Online,SMB,4,185.1,14.45,170.65,100.54,70.11,193.65,2025,2025-12,Q4
ORD-003663,2025-12-24,Plus,India,Partner,Enterprise,1,78.07,0.78,77.29,42.96,34.33,80.68,2025,2025-12,Q4
ORD-003664,2026-01-20,Plus,India,Online,Mid-Market,3,215.71,14.45,201.26,121.91,79.35,217.09,2026,2026-01,Q1
ORD-003665,2025-07-19,Core,US,Partner,Enterprise,1,48.67,3.41,45.26,28.76,16.5,48.21,2025,2025-07,Q3
ORD-003666,2025-05-29,Plus,UAE,Partner,SMB,1,81.2,1.34,79.86,40.05,39.81,88.21,2025,2025-05,Q2
ORD-003667,2026-05-27,Plus,US,Partner,SMB,3,231.96,1.33,230.63,124.39,106.24,222.38,2026,2026-05,Q2
ORD-003668,2025-07-20,Premium,Germany,Direct,Mid-Market,10,1234.54,6.34,1228.2,652.8,575.4,1182.92,2025,2025-07,Q3
ORD-003669,2025-09-09,Enterprise,UK,Direct,Mid-Market,4,897.08,76.49,820.59,420.28,400.31,850.36,2025,2025-09,Q3
ORD-003670,2025-08-26,Plus,UAE,Direct,Enterprise,4,328.88,10.94,317.94,194.61,123.33,315.88,2025,2025-08,Q3
ORD-003671,2025-03-10,Core,Germany,Direct,SMB,1,40.65,0.88,39.77,25.2,14.57,43.98,2025,2025-03,Q1
ORD-003672,2026-07-24,Premium,UK,Online,SMB,2,219.52,12.16,207.36,131.91,75.45,218.31,2026,2026-07,Q3
ORD-003673,2025-06-20,Premium,UAE,Direct,Mid-Market,4,512.58,8.29,504.29,295.13,209.16,502.87,2025,2025-06,Q2
ORD-003674,2026-04-07,Plus,UAE,Direct,Enterprise,3,205.06,0.29,204.77,90.28,114.49,190.2,2026,2026-04,Q2
ORD-003675,2025-11-19,Enterprise,India,Online,SMB,8,1805.63,142.09,1663.54,938.66,724.88,1804.23,2025,2025-11,Q4
ORD-003676,2026-04-23,Premium,UK,Direct,SMB,6,718.59,13.13,705.46,349.28,356.18,786.14,2026,2026-04,Q2
ORD-003677,2026-01-13,Core,India,Online,SMB,3,127.85,0.38,127.47,83.77,43.7,128.08,2026,2026-01,Q1
ORD-003678,2025-09-08,Enterprise,US,Online,SMB,2,443.05,11.57,431.48,254.32,177.16,470.37,2025,2025-09,Q3
ORD-003679,2025-10-23,Core,UK,Online,Mid-Market,3,141.19,3.04,138.15,84.47,53.68,142.38,2025,2025-10,Q4
ORD-003680,2026-03-21,Core,UK,Direct,Mid-Market,2,88.19,0.45,87.74,55.8,31.94,91.74,2026,2026-03,Q1
ORD-003681,2026-06-12,Plus,Germany,Direct,SMB,5,354.56,0.87,353.69,164.38,189.31,360.27,2026,2026-06,Q2
ORD-003682,2025-06-03,Premium,Germany,Direct,Enterprise,3,329.95,7.38,322.57,196.62,125.95,308.29,2025,2025-06,Q2
ORD-003683,2026-02-01,Plus,UK,Direct,Enterprise,3,246.26,24.58,221.68,119.42,102.26,196.08,2026,2026-02,Q1
ORD-003684,2026-07-30,Core,US,Partner,Enterprise,3,132.34,0.43,131.91,60.74,71.17,147.55,2026,2026-07,Q3
ORD-003685,2025-10-19,Premium,Germany,Direct,Mid-Market,5,573.89,23.17,550.72,313.55,237.17,540.84,2025,2025-10,Q4
ORD-003686,2025-03-23,Plus,Germany,Direct,SMB,3,204.66,11.08,193.58,116.67,76.91,217.6,2025,2025-03,Q1
ORD-003687,2025-05-06,Core,India,Partner,Enterprise,5,242.3,12.93,229.37,135.01,94.36,211.15,2025,2025-05,Q2
ORD-003688,2026-04-14,Premium,UK,Online,SMB,3,384.72,12.14,372.58,242.08,130.5,393.33,2026,2026-04,Q2
ORD-003689,2025-05-26,Plus,UK,Partner,Mid-Market,2,142.38,6.71,135.67,82.7,52.97,127.19,2025,2025-05,Q2
ORD-003690,2025-12-18,Core,India,Online,Enterprise,4,182.2,12.37,169.83,96.88,72.95,159.43,2025,2025-12,Q4
ORD-003691,2026-07-11,Plus,UK,Direct,SMB,3,221.04,11.27,209.77,129.44,80.33,221.5,2026,2026-07,Q3
ORD-003692,2025-07-25,Enterprise,US,Online,SMB,1,246.31,1.64,244.67,153.75,90.92,225.83,2025,2025-07,Q3
ORD-003693,2025-11-09,Plus,Germany,Online,Enterprise,2,160.14,3.03,157.11,66.86,90.25,144.61,2025,2025-11,Q4
ORD-003694,2025-05-20,Core,UK,Direct,SMB,3,132.14,4.23,127.91,54.59,73.32,119.49,2025,2025-05,Q2
ORD-003695,2025-11-02,Plus,UAE,Partner,SMB,3,242.74,23.98,218.76,124.89,93.87,198.96,2025,2025-11,Q4
ORD-003696,2025-07-15,Plus,India,Direct,SMB,2,148.22,1.44,146.78,87.18,59.6,149.75,2025,2025-07,Q3
ORD-003697,2025-12-08,Premium,Germany,Direct,Mid-Market,2,235.23,1.58,233.65,132.24,101.41,235.11,2025,2025-12,Q4
ORD-003698,2025-07-04,Enterprise,UK,Online,Enterprise,3,776.52,17.85,758.67,390.56,368.11,760.71,2025,2025-07,Q3
ORD-003699,2025-01-08,Core,Germany,Direct,SMB,1,43.27,3.07,40.2,22.34,17.86,45.82,2025,2025-01,Q1
ORD-003700,2025-07-18,Premium,UK,Direct,SMB,2,247.53,17.1,230.43,120.33,110.1,243.37,2025,2025-07,Q3
ORD-003701,2025-06-12,Core,UK,Direct,Mid-Market,3,123.01,7.53,115.48,55.44,60.04,123.08,2025,2025-06,Q2
ORD-003702,2026-04-23,Plus,UAE,Online,Mid-Market,3,208.61,2.9,205.71,134.34,71.37,231.08,2026,2026-04,Q2
ORD-003703,2025-04-19,Plus,Germany,Partner,Mid-Market,4,295.08,3.22,291.86,132.68,159.18,310.98,2025,2025-04,Q2
ORD-003704,2026-03-08,Enterprise,UK,Online,SMB,6,1367.06,13.78,1353.28,740.68,612.6,1356.65,2026,2026-03,Q1
ORD-003705,2026-02-05,Plus,UAE,Online,Mid-Market,5,398.21,10.02,388.19,251.81,136.38,382.35,2026,2026-02,Q1
ORD-003706,2026-05-07,Core,Germany,Online,SMB,3,124.51,4.67,119.84,79.91,39.93,107.97,2026,2026-05,Q2
ORD-003707,2025-05-09,Core,UAE,Direct,SMB,2,89.91,3.89,86.02,55.33,30.69,84.77,2025,2025-05,Q2
ORD-003708,2025-07-18,Plus,UAE,Online,Enterprise,1,77.98,6.66,71.32,42.56,28.76,76.97,2025,2025-07,Q3
ORD-003709,2026-01-30,Plus,UK,Online,Mid-Market,4,295.75,9.07,286.68,154.0,132.68,260.44,2026,2026-01,Q1
ORD-003710,2026-04-25,Core,US,Online,SMB,2,92.06,0.2,91.86,49.38,42.48,90.28,2026,2026-04,Q2
ORD-003711,2025-12-20,Core,Germany,Online,SMB,7,337.47,6.78,330.69,202.74,127.95,370.13,2025,2025-12,Q4
ORD-003712,2026-04-14,Core,UK,Online,Mid-Market,2,82.39,4.17,78.22,41.71,36.51,69.86,2026,2026-04,Q2
ORD-003713,2025-08-11,Enterprise,Germany,Direct,SMB,4,1001.62,61.23,940.39,501.13,439.26,962.19,2025,2025-08,Q3
ORD-003714,2025-10-08,Core,US,Direct,SMB,3,147.82,14.77,133.05,76.51,56.54,133.36,2025,2025-10,Q4
ORD-003715,2025-07-25,Premium,US,Online,SMB,3,342.23,3.56,338.67,202.18,136.49,316.23,2025,2025-07,Q3
ORD-003716,2025-02-08,Premium,India,Online,Mid-Market,1,113.44,4.18,109.26,60.13,49.13,100.19,2025,2025-02,Q1
ORD-003717,2025-11-18,Core,India,Direct,SMB,3,135.07,6.78,128.29,57.34,70.95,127.61,2025,2025-11,Q4
ORD-003718,2025-07-19,Premium,India,Direct,SMB,4,432.02,6.79,425.23,198.57,226.66,429.51,2025,2025-07,Q3
ORD-003719,2026-06-02,Plus,UK,Online,SMB,3,220.26,2.61,217.65,106.66,110.99,236.47,2026,2026-06,Q2
ORD-003720,2025-10-07,Plus,India,Partner,Mid-Market,2,161.47,1.42,160.05,92.33,67.72,148.44,2025,2025-10,Q4
ORD-003721,2026-05-26,Premium,India,Online,Mid-Market,1,116.15,0.77,115.38,53.21,62.17,129.93,2026,2026-05,Q2
ORD-003722,2026-07-28,Plus,Germany,Direct,SMB,1,71.48,0.96,70.52,38.38,32.14,72.49,2026,2026-07,Q3
ORD-003723,2025-10-25,Plus,Germany,Direct,Mid-Market,2,135.54,4.66,130.88,57.38,73.5,125.66,2025,2025-10,Q4
ORD-003724,2025-12-26,Premium,UK,Direct,Enterprise,4,447.96,22.49,425.47,227.88,197.59,467.14,2025,2025-12,Q4
ORD-003725,2025-12-21,Core,UK,Direct,Mid-Market,2,97.39,10.03,87.36,48.66,38.7,85.63,2025,2025-12,Q4
ORD-003726,2025-01-29,Core,India,Online,Mid-Market,7,309.55,13.28,296.27,159.96,136.31,310.5,2025,2025-01,Q1
ORD-003727,2026-01-09,Enterprise,Germany,Online,SMB,2,525.43,1.64,523.79,262.39,261.4,554.08,2026,2026-01,Q1
ORD-003728,2025-07-09,Plus,India,Direct,Enterprise,2,151.04,6.15,144.89,77.43,67.46,136.49,2025,2025-07,Q3
ORD-003729,2026-05-08,Enterprise,US,Direct,Mid-Market,4,901.06,13.77,887.29,407.59,479.7,957.61,2026,2026-05,Q2
ORD-003730,2025-03-11,Core,UK,Online,SMB,4,196.72,5.27,191.45,92.48,98.97,202.99,2025,2025-03,Q1
ORD-003731,2025-05-16,Core,Germany,Direct,Mid-Market,1,42.27,0.51,41.76,17.83,23.93,41.79,2025,2025-05,Q2
ORD-003732,2025-09-23,Premium,US,Partner,Mid-Market,3,328.89,22.43,306.46,145.51,160.95,284.25,2025,2025-09,Q3
ORD-003733,2025-10-10,Enterprise,UK,Online,Enterprise,5,1085.41,12.59,1072.82,607.93,464.89,1159.52,2025,2025-10,Q4
ORD-003734,2025-12-15,Enterprise,UAE,Direct,Mid-Market,2,432.12,26.77,405.35,192.57,212.78,393.58,2025,2025-12,Q4
ORD-003735,2025-12-06,Enterprise,UK,Direct,SMB,4,927.2,3.81,923.39,580.9,342.49,986.55,2025,2025-12,Q4
ORD-003736,2026-02-05,Core,Germany,Direct,SMB,3,140.16,5.96,134.2,66.26,67.94,118.31,2026,2026-02,Q1
ORD-003737,2025-12-02,Plus,UAE,Direct,SMB,11,776.59,0.54,776.05,461.7,314.35,797.6,2025,2025-12,Q4
ORD-003738,2025-08-26,Plus,UK,Direct,SMB,2,142.91,6.39,136.52,67.14,69.38,137.05,2025,2025-08,Q3
ORD-003739,2026-05-21,Premium,UAE,Direct,Enterprise,4,500.05,19.53,480.52,263.21,217.31,466.86,2026,2026-05,Q2
ORD-003740,2026-05-29,Core,India,Direct,SMB,3,147.46,6.24,141.22,71.2,70.02,139.25,2026,2026-05,Q2
ORD-003741,2025-05-26,Plus,Germany,Partner,SMB,2,136.63,3.09,133.54,88.41,45.13,122.92,2025,2025-05,Q2
ORD-003742,2026-01-09,Enterprise,UAE,Direct,SMB,1,263.41,11.32,252.09,158.71,93.38,276.12,2026,2026-01,Q1
ORD-003743,2025-07-27,Core,India,Direct,Enterprise,3,147.59,18.69,128.9,66.84,62.06,122.05,2025,2025-07,Q3
ORD-003744,2025-04-27,Plus,US,Partner,SMB,2,159.21,6.47,152.74,82.33,70.41,146.71,2025,2025-04,Q2
ORD-003745,2025-01-28,Plus,UK,Online,SMB,3,224.49,1.26,223.23,96.16,127.07,228.73,2025,2025-01,Q1
ORD-003746,2026-04-30,Premium,UAE,Direct,Enterprise,3,341.57,1.44,340.13,188.11,152.02,345.2,2026,2026-04,Q2
ORD-003747,2026-05-08,Plus,UK,Partner,SMB,2,164.7,18.71,145.99,81.86,64.13,150.69,2026,2026-05,Q2
ORD-003748,2025-11-30,Plus,Germany,Partner,SMB,6,420.71,12.34,408.37,227.84,180.53,452.7,2025,2025-11,Q4
ORD-003749,2026-03-05,Core,US,Direct,SMB,5,203.56,2.76,200.8,86.31,114.49,195.43,2026,2026-03,Q1
ORD-003750,2025-06-10,Plus,US,Partner,Enterprise,4,291.63,10.51,281.12,127.1,154.02,307.5,2025,2025-06,Q2
ORD-003751,2025-05-04,Premium,India,Online,Enterprise,1,116.63,9.13,107.5,47.31,60.19,110.86,2025,2025-05,Q2
ORD-003752,2025-07-28,Core,India,Partner,Enterprise,4,188.46,5.36,183.1,81.93,101.17,183.47,2025,2025-07,Q3
ORD-003753,2026-02-28,Core,Germany,Direct,Mid-Market,2,86.07,2.55,83.52,47.15,36.37,86.95,2026,2026-02,Q1
ORD-003754,2026-07-09,Enterprise,UK,Online,Mid-Market,4,925.94,2.94,923.0,391.15,531.85,856.02,2026,2026-07,Q3
ORD-003755,2026-05-05,Enterprise,UK,Online,SMB,3,773.45,42.78,730.67,352.74,377.93,805.57,2026,2026-05,Q2
ORD-003756,2025-02-20,Plus,Germany,Online,SMB,7,565.8,8.48,557.32,310.56,246.76,540.94,2025,2025-02,Q1
ORD-003757,2025-10-03,Plus,India,Partner,Mid-Market,5,385.59,10.67,374.92,229.71,145.21,382.01,2025,2025-10,Q4
ORD-003758,2026-05-24,Premium,US,Direct,SMB,7,911.38,14.83,896.55,381.67,514.88,989.16,2026,2026-05,Q2
ORD-003759,2026-04-09,Enterprise,India,Partner,SMB,4,878.76,44.97,833.79,490.97,342.82,835.67,2026,2026-04,Q2
ORD-003760,2025-10-16,Premium,Germany,Direct,Enterprise,2,219.58,9.66,209.92,134.94,74.98,222.07,2025,2025-10,Q4
ORD-003761,2026-01-17,Core,UK,Online,SMB,4,182.75,4.05,178.7,88.3,90.4,170.86,2026,2026-01,Q1
ORD-003762,2026-01-02,Core,US,Online,SMB,2,81.06,0.35,80.71,52.88,27.83,73.71,2026,2026-01,Q1
ORD-003763,2026-05-24,Plus,UK,Online,SMB,2,150.75,0.61,150.14,91.67,58.47,150.81,2026,2026-05,Q2
ORD-003764,2025-06-15,Premium,India,Direct,Mid-Market,11,1332.65,13.58,1319.07,746.1,572.97,1467.24,2025,2025-06,Q2
ORD-003765,2025-09-19,Premium,US,Online,SMB,2,232.92,19.11,213.81,122.29,91.52,220.22,2025,2025-09,Q3
ORD-003766,2025-03-08,Core,US,Online,SMB,2,92.6,2.58,90.02,57.45,32.57,90.61,2025,2025-03,Q1
ORD-003767,2025-11-28,Plus,UK,Online,SMB,2,145.87,3.25,142.62,84.39,58.23,146.7,2025,2025-11,Q4
ORD-003768,2026-06-11,Premium,US,Online,SMB,2,255.38,0.91,254.47,138.27,116.2,252.88,2026,2026-06,Q2
ORD-003769,2025-06-28,Premium,UK,Direct,Mid-Market,2,255.32,16.22,239.1,109.18,129.92,254.61,2025,2025-06,Q2
ORD-003770,2025-11-21,Core,India,Online,SMB,2,87.11,2.85,84.26,49.09,35.17,83.47,2025,2025-11,Q4
ORD-003771,2025-12-05,Premium,UK,Online,Mid-Market,2,220.61,4.11,216.5,126.88,89.62,234.47,2025,2025-12,Q4
ORD-003772,2025-01-23,Plus,India,Direct,SMB,4,321.8,11.68,310.12,185.36,124.76,344.98,2025,2025-01,Q1
ORD-003773,2025-02-23,Premium,India,Direct,Enterprise,1,119.41,1.19,118.22,56.45,61.77,121.84,2025,2025-02,Q1
ORD-003774,2025-03-16,Enterprise,US,Direct,Enterprise,2,458.76,6.29,452.47,293.5,158.97,440.55,2025,2025-03,Q1
ORD-003775,2026-03-25,Enterprise,UK,Direct,Mid-Market,1,232.74,4.69,228.05,126.0,102.05,223.46,2026,2026-03,Q1
ORD-003776,2026-07-17,Plus,UAE,Online,SMB,7,537.02,2.9,534.12,290.47,243.65,524.56,2026,2026-07,Q3
ORD-003777,2026-01-20,Premium,India,Direct,Mid-Market,2,255.47,30.51,224.96,129.12,95.84,228.23,2026,2026-01,Q1
ORD-003778,2026-07-04,Enterprise,US,Direct,SMB,3,650.95,8.93,642.02,389.44,252.58,619.0,2026,2026-07,Q3
ORD-003779,2025-11-19,Core,Germany,Direct,Mid-Market,13,623.98,35.13,588.85,309.56,279.29,575.45,2025,2025-11,Q4
ORD-003780,2026-01-07,Premium,Germany,Direct,Mid-Market,6,655.89,40.49,615.4,341.95,273.45,691.2,2026,2026-01,Q1
ORD-003781,2026-03-19,Core,UK,Online,Enterprise,1,49.47,2.42,47.05,23.01,24.04,48.88,2026,2026-03,Q1
ORD-003782,2025-09-29,Premium,India,Partner,SMB,10,1255.28,4.54,1250.74,781.82,468.92,1384.07,2025,2025-09,Q3
ORD-003783,2025-08-01,Premium,UK,Direct,SMB,2,251.48,2.83,248.65,146.29,102.36,275.1,2025,2025-08,Q3
ORD-003784,2025-09-02,Plus,US,Partner,Enterprise,1,72.03,3.38,68.65,33.45,35.2,60.72,2025,2025-09,Q3
ORD-003785,2026-03-13,Plus,UK,Direct,SMB,6,471.99,27.14,444.85,187.7,257.15,426.73,2026,2026-03,Q1
ORD-003786,2025-06-05,Core,UK,Direct,Enterprise,3,146.45,3.71,142.74,94.04,48.7,136.68,2025,2025-06,Q2
ORD-003787,2026-06-09,Core,UK,Partner,Enterprise,5,210.64,3.53,207.11,127.08,80.03,224.14,2026,2026-06,Q2
ORD-003788,2025-10-04,Premium,India,Direct,SMB,1,131.4,4.16,127.24,62.15,65.09,131.68,2025,2025-10,Q4
ORD-003789,2025-03-17,Core,UK,Direct,SMB,5,212.11,6.26,205.85,115.64,90.21,189.87,2025,2025-03,Q1
ORD-003790,2025-08-23,Core,India,Direct,Mid-Market,2,95.24,6.09,89.15,42.4,46.75,100.38,2025,2025-08,Q3
ORD-003791,2025-11-04,Enterprise,India,Online,Mid-Market,10,2562.31,120.97,2441.34,1168.82,1272.52,2392.54,2025,2025-11,Q4
ORD-003792,2026-04-20,Enterprise,UK,Partner,Enterprise,2,505.0,15.32,489.68,240.5,249.18,457.98,2026,2026-04,Q2
ORD-003793,2026-02-06,Core,Germany,Online,Enterprise,3,143.44,10.1,133.34,61.1,72.24,133.21,2026,2026-02,Q1
ORD-003794,2025-04-22,Premium,US,Online,Mid-Market,3,387.07,35.73,351.34,221.55,129.79,396.2,2025,2025-04,Q2
ORD-003795,2025-07-20,Core,US,Direct,SMB,1,45.17,3.37,41.8,24.33,17.47,42.16,2025,2025-07,Q3
ORD-003796,2025-04-10,Premium,UK,Online,SMB,1,124.61,0.45,124.16,56.51,67.65,126.58,2025,2025-04,Q2
ORD-003797,2026-07-14,Core,Germany,Partner,Enterprise,2,96.6,3.33,93.27,55.11,38.16,92.8,2026,2026-07,Q3
ORD-003798,2026-04-19,Plus,UK,Partner,SMB,4,313.28,3.79,309.49,133.29,176.2,349.19,2026,2026-04,Q2
ORD-003799,2025-01-30,Core,India,Direct,Enterprise,2,94.25,0.1,94.15,43.76,50.39,98.69,2025,2025-01,Q1
ORD-003800,2025-02-08,Premium,UK,Direct,Mid-Market,1,127.28,13.09,114.19,56.05,58.14,106.56,2025,2025-02,Q1
ORD-003801,2026-01-27,Plus,India,Direct,SMB,2,154.35,16.69,137.66,69.43,68.23,146.92,2026,2026-01,Q1
ORD-003802,2026-03-14,Core,US,Direct,Mid-Market,1,45.31,1.63,43.68,27.02,16.66,44.89,2026,2026-03,Q1
ORD-003803,2026-01-17,Core,US,Direct,Mid-Market,1,49.31,1.84,47.47,25.21,22.26,43.81,2026,2026-01,Q1
ORD-003804,2025-03-12,Premium,Germany,Online,Enterprise,3,337.82,15.43,322.39,198.01,124.38,309.71,2025,2025-03,Q1
ORD-003805,2026-06-02,Premium,Germany,Online,Enterprise,2,237.88,17.79,220.09,95.17,124.92,236.57,2026,2026-06,Q2
ORD-003806,2025-04-26,Plus,India,Direct,Enterprise,3,228.41,8.22,220.19,124.63,95.56,233.48,2025,2025-04,Q2
ORD-003807,2025-09-15,Plus,UAE,Partner,SMB,3,227.72,8.33,219.39,139.22,80.17,245.8,2025,2025-09,Q3
ORD-003808,2025-09-14,Premium,UAE,Online,SMB,4,469.36,4.08,465.28,293.53,171.75,510.04,2025,2025-09,Q3
ORD-003809,2026-02-03,Core,UK,Online,Mid-Market,2,86.42,9.82,76.6,40.4,36.2,84.02,2026,2026-02,Q1
ORD-003810,2025-10-12,Plus,UK,Partner,Mid-Market,3,210.91,11.73,199.18,117.75,81.43,180.86,2025,2025-10,Q4
ORD-003811,2025-09-03,Core,US,Online,Enterprise,2,84.49,1.36,83.13,49.52,33.61,78.63,2025,2025-09,Q3
ORD-003812,2025-01-13,Premium,India,Partner,SMB,2,263.38,0.1,263.28,142.92,120.36,234.01,2025,2025-01,Q1
ORD-003813,2025-12-17,Enterprise,India,Direct,SMB,1,229.19,9.24,219.95,102.67,117.28,217.1,2025,2025-12,Q4
ORD-003814,2026-05-07,Enterprise,UK,Direct,Enterprise,2,479.3,28.26,451.04,261.9,189.14,436.23,2026,2026-05,Q2
ORD-003815,2026-07-08,Plus,India,Partner,Mid-Market,2,137.27,7.31,129.96,74.21,55.75,124.65,2026,2026-07,Q3
ORD-003816,2026-01-16,Enterprise,US,Online,Enterprise,4,894.14,58.04,836.1,517.11,318.99,787.47,2026,2026-01,Q1
ORD-003817,2026-07-17,Enterprise,Germany,Online,Enterprise,1,247.31,21.62,225.69,115.8,109.89,257.2,2026,2026-07,Q3
ORD-003818,2026-05-06,Core,UK,Partner,SMB,5,206.63,15.57,191.06,80.53,110.53,186.86,2026,2026-05,Q2
ORD-003819,2025-10-11,Core,Germany,Partner,SMB,1,42.77,1.81,40.96,26.16,14.8,37.05,2025,2025-10,Q4
ORD-003820,2026-03-01,Core,India,Direct,Mid-Market,7,309.95,13.29,296.66,160.43,136.23,301.42,2026,2026-03,Q1
ORD-003821,2025-07-17,Premium,Germany,Online,SMB,1,116.17,1.24,114.93,63.96,50.97,130.62,2025,2025-07,Q3
ORD-003822,2025-02-13,Plus,UK,Direct,Enterprise,1,70.05,3.64,66.41,38.76,27.65,64.7,2025,2025-02,Q1
ORD-003823,2025-02-25,Plus,UK,Online,Mid-Market,2,155.08,11.11,143.97,94.7,49.27,163.23,2025,2025-02,Q1
ORD-003824,2025-08-29,Core,UAE,Direct,Mid-Market,2,90.7,1.11,89.59,43.09,46.5,82.67,2025,2025-08,Q3
ORD-003825,2025-01-14,Core,UAE,Online,Enterprise,2,81.73,0.19,81.54,36.72,44.82,83.21,2025,2025-01,Q1
ORD-003826,2025-01-30,Core,Germany,Direct,SMB,2,85.36,5.33,80.03,38.06,41.97,79.49,2025,2025-01,Q1
ORD-003827,2026-06-21,Premium,Germany,Direct,SMB,1,125.19,4.79,120.4,53.59,66.81,133.1,2026,2026-06,Q2
ORD-003828,2026-02-12,Core,US,Direct,SMB,1,45.07,0.57,44.5,22.14,22.36,43.37,2026,2026-02,Q1
ORD-003829,2025-10-17,Core,UK,Partner,Enterprise,2,93.74,7.38,86.36,47.16,39.2,90.09,2025,2025-10,Q4
ORD-003830,2025-11-09,Enterprise,US,Online,Mid-Market,2,505.62,25.59,480.03,286.76,193.27,504.18,2025,2025-11,Q4
ORD-003831,2025-02-22,Plus,UK,Online,Mid-Market,2,135.88,4.36,131.52,83.54,47.98,143.67,2025,2025-02,Q1
ORD-003832,2026-02-28,Core,US,Direct,Mid-Market,1,45.07,2.63,42.44,18.75,23.69,44.14,2026,2026-02,Q1
ORD-003833,2025-07-14,Plus,UK,Partner,Mid-Market,2,137.72,4.38,133.34,79.15,54.19,148.97,2025,2025-07,Q3
ORD-003834,2025-08-02,Plus,UK,Direct,Enterprise,3,202.82,12.56,190.26,113.82,76.44,169.95,2025,2025-08,Q3
ORD-003835,2025-12-17,Core,Germany,Online,SMB,5,222.98,22.75,200.23,86.18,114.05,221.65,2025,2025-12,Q4
ORD-003836,2025-07-22,Plus,UAE,Online,Mid-Market,3,214.09,18.53,195.56,129.11,66.45,184.07,2025,2025-07,Q3
ORD-003837,2025-05-11,Core,US,Online,Mid-Market,2,90.0,1.05,88.95,58.29,30.66,86.98,2025,2025-05,Q2
ORD-003838,2025-06-15,Core,UK,Direct,Enterprise,1,46.05,0.99,45.06,26.14,18.92,44.96,2025,2025-06,Q2
ORD-003839,2026-03-28,Premium,India,Direct,SMB,2,259.2,35.56,223.64,125.28,98.36,236.98,2026,2026-03,Q1
ORD-003840,2026-01-16,Premium,UK,Online,Enterprise,4,439.21,14.12,425.09,247.93,177.16,419.65,2026,2026-01,Q1
ORD-003841,2025-03-23,Plus,Germany,Online,Enterprise,3,236.41,13.41,223.0,145.13,77.87,211.99,2025,2025-03,Q1
ORD-003842,2025-04-02,Core,India,Online,SMB,4,170.13,3.77,166.36,87.89,78.47,187.06,2025,2025-04,Q2
ORD-003843,2025-10-24,Core,UAE,Direct,Enterprise,4,164.06,8.16,155.9,92.94,62.96,157.86,2025,2025-10,Q4
ORD-003844,2025-03-10,Plus,India,Direct,Mid-Market,1,75.14,2.75,72.39,44.35,28.04,64.2,2025,2025-03,Q1
ORD-003845,2025-06-01,Plus,Germany,Direct,SMB,3,222.56,7.96,214.6,137.79,76.81,226.84,2025,2025-06,Q2
ORD-003846,2026-03-24,Plus,India,Direct,Mid-Market,4,297.01,13.77,283.24,182.19,101.05,267.66,2026,2026-03,Q1
ORD-003847,2026-03-11,Premium,UK,Partner,SMB,5,644.94,39.69,605.25,303.07,302.18,658.92,2026,2026-03,Q1
ORD-003848,2025-09-06,Core,UK,Direct,Enterprise,1,44.83,2.69,42.14,21.55,20.59,39.54,2025,2025-09,Q3
ORD-003849,2025-02-10,Plus,India,Direct,Mid-Market,2,148.75,12.77,135.98,78.58,57.4,133.8,2025,2025-02,Q1
ORD-003850,2025-05-02,Plus,US,Online,Enterprise,1,68.6,5.49,63.11,41.33,21.78,58.21,2025,2025-05,Q2
ORD-003851,2025-01-11,Core,Germany,Online,SMB,1,48.42,6.51,41.91,23.34,18.57,45.09,2025,2025-01,Q1
ORD-003852,2026-06-09,Core,Germany,Partner,Mid-Market,2,95.37,1.0,94.37,53.84,40.53,98.12,2026,2026-06,Q2
ORD-003853,2025-08-30,Core,India,Online,Enterprise,3,145.11,8.43,136.68,62.98,73.7,133.85,2025,2025-08,Q3
ORD-003854,2025-12-19,Plus,India,Direct,Enterprise,2,138.56,0.33,138.23,62.25,75.98,138.84,2025,2025-12,Q4
ORD-003855,2025-06-11,Premium,UK,Direct,SMB,3,382.5,16.32,366.18,240.31,125.87,400.14,2025,2025-06,Q2
ORD-003856,2025-02-28,Plus,UK,Direct,SMB,6,431.38,0.79,430.59,217.17,213.42,410.65,2025,2025-02,Q1
ORD-003857,2025-05-17,Enterprise,Germany,Online,Mid-Market,2,494.51,17.59,476.92,272.02,204.9,428.97,2025,2025-05,Q2
ORD-003858,2025-03-29,Plus,US,Partner,Mid-Market,3,205.95,10.4,195.55,91.79,103.76,174.63,2025,2025-03,Q1
ORD-003859,2026-07-03,Core,India,Direct,Enterprise,1,47.17,2.47,44.7,23.8,20.9,40.97,2026,2026-07,Q3
ORD-003860,2025-04-01,Plus,Germany,Partner,SMB,3,221.4,6.8,214.6,141.41,73.19,207.08,2025,2025-04,Q2
ORD-003861,2026-02-22,Plus,UK,Partner,SMB,1,72.56,0.87,71.69,40.85,30.84,78.63,2026,2026-02,Q1
ORD-003862,2025-01-03,Premium,US,Online,Enterprise,6,781.4,98.56,682.84,360.45,322.39,637.97,2025,2025-01,Q1
ORD-003863,2026-02-16,Core,India,Partner,Enterprise,1,47.58,0.37,47.21,20.2,27.01,48.09,2026,2026-02,Q1
ORD-003864,2025-02-09,Plus,US,Direct,SMB,3,225.32,4.14,221.18,136.02,85.16,223.72,2025,2025-02,Q1
ORD-003865,2025-08-29,Enterprise,UK,Online,SMB,1,229.47,2.76,226.71,123.13,103.58,234.09,2025,2025-08,Q3
ORD-003866,2026-02-27,Core,India,Direct,SMB,2,92.75,4.85,87.9,58.57,29.33,96.78,2026,2026-02,Q1
ORD-003867,2025-03-26,Plus,India,Partner,Mid-Market,2,150.42,8.31,142.11,73.17,68.94,127.89,2025,2025-03,Q1
ORD-003868,2026-02-10,Plus,US,Online,Enterprise,4,282.91,4.05,278.86,130.51,148.35,292.69,2026,2026-02,Q1
ORD-003869,2026-06-24,Enterprise,UK,Direct,SMB,3,690.96,27.74,663.22,321.96,341.26,647.32,2026,2026-06,Q2
ORD-003870,2026-04-10,Core,India,Online,Mid-Market,3,143.67,2.91,140.76,74.87,65.89,149.35,2026,2026-04,Q2
ORD-003871,2025-08-25,Enterprise,UK,Partner,Enterprise,10,2582.88,35.14,2547.74,1249.17,1298.57,2316.22,2025,2025-08,Q3
ORD-003872,2026-02-11,Enterprise,UAE,Direct,Mid-Market,2,465.72,25.54,440.18,284.11,156.07,488.24,2026,2026-02,Q1
ORD-003873,2025-07-17,Core,UK,Online,Mid-Market,2,84.89,0.58,84.31,53.9,30.41,82.08,2025,2025-07,Q3
ORD-003874,2026-07-13,Plus,UK,Direct,Enterprise,1,75.9,6.57,69.33,42.87,26.46,63.21,2026,2026-07,Q3
ORD-003875,2025-02-19,Core,UK,Online,SMB,2,81.95,1.06,80.89,47.58,33.31,86.56,2025,2025-02,Q1
ORD-003876,2026-07-07,Premium,India,Online,Mid-Market,1,109.33,0.54,108.79,47.68,61.11,104.19,2026,2026-07,Q3
ORD-003877,2026-03-13,Core,India,Direct,Mid-Market,1,47.07,2.08,44.99,25.16,19.83,42.53,2026,2026-03,Q1
ORD-003878,2025-06-17,Premium,Germany,Partner,SMB,1,123.21,3.55,119.66,60.64,59.02,126.09,2025,2025-06,Q2
ORD-003879,2026-04-09,Core,Germany,Online,SMB,1,43.57,0.22,43.35,21.37,21.98,40.02,2026,2026-04,Q2
ORD-003880,2025-05-17,Premium,India,Partner,Enterprise,1,111.78,10.25,101.53,53.44,48.09,109.69,2025,2025-05,Q2
ORD-003881,2026-01-25,Core,India,Partner,SMB,3,136.65,7.73,128.92,85.41,43.51,143.85,2026,2026-01,Q1
ORD-003882,2025-11-23,Core,US,Direct,Mid-Market,2,95.52,1.08,94.44,61.27,33.17,89.53,2025,2025-11,Q4
ORD-003883,2026-07-20,Core,US,Partner,SMB,4,184.12,8.0,176.12,117.91,58.21,157.16,2026,2026-07,Q3
ORD-003884,2025-04-09,Core,UAE,Direct,SMB,7,294.71,47.31,247.4,156.18,91.22,229.54,2025,2025-04,Q2
ORD-003885,2025-07-08,Plus,Germany,Partner,SMB,1,78.3,4.37,73.93,36.53,37.4,73.02,2025,2025-07,Q3
ORD-003886,2026-05-13,Enterprise,UK,Direct,SMB,4,881.46,26.48,854.98,430.06,424.92,853.19,2026,2026-05,Q2
ORD-003887,2026-04-28,Core,UAE,Partner,SMB,5,237.13,4.37,232.76,104.92,127.84,239.31,2026,2026-04,Q2
ORD-003888,2025-09-30,Premium,UK,Online,Enterprise,2,220.35,12.9,207.45,101.79,105.66,193.26,2025,2025-09,Q3
ORD-003889,2026-04-06,Core,Germany,Direct,SMB,4,192.57,14.7,177.87,83.85,94.02,192.72,2026,2026-04,Q2
ORD-003890,2025-05-07,Core,Germany,Direct,Mid-Market,4,193.28,4.01,189.27,106.74,82.53,207.92,2025,2025-05,Q2
ORD-003891,2026-04-29,Enterprise,US,Partner,Enterprise,2,488.87,29.62,459.25,270.34,188.91,486.65,2026,2026-04,Q2
ORD-003892,2025-03-21,Premium,US,Direct,SMB,5,564.49,10.21,554.28,238.8,315.48,606.05,2025,2025-03,Q1
ORD-003893,2025-02-27,Enterprise,UK,Online,Mid-Market,1,217.57,5.5,212.07,106.74,105.33,219.79,2025,2025-02,Q1
ORD-003894,2025-05-10,Enterprise,India,Direct,Enterprise,2,524.75,2.56,522.19,331.69,190.5,579.56,2025,2025-05,Q2
ORD-003895,2025-01-28,Enterprise,UAE,Direct,SMB,1,250.05,9.21,240.84,136.21,104.63,228.79,2025,2025-01,Q1
ORD-003896,2026-06-28,Core,UAE,Online,SMB,4,177.71,7.04,170.67,104.69,65.98,164.36,2026,2026-06,Q2
ORD-003897,2025-01-15,Enterprise,India,Online,Enterprise,2,479.59,12.4,467.19,205.38,261.81,469.05,2025,2025-01,Q1
ORD-003898,2026-04-01,Core,India,Direct,SMB,5,235.9,17.62,218.28,133.61,84.67,228.93,2026,2026-04,Q2
ORD-003899,2025-07-20,Premium,India,Direct,SMB,1,129.24,7.19,122.05,55.26,66.79,121.26,2025,2025-07,Q3
ORD-003900,2025-07-27,Plus,US,Direct,SMB,1,75.01,1.35,73.66,35.66,38.0,70.73,2025,2025-07,Q3
ORD-003901,2025-07-25,Enterprise,UK,Partner,Mid-Market,2,449.91,28.12,421.79,210.18,211.61,474.36,2025,2025-07,Q3
ORD-003902,2026-04-20,Premium,Germany,Direct,SMB,4,471.13,70.57,400.56,170.6,229.96,425.45,2026,2026-04,Q2
ORD-003903,2026-01-18,Premium,India,Partner,Mid-Market,3,359.54,16.92,342.62,202.19,140.43,349.52,2026,2026-01,Q1
ORD-003904,2026-04-03,Enterprise,Germany,Online,SMB,4,1031.6,44.23,987.37,612.6,374.77,907.69,2026,2026-04,Q2
ORD-003905,2025-02-16,Plus,Germany,Online,SMB,4,281.3,15.26,266.04,165.29,100.75,291.31,2025,2025-02,Q1
ORD-003906,2026-05-01,Plus,UAE,Partner,Mid-Market,1,81.99,3.98,78.01,44.63,33.38,76.84,2026,2026-05,Q2
ORD-003907,2025-05-31,Core,US,Direct,SMB,5,209.75,3.74,206.01,108.44,97.57,221.26,2025,2025-05,Q2
ORD-003908,2026-05-19,Enterprise,Germany,Partner,Mid-Market,1,250.41,4.51,245.9,136.28,109.62,247.08,2026,2026-05,Q2
ORD-003909,2025-12-29,Core,UK,Direct,Enterprise,1,40.79,0.88,39.91,17.35,22.56,36.24,2025,2025-12,Q4
ORD-003910,2025-04-25,Premium,UK,Online,SMB,1,118.67,3.04,115.63,76.29,39.34,108.37,2025,2025-04,Q2
ORD-003911,2025-07-11,Core,Germany,Direct,SMB,2,81.01,2.05,78.96,40.39,38.57,75.98,2025,2025-07,Q3
ORD-003912,2026-05-05,Enterprise,India,Online,SMB,2,442.98,49.26,393.72,228.22,165.5,360.7,2026,2026-05,Q2
ORD-003913,2026-04-07,Premium,India,Direct,SMB,1,126.23,1.16,125.07,83.24,41.83,128.5,2026,2026-04,Q2
ORD-003914,2026-02-12,Premium,US,Partner,SMB,5,595.94,40.57,555.37,296.27,259.1,498.04,2026,2026-02,Q1
ORD-003915,2026-07-20,Premium,UK,Direct,SMB,4,450.78,11.08,439.7,242.5,197.2,470.53,2026,2026-07,Q3
ORD-003916,2025-08-05,Premium,UAE,Direct,Enterprise,3,354.47,9.78,344.69,150.46,194.23,365.4,2025,2025-08,Q3
ORD-003917,2025-02-05,Plus,UAE,Online,Enterprise,4,315.36,0.71,314.65,199.48,115.17,322.63,2025,2025-02,Q1
ORD-003918,2025-06-20,Core,Germany,Online,Mid-Market,1,45.07,1.86,43.21,22.54,20.67,40.08,2025,2025-06,Q2
ORD-003919,2025-06-25,Enterprise,Germany,Partner,SMB,2,493.89,27.15,466.74,310.27,156.47,424.42,2025,2025-06,Q2
ORD-003920,2026-01-10,Enterprise,UK,Partner,Mid-Market,1,253.88,13.9,239.98,152.05,87.93,259.28,2026,2026-01,Q1
ORD-003921,2025-03-30,Premium,US,Online,SMB,2,261.2,7.57,253.63,110.36,143.27,287.6,2025,2025-03,Q1
ORD-003922,2025-01-19,Core,India,Partner,Mid-Market,2,89.03,6.33,82.7,49.63,33.07,90.55,2025,2025-01,Q1
ORD-003923,2026-06-01,Enterprise,UK,Direct,SMB,1,238.5,6.91,231.59,148.9,82.69,261.85,2026,2026-06,Q2
ORD-003924,2025-05-12,Premium,India,Online,Enterprise,2,259.21,21.04,238.17,125.86,112.31,270.68,2025,2025-05,Q2
ORD-003925,2026-06-14,Core,UK,Direct,Mid-Market,2,98.7,2.68,96.02,53.73,42.29,108.51,2026,2026-06,Q2
ORD-003926,2026-05-18,Core,UK,Partner,Mid-Market,1,40.76,1.02,39.74,21.86,17.88,44.91,2026,2026-05,Q2
ORD-003927,2025-07-28,Enterprise,UK,Online,Enterprise,2,478.16,47.79,430.37,205.75,224.62,419.07,2025,2025-07,Q3
ORD-003928,2025-09-30,Enterprise,India,Partner,SMB,5,1131.58,21.83,1109.75,625.64,484.11,1019.73,2025,2025-09,Q3
ORD-003929,2025-06-11,Premium,India,Direct,Enterprise,1,117.32,3.61,113.71,64.08,49.63,127.34,2025,2025-06,Q2
ORD-003930,2026-02-04,Premium,Germany,Direct,SMB,4,440.13,20.92,419.21,250.67,168.54,464.92,2026,2026-02,Q1
ORD-003931,2026-05-23,Plus,India,Direct,SMB,2,136.69,17.17,119.52,62.03,57.49,106.96,2026,2026-05,Q2
ORD-003932,2025-07-14,Enterprise,UAE,Online,Mid-Market,3,782.4,109.52,672.88,360.1,312.78,636.45,2025,2025-07,Q3
ORD-003933,2026-02-03,Enterprise,US,Partner,Mid-Market,5,1298.04,55.42,1242.62,750.37,492.25,1168.86,2026,2026-02,Q1
ORD-003934,2026-05-27,Enterprise,India,Direct,Enterprise,1,217.52,2.78,214.74,91.33,123.41,195.06,2026,2026-05,Q2
ORD-003935,2026-03-03,Enterprise,India,Direct,SMB,5,1082.83,40.71,1042.12,558.49,483.63,965.76,2026,2026-03,Q1
ORD-003936,2025-04-04,Premium,US,Direct,SMB,5,567.83,31.95,535.88,227.37,308.51,522.95,2025,2025-04,Q2
ORD-003937,2025-11-30,Enterprise,US,Partner,SMB,1,258.33,15.22,243.11,161.27,81.84,251.34,2025,2025-11,Q4
ORD-003938,2026-01-05,Enterprise,Germany,Direct,Mid-Market,3,672.06,11.21,660.85,432.03,228.82,590.81,2026,2026-01,Q1
ORD-003939,2026-03-15,Enterprise,US,Partner,Enterprise,1,217.75,11.24,206.51,118.46,88.05,195.7,2026,2026-03,Q1
ORD-003940,2025-02-01,Premium,India,Direct,Enterprise,1,109.32,8.27,101.05,43.75,57.3,98.42,2025,2025-02,Q1
ORD-003941,2025-03-15,Core,UAE,Partner,SMB,4,173.16,4.9,168.26,89.93,78.33,152.6,2025,2025-03,Q1
ORD-003942,2025-05-06,Plus,US,Partner,Enterprise,1,73.96,1.38,72.58,37.05,35.53,72.35,2025,2025-05,Q2
ORD-003943,2025-05-27,Premium,UK,Online,Enterprise,4,519.67,14.05,505.62,241.94,263.68,540.39,2025,2025-05,Q2
ORD-003944,2025-05-20,Plus,Germany,Direct,SMB,3,212.47,7.28,205.19,90.65,114.54,217.61,2025,2025-05,Q2
ORD-003945,2025-07-10,Premium,Germany,Online,Enterprise,3,366.06,8.09,357.97,231.55,126.42,397.29,2025,2025-07,Q3
ORD-003946,2025-03-11,Core,UK,Online,SMB,2,84.85,1.24,83.61,36.83,46.78,90.37,2025,2025-03,Q1
ORD-003947,2025-09-28,Core,UK,Online,SMB,2,98.68,3.67,95.01,63.62,31.39,86.21,2025,2025-09,Q3
ORD-003948,2026-04-28,Core,India,Direct,SMB,2,89.41,4.35,85.06,46.84,38.22,86.33,2026,2026-04,Q2
ORD-003949,2026-05-23,Premium,UK,Partner,SMB,1,112.87,0.07,112.8,65.04,47.76,107.64,2026,2026-05,Q2
ORD-003950,2026-06-27,Core,UAE,Online,Enterprise,2,89.22,2.21,87.01,42.87,44.14,77.03,2026,2026-06,Q2
ORD-003951,2025-05-13,Enterprise,Germany,Direct,SMB,2,486.05,13.04,473.01,209.05,263.96,480.54,2025,2025-05,Q2
ORD-003952,2025-07-07,Core,UK,Direct,Mid-Market,2,81.52,3.47,78.05,40.95,37.1,70.23,2025,2025-07,Q3
ORD-003953,2026-07-23,Core,UK,Online,Enterprise,2,85.0,0.68,84.32,56.32,28.0,83.0,2026,2026-07,Q3
ORD-003954,2025-07-11,Enterprise,US,Online,SMB,5,1180.27,6.66,1173.61,662.75,510.86,1077.39,2025,2025-07,Q3
ORD-003955,2025-05-17,Plus,UK,Direct,SMB,5,350.01,36.17,313.84,162.06,151.78,349.04,2025,2025-05,Q2
ORD-003956,2025-05-21,Enterprise,Germany,Direct,SMB,2,439.41,10.99,428.42,226.2,202.22,452.41,2025,2025-05,Q2
ORD-003957,2025-03-30,Plus,Germany,Partner,Enterprise,4,274.83,16.4,258.43,110.61,147.82,272.66,2025,2025-03,Q1
ORD-003958,2026-07-03,Enterprise,India,Online,Enterprise,4,946.45,15.8,930.65,457.31,473.34,924.47,2026,2026-07,Q3
ORD-003959,2026-01-11,Premium,US,Partner,Mid-Market,3,352.44,0.85,351.59,159.16,192.43,375.82,2026,2026-01,Q1
ORD-003960,2025-04-19,Enterprise,Germany,Direct,SMB,4,901.84,9.04,892.8,554.79,338.01,929.33,2025,2025-04,Q2
ORD-003961,2025-04-23,Core,India,Direct,Enterprise,6,248.8,4.04,244.76,105.08,139.68,239.91,2025,2025-04,Q2
ORD-003962,2026-05-11,Premium,Germany,Direct,Mid-Market,5,638.32,31.22,607.1,289.99,317.11,632.7,2026,2026-05,Q2
ORD-003963,2025-02-02,Enterprise,UK,Direct,SMB,1,228.91,8.18,220.73,112.1,108.63,237.84,2025,2025-02,Q1
ORD-003964,2025-06-26,Core,India,Online,SMB,5,238.99,7.82,231.17,146.54,84.63,234.07,2025,2025-06,Q2
ORD-003965,2025-03-31,Premium,US,Partner,Enterprise,2,251.35,1.8,249.55,138.98,110.57,235.7,2025,2025-03,Q1
ORD-003966,2026-04-17,Core,UK,Online,SMB,2,83.05,1.65,81.4,35.8,45.6,79.13,2026,2026-04,Q2
ORD-003967,2026-06-02,Enterprise,UK,Partner,Enterprise,2,465.85,38.03,427.82,193.99,233.83,432.0,2026,2026-06,Q2
ORD-003968,2025-06-14,Enterprise,UAE,Online,SMB,2,517.7,38.0,479.7,218.87,260.83,536.68,2025,2025-06,Q2
ORD-003969,2025-03-29,Core,India,Direct,Enterprise,2,81.07,1.56,79.51,50.75,28.76,85.86,2025,2025-03,Q1
ORD-003970,2025-05-22,Premium,India,Direct,SMB,1,117.9,2.9,115.0,69.62,45.38,103.62,2025,2025-05,Q2
ORD-003971,2026-05-19,Core,UK,Direct,SMB,1,49.42,1.77,47.65,29.66,17.99,49.47,2026,2026-05,Q2
ORD-003972,2026-05-16,Core,US,Direct,Enterprise,1,43.51,0.34,43.17,27.94,15.23,45.88,2026,2026-05,Q2
ORD-003973,2025-04-17,Plus,UK,Online,Enterprise,6,493.29,12.56,480.73,313.47,167.26,426.3,2025,2025-04,Q2
ORD-003974,2025-06-27,Core,US,Online,SMB,2,90.78,3.07,87.71,54.46,33.25,92.05,2025,2025-06,Q2
ORD-003975,2025-05-31,Premium,Germany,Direct,Enterprise,2,248.0,19.11,228.89,103.34,125.55,202.6,2025,2025-05,Q2
ORD-003976,2025-09-04,Premium,Germany,Online,Mid-Market,1,128.7,12.05,116.65,63.31,53.34,125.63,2025,2025-09,Q3
ORD-003977,2025-04-17,Plus,UK,Direct,SMB,4,285.16,2.26,282.9,170.55,112.35,262.99,2025,2025-04,Q2
ORD-003978,2026-07-13,Premium,UK,Direct,Mid-Market,3,345.56,41.42,304.14,146.63,157.51,317.06,2026,2026-07,Q3
ORD-003979,2025-01-26,Core,US,Direct,Mid-Market,1,42.34,2.59,39.75,25.43,14.32,35.64,2025,2025-01,Q1
ORD-003980,2025-09-28,Core,UAE,Direct,Enterprise,3,136.26,6.73,129.53,77.25,52.28,118.42,2025,2025-09,Q3
ORD-003981,2025-01-14,Enterprise,India,Online,Enterprise,2,480.6,74.01,406.59,230.66,175.93,432.82,2025,2025-01,Q1
ORD-003982,2025-03-01,Plus,Germany,Partner,SMB,2,147.03,14.32,132.71,74.09,58.62,140.66,2025,2025-03,Q1
ORD-003983,2025-12-31,Core,India,Direct,Enterprise,3,128.46,7.64,120.82,53.94,66.88,121.08,2025,2025-12,Q4
ORD-003984,2026-04-16,Plus,India,Online,SMB,2,138.01,5.6,132.41,56.74,75.67,138.1,2026,2026-04,Q2
ORD-003985,2026-04-06,Plus,India,Direct,Enterprise,4,310.56,1.3,309.26,202.45,106.81,346.5,2026,2026-04,Q2
ORD-003986,2026-01-03,Core,India,Online,Mid-Market,1,48.05,0.19,47.86,26.31,21.55,48.07,2026,2026-01,Q1
ORD-003987,2025-11-19,Enterprise,UAE,Partner,Mid-Market,2,433.73,8.76,424.97,225.34,199.63,455.62,2025,2025-11,Q4
ORD-003988,2026-05-06,Core,India,Partner,SMB,4,192.34,10.0,182.34,91.03,91.31,190.94,2026,2026-05,Q2
ORD-003989,2026-03-18,Core,UK,Partner,SMB,6,280.01,20.68,259.33,124.92,134.41,242.39,2026,2026-03,Q1
ORD-003990,2026-04-25,Enterprise,India,Direct,Enterprise,1,232.74,19.64,213.1,127.36,85.74,227.57,2026,2026-04,Q2
ORD-003991,2026-01-04,Plus,UAE,Direct,Mid-Market,2,159.53,3.27,156.26,70.47,85.79,153.83,2026,2026-01,Q1
ORD-003992,2026-05-15,Plus,India,Direct,SMB,5,402.19,11.25,390.94,184.89,206.05,355.48,2026,2026-05,Q2
ORD-003993,2025-05-21,Enterprise,UK,Partner,Mid-Market,3,649.32,47.88,601.44,268.61,332.83,641.09,2025,2025-05,Q2
ORD-003994,2025-02-05,Enterprise,US,Online,SMB,2,523.57,24.95,498.62,333.53,165.09,456.32,2025,2025-02,Q1
ORD-003995,2025-05-25,Premium,Germany,Partner,Mid-Market,2,221.9,4.54,217.36,122.3,95.06,235.13,2025,2025-05,Q2
ORD-003996,2025-06-22,Core,India,Direct,SMB,2,86.49,7.69,78.8,47.59,31.21,89.28,2025,2025-06,Q2
ORD-003997,2025-01-27,Premium,UAE,Direct,SMB,2,229.17,2.63,226.54,118.1,108.44,232.59,2025,2025-01,Q1
ORD-003998,2025-12-23,Core,US,Direct,Enterprise,1,45.65,0.41,45.24,21.61,23.63,46.83,2025,2025-12,Q4
ORD-003999,2025-01-13,Premium,UK,Online,SMB,3,346.39,11.76,334.63,158.79,175.84,348.09,2025,2025-01,Q1
ORD-004000,2026-04-02,Core,UAE,Partner,Enterprise,2,98.61,0.74,97.87,46.38,51.49,86.51,2026,2026-04,Q2
ORD-004001,2026-04-18,Plus,India,Online,Mid-Market,1,70.2,1.22,68.98,34.67,34.31,62.57,2026,2026-04,Q2
ORD-004002,2026-02-20,Core,US,Partner,Enterprise,2,93.4,0.95,92.45,43.21,49.24,96.78,2026,2026-02,Q1
ORD-004003,2026-04-27,Core,Germany,Direct,SMB,3,130.1,5.42,124.68,56.68,68.0,129.23,2026,2026-04,Q2
ORD-004004,2025-02-05,Enterprise,UAE,Online,SMB,3,711.36,114.19,597.17,367.16,230.01,602.49,2025,2025-02,Q1
ORD-004005,2025-01-29,Plus,UAE,Direct,Enterprise,2,140.39,1.5,138.89,72.4,66.49,147.99,2025,2025-01,Q1
ORD-004006,2025-10-17,Enterprise,US,Online,SMB,5,1190.8,2.56,1188.24,500.97,687.27,1304.46,2025,2025-10,Q4
ORD-004007,2026-03-25,Plus,UK,Direct,SMB,1,70.39,3.59,66.8,28.27,38.53,65.64,2026,2026-03,Q1
ORD-004008,2025-07-08,Enterprise,UK,Direct,SMB,1,241.41,9.1,232.31,104.61,127.7,258.63,2025,2025-07,Q3
ORD-004009,2026-04-20,Premium,US,Online,Mid-Market,4,469.46,38.32,431.14,198.21,232.93,485.88,2026,2026-04,Q2
ORD-004010,2025-02-26,Premium,US,Direct,Enterprise,5,631.96,4.45,627.51,370.66,256.85,669.16,2025,2025-02,Q1
ORD-004011,2026-05-27,Core,UK,Online,SMB,2,94.24,2.14,92.1,46.08,46.02,104.2,2026,2026-05,Q2
ORD-004012,2026-03-21,Premium,UK,Direct,Mid-Market,2,254.39,29.38,225.01,141.05,83.96,255.89,2026,2026-03,Q1
ORD-004013,2025-12-22,Premium,UK,Direct,SMB,1,111.54,2.61,108.93,60.89,48.04,109.04,2025,2025-12,Q4
ORD-004014,2025-08-27,Core,Germany,Direct,Mid-Market,4,176.23,3.04,173.19,72.9,100.29,184.1,2025,2025-08,Q3
ORD-004015,2025-01-11,Enterprise,UK,Partner,Mid-Market,3,739.43,110.2,629.23,293.66,335.57,712.19,2025,2025-01,Q1
ORD-004016,2025-10-08,Plus,UAE,Online,SMB,3,205.63,5.66,199.97,103.09,96.88,215.21,2025,2025-10,Q4
ORD-004017,2026-03-09,Core,US,Partner,Mid-Market,1,40.86,1.53,39.33,20.72,18.61,43.21,2026,2026-03,Q1
ORD-004018,2026-04-11,Core,UK,Online,Mid-Market,2,86.03,4.43,81.6,43.95,37.65,73.97,2026,2026-04,Q2
ORD-004019,2025-07-30,Enterprise,India,Direct,Mid-Market,1,257.07,20.7,236.37,127.09,109.28,213.67,2025,2025-07,Q3
ORD-004020,2026-04-28,Premium,UK,Online,Enterprise,3,324.9,6.17,318.73,143.9,174.83,294.9,2026,2026-04,Q2
ORD-004021,2025-11-22,Plus,Germany,Direct,Enterprise,6,440.72,17.14,423.58,256.5,167.08,461.55,2025,2025-11,Q4
ORD-004022,2025-04-24,Enterprise,US,Partner,Mid-Market,3,694.21,4.4,689.81,325.45,364.36,634.45,2025,2025-04,Q2
ORD-004023,2026-02-17,Plus,India,Online,Enterprise,3,231.06,5.38,225.68,131.16,94.52,243.29,2026,2026-02,Q1
ORD-004024,2025-06-13,Plus,UK,Partner,Enterprise,6,492.82,43.11,449.71,227.43,222.28,409.06,2025,2025-06,Q2
ORD-004025,2026-03-23,Premium,US,Online,SMB,6,782.3,1.06,781.24,357.57,423.67,843.05,2026,2026-03,Q1
ORD-004026,2025-08-04,Plus,US,Direct,Enterprise,2,158.01,9.26,148.75,96.12,52.63,145.14,2025,2025-08,Q3
ORD-004027,2025-05-09,Premium,UK,Direct,SMB,3,332.17,17.87,314.3,206.52,107.78,341.64,2025,2025-05,Q2
ORD-004028,2025-02-28,Enterprise,Germany,Direct,SMB,7,1678.69,66.49,1612.2,845.25,766.95,1539.57,2025,2025-02,Q1
ORD-004029,2025-04-23,Enterprise,UK,Direct,SMB,2,523.9,25.74,498.16,311.44,186.72,440.03,2025,2025-04,Q2
ORD-004030,2026-04-12,Core,UK,Direct,Mid-Market,1,43.56,0.29,43.27,21.88,21.39,42.48,2026,2026-04,Q2
ORD-004031,2025-08-05,Premium,UK,Direct,SMB,2,224.47,4.51,219.96,123.51,96.45,206.29,2025,2025-08,Q3
ORD-004032,2025-09-09,Core,India,Online,Enterprise,1,44.19,0.22,43.97,19.46,24.51,48.87,2025,2025-09,Q3
ORD-004033,2025-12-12,Plus,UK,Partner,Enterprise,2,150.66,6.78,143.88,93.57,50.31,151.2,2025,2025-12,Q4
ORD-004034,2026-03-09,Core,UK,Partner,Enterprise,2,96.85,4.37,92.48,52.32,40.16,97.91,2026,2026-03,Q1
ORD-004035,2025-07-05,Core,US,Direct,SMB,1,42.87,1.45,41.42,24.74,16.68,40.63,2025,2025-07,Q3
ORD-004036,2025-11-05,Enterprise,UK,Partner,Mid-Market,1,247.07,16.59,230.48,97.3,133.18,215.54,2025,2025-11,Q4
ORD-004037,2025-04-22,Enterprise,US,Direct,SMB,5,1291.24,152.81,1138.43,754.34,384.09,1017.47,2025,2025-04,Q2
ORD-004038,2025-03-19,Enterprise,Germany,Direct,Mid-Market,2,466.21,3.88,462.33,251.76,210.57,490.83,2025,2025-03,Q1
ORD-004039,2026-06-01,Plus,UAE,Online,SMB,3,233.62,20.67,212.95,95.28,117.67,221.89,2026,2026-06,Q2
ORD-004040,2025-12-21,Premium,India,Partner,Enterprise,3,371.57,8.11,363.46,225.91,137.55,344.04,2025,2025-12,Q4
ORD-004041,2025-02-21,Core,UK,Direct,Mid-Market,7,327.28,1.11,326.17,144.31,181.86,294.61,2025,2025-02,Q1
ORD-004042,2025-04-12,Plus,India,Online,Enterprise,4,301.83,2.65,299.18,191.7,107.48,323.16,2025,2025-04,Q2
ORD-004043,2025-07-07,Premium,India,Direct,SMB,2,230.85,0.98,229.87,111.19,118.68,229.19,2025,2025-07,Q3
ORD-004044,2025-04-21,Premium,Germany,Partner,Mid-Market,5,574.16,25.18,548.98,291.92,257.06,603.4,2025,2025-04,Q2
ORD-004045,2025-03-05,Core,Germany,Online,SMB,3,147.8,4.72,143.08,79.91,63.17,134.08,2025,2025-03,Q1
ORD-004046,2025-11-26,Premium,Germany,Partner,SMB,3,328.8,4.04,324.76,152.81,171.95,315.19,2025,2025-11,Q4
ORD-004047,2026-02-23,Premium,Germany,Online,Mid-Market,3,326.76,18.72,308.04,154.49,153.55,284.23,2026,2026-02,Q1
ORD-004048,2025-02-19,Core,UAE,Partner,Enterprise,4,191.49,3.44,188.05,102.23,85.82,212.11,2025,2025-02,Q1
ORD-004049,2025-01-01,Premium,India,Direct,SMB,6,717.37,2.8,714.57,379.51,335.06,764.14,2025,2025-01,Q1
ORD-004050,2025-06-30,Premium,UAE,Online,Mid-Market,2,220.56,6.12,214.44,140.53,73.91,241.57,2025,2025-06,Q2
ORD-004051,2025-09-16,Plus,US,Online,SMB,3,206.04,1.04,205.0,104.92,100.08,207.47,2025,2025-09,Q3
ORD-004052,2026-05-18,Premium,Germany,Direct,SMB,5,634.39,3.91,630.48,295.83,334.65,653.17,2026,2026-05,Q2
ORD-004053,2025-09-11,Core,UK,Online,SMB,6,245.1,16.14,228.96,111.26,117.7,203.06,2025,2025-09,Q3
ORD-004054,2025-06-13,Core,US,Partner,SMB,2,94.44,0.82,93.62,45.81,47.81,88.54,2025,2025-06,Q2
ORD-004055,2025-04-24,Enterprise,UK,Partner,SMB,2,480.71,10.85,469.86,276.2,193.66,427.74,2025,2025-04,Q2
ORD-004056,2025-06-05,Enterprise,India,Partner,Mid-Market,2,445.82,35.71,410.11,186.44,223.67,378.03,2025,2025-06,Q2
ORD-004057,2025-08-17,Plus,UK,Partner,SMB,6,487.97,16.6,471.37,211.96,259.41,496.24,2025,2025-08,Q3
ORD-004058,2025-06-21,Plus,UK,Partner,SMB,3,247.29,21.86,225.43,113.16,112.27,215.38,2025,2025-06,Q2
ORD-004059,2026-02-16,Premium,India,Partner,Mid-Market,2,230.53,15.26,215.27,106.42,108.85,207.79,2026,2026-02,Q1
ORD-004060,2025-09-03,Premium,India,Partner,SMB,5,542.64,19.95,522.69,319.96,202.73,496.38,2025,2025-09,Q3
ORD-004061,2026-07-09,Premium,India,Online,Mid-Market,6,719.33,10.08,709.25,318.06,391.19,773.58,2026,2026-07,Q3
ORD-004062,2025-07-14,Core,US,Direct,Mid-Market,2,90.71,0.77,89.94,47.82,42.12,81.28,2025,2025-07,Q3
ORD-004063,2025-05-04,Premium,Germany,Online,SMB,4,515.14,33.63,481.51,243.1,238.41,431.57,2025,2025-05,Q2
ORD-004064,2026-01-15,Core,Germany,Direct,Enterprise,5,214.48,2.75,211.73,111.69,100.04,210.16,2026,2026-01,Q1
ORD-004065,2026-07-24,Core,India,Direct,SMB,3,141.92,11.77,130.15,69.72,60.43,144.46,2026,2026-07,Q3
ORD-004066,2026-02-13,Enterprise,Germany,Partner,Mid-Market,1,250.04,2.1,247.94,132.21,115.73,233.28,2026,2026-02,Q1
ORD-004067,2026-06-08,Core,India,Partner,SMB,3,144.05,3.09,140.96,76.91,64.05,158.99,2026,2026-06,Q2
ORD-004068,2026-04-28,Plus,UK,Direct,SMB,2,162.77,4.42,158.35,105.18,53.17,140.31,2026,2026-04,Q2
ORD-004069,2025-04-10,Core,Germany,Direct,Enterprise,2,88.43,11.3,77.13,41.71,35.42,85.65,2025,2025-04,Q2
ORD-004070,2025-06-18,Premium,US,Online,SMB,3,372.81,14.71,358.1,185.4,172.7,320.16,2025,2025-06,Q2
ORD-004071,2026-06-02,Core,India,Partner,Mid-Market,5,236.07,9.0,227.07,138.87,88.2,216.46,2026,2026-06,Q2
ORD-004072,2025-10-20,Core,UAE,Partner,Enterprise,1,46.72,1.67,45.05,25.23,19.82,48.59,2025,2025-10,Q4
ORD-004073,2026-03-23,Core,US,Online,Mid-Market,2,83.37,5.07,78.3,51.77,26.53,76.07,2026,2026-03,Q1
ORD-004074,2025-11-27,Enterprise,India,Online,SMB,3,678.33,19.31,659.02,422.46,236.56,587.92,2025,2025-11,Q4
ORD-004075,2025-12-06,Plus,UK,Online,Enterprise,5,362.67,18.53,344.14,225.72,118.42,383.73,2025,2025-12,Q4
ORD-004076,2026-05-02,Premium,Germany,Partner,Enterprise,5,648.11,31.13,616.98,387.81,229.17,597.39,2026,2026-05,Q2
ORD-004077,2025-03-31,Premium,UK,Direct,Enterprise,2,224.47,20.33,204.14,93.35,110.79,203.15,2025,2025-03,Q1
ORD-004078,2026-03-08,Premium,UK,Online,SMB,3,364.9,6.39,358.51,221.23,137.28,382.69,2026,2026-03,Q1
ORD-004079,2025-10-16,Premium,Germany,Online,Mid-Market,3,356.58,20.87,335.71,192.76,142.95,336.09,2025,2025-10,Q4
ORD-004080,2026-03-06,Plus,Germany,Online,SMB,1,70.42,0.72,69.7,37.59,32.11,74.17,2026,2026-03,Q1
ORD-004081,2025-01-27,Premium,India,Direct,SMB,1,108.94,9.0,99.94,44.63,55.31,100.83,2025,2025-01,Q1
ORD-004082,2025-11-15,Premium,India,Online,Enterprise,1,109.64,7.99,101.65,46.4,55.25,95.84,2025,2025-11,Q4
ORD-004083,2026-06-23,Core,US,Direct,Mid-Market,2,91.42,1.5,89.92,49.72,40.2,88.13,2026,2026-06,Q2
ORD-004084,2026-07-10,Plus,India,Partner,SMB,2,152.51,12.57,139.94,86.19,53.75,143.87,2026,2026-07,Q3
ORD-004085,2026-02-06,Enterprise,UK,Online,Enterprise,6,1303.82,51.82,1252.0,561.97,690.03,1347.46,2026,2026-02,Q1
ORD-004086,2026-03-23,Enterprise,Germany,Direct,Mid-Market,1,227.88,0.26,227.62,136.1,91.52,222.76,2026,2026-03,Q1
ORD-004087,2025-05-18,Plus,UK,Direct,SMB,1,72.36,2.03,70.33,42.74,27.59,68.97,2025,2025-05,Q2
ORD-004088,2026-05-12,Premium,Germany,Online,Mid-Market,2,253.37,10.52,242.85,124.1,118.75,264.05,2026,2026-05,Q2
ORD-004089,2025-07-14,Plus,US,Online,SMB,4,270.39,17.35,253.04,163.41,89.63,226.07,2025,2025-07,Q3
ORD-004090,2026-04-27,Premium,Germany,Direct,Mid-Market,5,613.24,46.96,566.28,274.92,291.36,549.0,2026,2026-04,Q2
ORD-004091,2026-04-21,Premium,Germany,Direct,SMB,3,350.65,8.12,342.53,147.18,195.35,375.13,2026,2026-04,Q2
ORD-004092,2025-10-04,Premium,India,Online,SMB,4,508.37,13.0,495.37,291.85,203.52,538.68,2025,2025-10,Q4
ORD-004093,2026-04-14,Plus,UAE,Online,SMB,2,146.59,1.7,144.89,80.14,64.75,154.76,2026,2026-04,Q2
ORD-004094,2025-08-17,Plus,UK,Direct,Mid-Market,1,72.39,1.68,70.71,31.65,39.06,78.32,2025,2025-08,Q3
ORD-004095,2025-08-13,Plus,India,Direct,SMB,6,467.72,20.26,447.46,227.82,219.64,454.4,2025,2025-08,Q3
ORD-004096,2026-03-30,Plus,UAE,Online,Enterprise,1,76.99,4.47,72.52,44.4,28.12,66.53,2026,2026-03,Q1
ORD-004097,2025-03-29,Enterprise,India,Online,Mid-Market,2,460.22,81.28,378.94,175.61,203.33,402.71,2025,2025-03,Q1
ORD-004098,2026-03-05,Enterprise,US,Direct,Mid-Market,2,481.92,10.96,470.96,263.11,207.85,440.83,2026,2026-03,Q1
ORD-004099,2025-05-19,Plus,UK,Partner,SMB,2,148.5,0.49,148.01,72.69,75.32,130.27,2025,2025-05,Q2
ORD-004100,2026-06-09,Enterprise,US,Online,Enterprise,11,2468.68,74.14,2394.54,1185.71,1208.83,2294.44,2026,2026-06,Q2
ORD-004101,2025-08-15,Plus,India,Online,Enterprise,2,148.18,2.13,146.05,88.59,57.46,130.68,2025,2025-08,Q3
ORD-004102,2026-07-23,Premium,US,Online,Mid-Market,1,126.49,16.36,110.13,49.93,60.2,110.59,2026,2026-07,Q3
ORD-004103,2026-03-26,Enterprise,India,Partner,SMB,5,1169.98,7.22,1162.76,756.7,406.06,1178.6,2026,2026-03,Q1
ORD-004104,2025-03-27,Plus,UK,Direct,SMB,3,226.37,14.48,211.89,116.53,95.36,210.13,2025,2025-03,Q1
ORD-004105,2025-04-13,Premium,India,Direct,SMB,3,389.9,2.81,387.09,183.73,203.36,405.27,2025,2025-04,Q2
ORD-004106,2025-08-29,Premium,UK,Direct,SMB,4,481.86,5.23,476.63,278.3,198.33,496.88,2025,2025-08,Q3
ORD-004107,2026-04-25,Premium,India,Online,Mid-Market,1,125.97,3.06,122.91,56.17,66.74,123.42,2026,2026-04,Q2
ORD-004108,2026-01-14,Core,India,Partner,SMB,2,89.58,9.48,80.1,44.57,35.53,77.57,2026,2026-01,Q1
ORD-004109,2026-04-14,Plus,UK,Online,Mid-Market,3,246.46,1.11,245.35,141.86,103.49,236.89,2026,2026-04,Q2
ORD-004110,2025-02-03,Plus,US,Online,Mid-Market,3,218.75,26.93,191.82,110.14,81.68,175.11,2025,2025-02,Q1
ORD-004111,2025-11-28,Plus,UK,Direct,Mid-Market,2,141.56,18.24,123.32,60.2,63.12,121.48,2025,2025-11,Q4
ORD-004112,2025-08-15,Core,UK,Online,SMB,3,128.36,6.93,121.43,52.95,68.48,126.16,2025,2025-08,Q3
ORD-004113,2025-04-28,Premium,UK,Direct,Mid-Market,2,239.11,1.96,237.15,100.01,137.14,214.68,2025,2025-04,Q2
ORD-004114,2026-05-12,Plus,UAE,Partner,SMB,3,236.11,7.37,228.74,128.28,100.46,227.32,2026,2026-05,Q2
ORD-004115,2025-05-29,Premium,Germany,Direct,SMB,1,111.63,5.7,105.93,57.51,48.42,106.84,2025,2025-05,Q2
ORD-004116,2025-10-22,Core,UAE,Direct,Enterprise,1,42.65,0.94,41.71,25.57,16.14,42.86,2025,2025-10,Q4
ORD-004117,2025-12-18,Plus,UK,Direct,SMB,2,135.74,1.31,134.43,72.66,61.77,152.45,2025,2025-12,Q4
ORD-004118,2025-10-05,Plus,Germany,Direct,SMB,1,80.57,3.13,77.44,35.4,42.04,81.8,2025,2025-10,Q4
ORD-004119,2026-06-02,Core,UAE,Online,SMB,2,84.34,3.07,81.27,41.25,40.02,86.64,2026,2026-06,Q2
ORD-004120,2025-05-13,Enterprise,India,Direct,SMB,2,434.5,10.02,424.48,267.7,156.78,460.45,2025,2025-05,Q2
ORD-004121,2025-11-06,Core,Germany,Online,Enterprise,5,208.1,4.14,203.96,112.97,90.99,198.0,2025,2025-11,Q4
ORD-004122,2025-05-12,Core,UK,Direct,Mid-Market,5,246.25,7.79,238.46,108.42,130.04,214.16,2025,2025-05,Q2
ORD-004123,2025-09-06,Core,UAE,Online,SMB,1,48.09,1.75,46.34,25.08,21.26,49.36,2025,2025-09,Q3
ORD-004124,2025-07-29,Premium,UK,Partner,Enterprise,6,734.27,5.94,728.33,462.74,265.59,741.33,2025,2025-07,Q3
ORD-004125,2026-03-02,Premium,UK,Online,Enterprise,2,258.19,18.14,240.05,108.5,131.55,268.62,2026,2026-03,Q1
ORD-004126,2025-03-14,Premium,UK,Direct,SMB,1,109.67,8.64,101.03,66.27,34.76,113.35,2025,2025-03,Q1
ORD-004127,2025-11-21,Plus,US,Online,SMB,2,135.77,9.48,126.29,73.13,53.16,138.59,2025,2025-11,Q4
ORD-004128,2025-09-06,Enterprise,US,Direct,Mid-Market,2,517.43,10.64,506.79,303.72,203.07,524.09,2025,2025-09,Q3
ORD-004129,2025-04-15,Premium,India,Direct,Mid-Market,2,258.38,9.78,248.6,149.1,99.5,259.19,2025,2025-04,Q2
ORD-004130,2025-07-10,Core,US,Direct,Enterprise,2,96.04,5.24,90.8,57.86,32.94,91.08,2025,2025-07,Q3
ORD-004131,2025-04-14,Plus,UAE,Direct,Enterprise,1,75.52,7.48,68.04,45.53,22.51,69.22,2025,2025-04,Q2
ORD-004132,2025-11-30,Core,UK,Online,Mid-Market,4,185.55,8.93,176.62,116.68,59.94,159.39,2025,2025-11,Q4
ORD-004133,2025-08-25,Enterprise,India,Direct,SMB,3,675.03,33.66,641.37,362.13,279.24,694.17,2025,2025-08,Q3
ORD-004134,2025-11-10,Premium,UK,Online,SMB,1,123.82,7.52,116.3,53.71,62.59,128.23,2025,2025-11,Q4
ORD-004135,2025-01-15,Plus,UK,Online,SMB,4,293.18,7.03,286.15,184.23,101.92,277.1,2025,2025-01,Q1
ORD-004136,2025-04-03,Core,UAE,Online,Enterprise,2,81.97,11.24,70.73,36.87,33.86,77.88,2025,2025-04,Q2
ORD-004137,2025-06-04,Plus,India,Partner,Mid-Market,3,242.39,20.23,222.16,111.97,110.19,200.58,2025,2025-06,Q2
ORD-004138,2026-05-03,Plus,US,Online,SMB,3,230.93,17.18,213.75,141.94,71.81,209.59,2026,2026-05,Q2
ORD-004139,2026-03-18,Premium,UK,Direct,SMB,1,112.77,2.06,110.71,70.36,40.35,111.94,2026,2026-03,Q1
ORD-004140,2026-04-10,Core,India,Online,Enterprise,5,226.59,11.26,215.33,102.66,112.67,243.6,2026,2026-04,Q2
ORD-004141,2025-01-15,Premium,UAE,Online,Mid-Market,2,240.45,10.76,229.69,152.48,77.21,261.68,2025,2025-01,Q1
ORD-004142,2026-04-27,Plus,Germany,Direct,Enterprise,2,143.74,8.91,134.83,59.36,75.47,132.84,2026,2026-04,Q2
ORD-004143,2025-11-16,Plus,UK,Partner,Mid-Market,3,221.4,3.68,217.72,121.07,96.65,197.36,2025,2025-11,Q4
ORD-004144,2026-06-30,Core,India,Partner,SMB,1,43.82,1.02,42.8,22.71,20.09,46.15,2026,2026-06,Q2
ORD-004145,2026-05-28,Plus,US,Online,Mid-Market,3,205.77,8.64,197.13,89.61,107.52,202.36,2026,2026-05,Q2
ORD-004146,2025-10-22,Core,US,Direct,Enterprise,10,470.0,17.78,452.22,237.16,215.06,419.42,2025,2025-10,Q4
ORD-004147,2025-08-07,Plus,US,Direct,SMB,7,484.48,6.34,478.14,296.3,181.84,508.46,2025,2025-08,Q3
ORD-004148,2025-08-31,Plus,UK,Direct,Mid-Market,3,214.95,17.93,197.02,85.29,111.73,216.91,2025,2025-08,Q3
ORD-004149,2025-08-12,Enterprise,India,Direct,Enterprise,2,451.22,4.96,446.26,253.75,192.51,427.17,2025,2025-08,Q3
ORD-004150,2026-05-20,Core,UAE,Online,Enterprise,4,187.44,6.75,180.69,98.18,82.51,175.94,2026,2026-05,Q2
ORD-004151,2025-03-20,Premium,UAE,Direct,SMB,5,580.35,32.14,548.21,300.56,247.65,549.37,2025,2025-03,Q1
ORD-004152,2026-05-23,Plus,US,Direct,Mid-Market,2,149.1,5.39,143.71,87.05,56.66,132.3,2026,2026-05,Q2
ORD-004153,2025-01-27,Core,UK,Direct,SMB,1,48.19,2.45,45.74,26.0,19.74,43.88,2025,2025-01,Q1
ORD-004154,2025-07-03,Premium,India,Direct,Enterprise,6,787.31,30.47,756.84,460.44,296.4,689.65,2025,2025-07,Q3
ORD-004155,2025-03-02,Core,US,Online,Mid-Market,2,98.87,10.05,88.82,52.08,36.74,87.82,2025,2025-03,Q1
ORD-004156,2025-11-05,Core,UK,Online,SMB,4,185.68,1.43,184.25,106.62,77.63,193.08,2025,2025-11,Q4
ORD-004157,2026-01-23,Plus,US,Direct,Enterprise,1,80.92,12.8,68.12,34.21,33.91,74.38,2026,2026-01,Q1
ORD-004158,2026-05-02,Premium,UK,Direct,Mid-Market,1,123.22,0.53,122.69,63.0,59.69,134.72,2026,2026-05,Q2
ORD-004159,2025-09-13,Enterprise,UK,Partner,SMB,3,682.67,3.41,679.26,321.87,357.39,738.01,2025,2025-09,Q3
ORD-004160,2026-05-09,Core,US,Direct,SMB,3,131.29,4.38,126.91,61.7,65.21,138.21,2026,2026-05,Q2
ORD-004161,2025-02-17,Premium,Germany,Partner,SMB,2,231.72,20.29,211.43,108.08,103.35,190.75,2025,2025-02,Q1
ORD-004162,2026-03-04,Premium,US,Partner,SMB,11,1204.49,84.42,1120.07,561.97,558.1,1225.06,2026,2026-03,Q1
ORD-004163,2025-12-04,Core,US,Direct,SMB,1,45.73,1.55,44.18,26.58,17.6,46.28,2025,2025-12,Q4
ORD-004164,2025-10-15,Enterprise,UK,Online,SMB,1,259.84,13.02,246.82,114.11,132.71,256.75,2025,2025-10,Q4
ORD-004165,2025-02-19,Core,UAE,Online,SMB,5,239.78,3.34,236.44,100.95,135.49,237.84,2025,2025-02,Q1
ORD-004166,2025-02-11,Core,US,Online,Enterprise,5,241.68,3.66,238.02,157.53,80.49,221.81,2025,2025-02,Q1
ORD-004167,2025-01-30,Plus,Germany,Online,Mid-Market,4,282.54,8.39,274.15,165.85,108.3,270.09,2025,2025-01,Q1
ORD-004168,2025-07-19,Core,Germany,Online,SMB,2,94.3,5.24,89.06,41.99,47.07,80.67,2025,2025-07,Q3
ORD-004169,2025-08-31,Core,US,Online,Enterprise,1,44.35,1.46,42.89,24.55,18.34,47.91,2025,2025-08,Q3
ORD-004170,2025-04-08,Plus,US,Direct,Enterprise,4,304.71,16.04,288.67,165.23,123.44,285.76,2025,2025-04,Q2
ORD-004171,2025-04-06,Plus,US,Online,SMB,6,484.94,8.22,476.72,294.13,182.59,485.68,2025,2025-04,Q2
ORD-004172,2026-05-09,Premium,India,Direct,Mid-Market,5,555.65,8.34,547.31,306.35,240.96,543.91,2026,2026-05,Q2
ORD-004173,2025-08-21,Premium,India,Direct,Mid-Market,2,229.85,5.45,224.4,145.62,78.78,232.07,2025,2025-08,Q3
ORD-004174,2026-04-11,Premium,UAE,Partner,Enterprise,2,227.49,6.24,221.25,134.69,86.56,228.91,2026,2026-04,Q2
ORD-004175,2026-02-27,Plus,UAE,Online,Enterprise,1,77.47,2.22,75.25,49.61,25.64,70.38,2026,2026-02,Q1
ORD-004176,2026-07-11,Plus,UK,Online,Mid-Market,2,160.36,22.72,137.64,81.69,55.95,139.96,2026,2026-07,Q3
ORD-004177,2026-02-18,Core,UAE,Direct,Enterprise,2,81.42,6.01,75.41,44.71,30.7,75.69,2026,2026-02,Q1
ORD-004178,2025-02-06,Premium,UAE,Online,Mid-Market,5,550.75,33.62,517.13,247.37,269.76,505.14,2025,2025-02,Q1
ORD-004179,2025-02-12,Premium,US,Direct,Enterprise,1,114.04,6.11,107.93,66.9,41.03,95.16,2025,2025-02,Q1
ORD-004180,2025-03-28,Premium,UK,Direct,Mid-Market,1,115.99,2.41,113.58,61.77,51.81,128.02,2025,2025-03,Q1
ORD-004181,2026-04-14,Plus,Germany,Online,Mid-Market,4,300.6,6.13,294.47,125.53,168.94,277.44,2026,2026-04,Q2
ORD-004182,2025-02-15,Plus,India,Partner,SMB,2,146.47,3.16,143.31,69.18,74.13,127.54,2025,2025-02,Q1
ORD-004183,2026-02-06,Core,Germany,Online,SMB,3,124.15,3.17,120.98,77.77,43.21,137.84,2026,2026-02,Q1
ORD-004184,2026-04-04,Core,US,Direct,SMB,2,95.2,3.57,91.63,47.79,43.84,104.09,2026,2026-04,Q2
ORD-004185,2026-01-25,Plus,India,Partner,SMB,2,151.3,11.19,140.11,93.79,46.32,136.76,2026,2026-01,Q1
ORD-004186,2025-06-11,Enterprise,UAE,Direct,SMB,2,482.31,58.83,423.48,203.5,219.98,401.4,2025,2025-06,Q2
ORD-004187,2025-03-25,Premium,UK,Online,SMB,1,125.9,2.93,122.97,56.58,66.39,108.92,2025,2025-03,Q1
ORD-004188,2026-01-26,Core,US,Online,Enterprise,4,188.47,19.69,168.78,82.7,86.08,191.16,2026,2026-01,Q1
ORD-004189,2026-06-23,Premium,US,Direct,SMB,4,498.99,26.14,472.85,214.92,257.93,477.38,2026,2026-06,Q2
ORD-004190,2025-10-02,Enterprise,UK,Online,Enterprise,7,1621.26,2.94,1618.32,685.47,932.85,1562.32,2025,2025-10,Q4
ORD-004191,2026-07-31,Premium,UK,Direct,SMB,1,108.23,4.3,103.93,52.0,51.93,112.77,2026,2026-07,Q3
ORD-004192,2026-07-15,Premium,Germany,Direct,Mid-Market,3,386.15,23.85,362.3,218.42,143.88,409.41,2026,2026-07,Q3
ORD-004193,2026-03-02,Plus,UAE,Direct,SMB,1,69.46,2.0,67.46,39.03,28.43,70.37,2026,2026-03,Q1
ORD-004194,2026-04-28,Core,UK,Online,SMB,5,207.55,1.52,206.03,111.94,94.09,226.87,2026,2026-04,Q2
ORD-004195,2025-07-19,Plus,India,Online,Enterprise,5,357.31,17.21,340.1,161.21,178.89,334.34,2025,2025-07,Q3
ORD-004196,2026-01-25,Plus,UAE,Direct,Mid-Market,3,233.41,14.58,218.83,105.96,112.87,245.75,2026,2026-01,Q1
ORD-004197,2025-10-19,Premium,India,Online,SMB,2,231.65,1.09,230.56,112.88,117.68,242.05,2025,2025-10,Q4
ORD-004198,2026-06-07,Plus,US,Partner,Mid-Market,2,138.33,6.59,131.74,70.93,60.81,130.37,2026,2026-06,Q2
ORD-004199,2026-06-24,Core,UK,Direct,Mid-Market,3,139.2,5.91,133.29,83.88,49.41,127.01,2026,2026-06,Q2
ORD-004200,2025-04-13,Enterprise,US,Direct,SMB,2,449.86,16.49,433.37,237.19,196.18,423.53,2025,2025-04,Q2
ORD-004201,2025-04-24,Core,India,Online,SMB,4,174.33,11.41,162.92,80.58,82.34,145.9,2025,2025-04,Q2
ORD-004202,2025-11-27,Plus,UK,Direct,Mid-Market,4,277.06,12.54,264.52,174.87,89.65,298.02,2025,2025-11,Q4
ORD-004203,2025-12-25,Core,India,Partner,SMB,2,88.1,1.7,86.4,41.66,44.74,90.07,2025,2025-12,Q4
ORD-004204,2025-04-28,Core,Germany,Direct,SMB,5,228.96,15.15,213.81,135.05,78.76,214.26,2025,2025-04,Q2
ORD-004205,2026-07-02,Core,UK,Online,Mid-Market,3,137.7,4.0,133.7,71.31,62.39,127.43,2026,2026-07,Q3
ORD-004206,2025-09-06,Plus,UK,Direct,SMB,4,301.71,10.28,291.43,176.93,114.5,321.94,2025,2025-09,Q3
ORD-004207,2026-01-12,Enterprise,UK,Online,SMB,4,984.65,5.96,978.69,495.34,483.35,1094.14,2026,2026-01,Q1
ORD-004208,2026-01-20,Premium,India,Direct,Enterprise,3,328.52,15.51,313.01,198.43,114.58,328.74,2026,2026-01,Q1
ORD-004209,2025-12-20,Premium,US,Online,SMB,2,254.42,7.53,246.89,154.49,92.4,279.38,2025,2025-12,Q4
ORD-004210,2025-07-13,Plus,UK,Online,Mid-Market,2,146.88,10.79,136.09,71.44,64.65,124.62,2025,2025-07,Q3
ORD-004211,2026-06-05,Plus,UK,Partner,SMB,3,236.81,3.42,233.39,115.4,117.99,215.3,2026,2026-06,Q2
ORD-004212,2025-08-22,Enterprise,UK,Partner,SMB,1,256.38,5.59,250.79,147.49,103.3,235.35,2025,2025-08,Q3
ORD-004213,2025-03-07,Core,US,Online,Enterprise,6,244.34,7.96,236.38,108.03,128.35,224.45,2025,2025-03,Q1
ORD-004214,2025-01-17,Enterprise,US,Direct,SMB,2,509.96,7.3,502.66,281.22,221.44,555.18,2025,2025-01,Q1
ORD-004215,2025-11-03,Core,Germany,Direct,SMB,2,89.93,3.79,86.14,44.64,41.5,78.84,2025,2025-11,Q4
ORD-004216,2025-05-28,Plus,US,Partner,SMB,1,74.27,0.31,73.96,39.2,34.76,83.67,2025,2025-05,Q2
ORD-004217,2026-06-10,Plus,India,Direct,Mid-Market,2,163.42,4.77,158.65,98.94,59.71,168.94,2026,2026-06,Q2
ORD-004218,2026-02-10,Core,Germany,Direct,SMB,8,346.43,13.58,332.85,145.97,186.88,301.54,2026,2026-02,Q1
ORD-004219,2026-07-20,Enterprise,India,Online,Enterprise,1,251.63,0.92,250.71,133.34,117.37,262.47,2026,2026-07,Q3
ORD-004220,2026-06-27,Core,UK,Online,Enterprise,2,90.24,0.99,89.25,38.11,51.14,101.34,2026,2026-06,Q2
ORD-004221,2025-06-21,Core,India,Direct,SMB,2,86.14,11.11,75.03,48.99,26.04,69.97,2025,2025-06,Q2
ORD-004222,2025-07-27,Enterprise,UK,Partner,Enterprise,6,1449.5,31.23,1418.27,675.38,742.89,1475.77,2025,2025-07,Q3
ORD-004223,2025-10-09,Premium,UAE,Partner,SMB,9,1121.6,2.25,1119.35,584.59,534.76,1116.56,2025,2025-10,Q4
ORD-004224,2025-08-19,Plus,UAE,Direct,SMB,4,326.39,1.54,324.85,185.32,139.53,355.95,2025,2025-08,Q3
ORD-004225,2025-04-11,Core,UK,Partner,SMB,8,343.88,15.14,328.74,209.43,119.31,354.42,2025,2025-04,Q2
ORD-004226,2026-06-02,Premium,Germany,Online,Enterprise,9,1046.04,28.01,1018.03,501.42,516.61,1029.49,2026,2026-06,Q2
ORD-004227,2025-06-07,Core,US,Online,Mid-Market,2,97.6,2.09,95.51,43.09,52.42,86.41,2025,2025-06,Q2
ORD-004228,2025-04-13,Plus,UAE,Direct,Mid-Market,4,273.27,3.2,270.07,146.9,123.17,297.98,2025,2025-04,Q2
ORD-004229,2025-02-06,Enterprise,India,Partner,Mid-Market,2,460.74,8.18,452.56,302.07,150.49,477.38,2025,2025-02,Q1
ORD-004230,2026-05-01,Core,India,Direct,Enterprise,2,94.66,2.58,92.08,41.94,50.14,90.19,2026,2026-05,Q2
ORD-004231,2026-03-12,Enterprise,India,Direct,SMB,2,491.99,4.41,487.58,282.16,205.42,439.54,2026,2026-03,Q1
ORD-004232,2025-01-11,Plus,US,Direct,SMB,3,204.45,30.88,173.57,94.61,78.96,159.26,2025,2025-01,Q1
ORD-004233,2026-03-04,Premium,US,Online,Enterprise,2,241.35,6.58,234.77,143.69,91.08,231.96,2026,2026-03,Q1
ORD-004234,2026-06-30,Plus,US,Online,Enterprise,2,148.87,10.19,138.68,84.47,54.21,123.66,2026,2026-06,Q2
ORD-004235,2026-06-14,Premium,UAE,Direct,Enterprise,4,521.77,26.78,494.99,265.61,229.38,553.6,2026,2026-06,Q2
ORD-004236,2025-01-23,Core,India,Partner,Enterprise,3,139.12,6.88,132.24,87.32,44.92,116.84,2025,2025-01,Q1
ORD-004237,2026-04-04,Core,India,Direct,Enterprise,1,47.37,0.48,46.89,29.32,17.57,47.38,2026,2026-04,Q2
ORD-004238,2025-01-31,Enterprise,Germany,Online,SMB,2,484.04,3.75,480.29,208.54,271.75,541.76,2025,2025-01,Q1
ORD-004239,2026-06-12,Premium,India,Partner,SMB,3,392.53,3.84,388.69,193.17,195.52,346.11,2026,2026-06,Q2
ORD-004240,2025-09-14,Core,UK,Direct,SMB,4,191.67,6.16,185.51,80.5,105.01,173.75,2025,2025-09,Q3
ORD-004241,2025-10-31,Premium,US,Online,Mid-Market,2,235.01,16.52,218.49,105.77,112.72,211.15,2025,2025-10,Q4
ORD-004242,2025-04-15,Enterprise,US,Direct,Enterprise,3,710.51,30.14,680.37,403.89,276.48,675.3,2025,2025-04,Q2
ORD-004243,2025-06-24,Core,US,Direct,Mid-Market,2,87.34,3.58,83.76,38.27,45.49,79.65,2025,2025-06,Q2
ORD-004244,2026-04-18,Plus,UK,Partner,Enterprise,4,303.28,0.22,303.06,192.45,110.61,304.44,2026,2026-04,Q2
ORD-004245,2025-06-03,Plus,India,Direct,Enterprise,4,328.73,7.72,321.01,167.64,153.37,353.69,2025,2025-06,Q2
ORD-004246,2026-05-22,Enterprise,UK,Direct,SMB,2,492.69,2.65,490.04,259.99,230.05,503.73,2026,2026-05,Q2
ORD-004247,2025-01-19,Premium,UK,Partner,Mid-Market,1,109.42,15.32,94.1,56.41,37.69,103.37,2025,2025-01,Q1
ORD-004248,2025-08-19,Premium,Germany,Partner,SMB,2,217.16,5.77,211.39,131.76,79.63,235.53,2025,2025-08,Q3
ORD-004249,2026-05-26,Core,India,Online,SMB,2,96.95,6.52,90.43,42.63,47.8,92.31,2026,2026-05,Q2
ORD-004250,2025-05-11,Enterprise,Germany,Direct,Enterprise,5,1165.89,2.35,1163.54,638.43,525.11,1218.72,2025,2025-05,Q2
ORD-004251,2025-11-18,Plus,US,Direct,Enterprise,2,142.66,1.39,141.27,66.34,74.93,137.41,2025,2025-11,Q4
ORD-004252,2026-04-07,Plus,UAE,Partner,SMB,4,300.04,9.14,290.9,165.52,125.38,286.45,2026,2026-04,Q2
ORD-004253,2026-06-19,Premium,India,Online,SMB,2,243.98,26.52,217.46,113.29,104.17,231.77,2026,2026-06,Q2
ORD-004254,2025-02-26,Plus,India,Online,Mid-Market,2,138.88,4.47,134.41,70.05,64.36,130.24,2025,2025-02,Q1
ORD-004255,2025-04-24,Plus,India,Online,SMB,6,432.58,17.38,415.2,233.18,182.02,441.48,2025,2025-04,Q2
ORD-004256,2025-10-06,Plus,Germany,Partner,SMB,8,646.61,25.0,621.61,343.52,278.09,617.43,2025,2025-10,Q4
ORD-004257,2025-03-27,Premium,UAE,Partner,SMB,6,653.89,14.19,639.7,387.57,252.13,572.19,2025,2025-03,Q1
ORD-004258,2025-02-21,Plus,US,Direct,SMB,5,347.8,15.3,332.5,146.73,185.77,312.71,2025,2025-02,Q1
ORD-004259,2025-03-30,Core,UAE,Partner,SMB,3,138.32,3.9,134.42,85.76,48.66,127.98,2025,2025-03,Q1
ORD-004260,2025-10-11,Core,India,Direct,SMB,2,95.27,2.22,93.05,58.71,34.34,101.85,2025,2025-10,Q4
ORD-004261,2025-03-09,Core,UAE,Direct,Mid-Market,2,87.89,4.89,83.0,41.22,41.78,88.49,2025,2025-03,Q1
ORD-004262,2025-10-17,Enterprise,UK,Direct,SMB,4,889.6,70.37,819.23,346.39,472.84,744.21,2025,2025-10,Q4
ORD-004263,2026-01-07,Plus,India,Direct,Mid-Market,2,145.5,1.86,143.64,91.61,52.03,134.68,2026,2026-01,Q1
ORD-004264,2026-05-11,Plus,Germany,Partner,SMB,2,145.14,3.22,141.92,71.65,70.27,133.82,2026,2026-05,Q2
ORD-004265,2026-06-09,Plus,UK,Online,SMB,5,351.88,0.69,351.19,180.63,170.56,386.97,2026,2026-06,Q2
ORD-004266,2025-07-01,Enterprise,UK,Direct,Enterprise,7,1522.3,130.33,1391.97,851.12,540.85,1467.69,2025,2025-07,Q3
ORD-004267,2026-05-22,Plus,US,Direct,Enterprise,1,79.03,0.26,78.77,46.21,32.56,88.6,2026,2026-05,Q2
ORD-004268,2025-08-05,Plus,UAE,Direct,Mid-Market,2,138.26,0.71,137.55,73.83,63.72,134.95,2025,2025-08,Q3
ORD-004269,2025-02-03,Plus,US,Partner,SMB,2,153.4,12.87,140.53,72.83,67.7,144.39,2025,2025-02,Q1
ORD-004270,2026-05-15,Premium,UK,Partner,SMB,2,243.17,2.07,241.1,127.79,113.31,236.96,2026,2026-05,Q2
ORD-004271,2026-04-06,Core,India,Partner,SMB,1,41.7,2.06,39.64,17.47,22.17,42.86,2026,2026-04,Q2
ORD-004272,2025-03-07,Core,India,Direct,Mid-Market,1,41.54,1.34,40.2,23.6,16.6,40.21,2025,2025-03,Q1
ORD-004273,2026-02-27,Core,UAE,Direct,Mid-Market,2,97.98,8.57,89.41,48.1,41.31,86.34,2026,2026-02,Q1
ORD-004274,2026-04-12,Plus,UAE,Online,Enterprise,8,649.47,19.49,629.98,295.23,334.75,564.81,2026,2026-04,Q2
ORD-004275,2026-05-23,Enterprise,UAE,Online,Enterprise,5,1141.99,3.4,1138.59,756.54,382.05,1056.69,2026,2026-05,Q2
ORD-004276,2026-03-22,Core,UK,Direct,Mid-Market,2,83.68,3.12,80.56,50.25,30.31,73.77,2026,2026-03,Q1
ORD-004277,2025-08-15,Core,US,Direct,Mid-Market,3,126.48,5.19,121.29,61.91,59.38,128.07,2025,2025-08,Q3
ORD-004278,2025-06-17,Plus,UAE,Online,SMB,2,140.57,5.33,135.24,87.97,47.27,125.45,2025,2025-06,Q2
ORD-004279,2025-02-04,Core,India,Direct,SMB,5,245.97,17.85,228.12,121.01,107.11,225.07,2025,2025-02,Q1
ORD-004280,2025-09-01,Plus,Germany,Direct,SMB,3,240.67,27.84,212.83,108.56,104.27,213.02,2025,2025-09,Q3
ORD-004281,2026-01-29,Core,US,Online,Mid-Market,3,137.4,4.64,132.76,60.81,71.95,120.85,2026,2026-01,Q1
ORD-004282,2025-05-21,Plus,UAE,Direct,SMB,1,73.33,0.66,72.67,42.41,30.26,72.35,2025,2025-05,Q2
ORD-004283,2025-04-18,Plus,UK,Direct,SMB,8,564.92,3.09,561.83,294.15,267.68,528.37,2025,2025-04,Q2
ORD-004284,2026-03-21,Enterprise,US,Online,Enterprise,3,736.09,11.09,725.0,481.37,243.63,670.64,2026,2026-03,Q1
ORD-004285,2026-01-22,Plus,UK,Partner,SMB,6,450.48,15.48,435.0,186.44,248.56,388.95,2026,2026-01,Q1
ORD-004286,2026-03-03,Plus,US,Partner,Mid-Market,2,156.57,4.06,152.51,91.33,61.18,140.02,2026,2026-03,Q1
ORD-004287,2025-08-03,Premium,India,Online,Enterprise,3,378.54,24.66,353.88,220.38,133.5,361.2,2025,2025-08,Q3
ORD-004288,2025-11-30,Plus,US,Online,Mid-Market,3,229.09,5.01,224.08,136.36,87.72,233.54,2025,2025-11,Q4
ORD-004289,2025-10-30,Core,UK,Online,SMB,1,48.24,2.41,45.83,20.61,25.22,41.32,2025,2025-10,Q4
ORD-004290,2025-03-21,Core,India,Partner,Mid-Market,2,82.2,0.69,81.51,35.17,46.34,80.72,2025,2025-03,Q1
ORD-004291,2025-04-10,Core,UK,Online,SMB,3,124.44,0.98,123.46,65.49,57.97,113.25,2025,2025-04,Q2
ORD-004292,2026-01-29,Plus,UK,Online,Enterprise,2,143.8,3.32,140.48,83.11,57.37,145.8,2026,2026-01,Q1
ORD-004293,2025-10-29,Core,UAE,Direct,SMB,3,126.91,9.89,117.02,67.9,49.12,129.33,2025,2025-10,Q4
ORD-004294,2025-12-11,Premium,UK,Partner,Enterprise,1,125.96,1.37,124.59,62.74,61.85,122.7,2025,2025-12,Q4
ORD-004295,2026-02-28,Premium,India,Direct,Enterprise,4,514.92,16.09,498.83,328.93,169.9,524.35,2026,2026-02,Q1
ORD-004296,2025-11-16,Plus,UK,Partner,Mid-Market,3,219.77,10.41,209.36,110.16,99.2,235.89,2025,2025-11,Q4
ORD-004297,2026-07-12,Plus,India,Direct,Mid-Market,4,322.41,29.45,292.96,194.86,98.1,300.01,2026,2026-07,Q3
ORD-004298,2025-10-01,Enterprise,UK,Direct,Enterprise,1,230.17,3.57,226.6,139.42,87.18,212.14,2025,2025-10,Q4
ORD-004299,2025-12-09,Premium,India,Direct,Mid-Market,5,603.1,18.69,584.41,295.92,288.49,656.17,2025,2025-12,Q4
ORD-004300,2025-06-04,Plus,US,Partner,Enterprise,1,70.72,6.31,64.41,37.04,27.37,68.41,2025,2025-06,Q2
ORD-004301,2026-02-22,Enterprise,India,Direct,Mid-Market,4,995.26,14.01,981.25,557.02,424.23,972.2,2026,2026-02,Q1
ORD-004302,2025-08-22,Core,UAE,Partner,SMB,2,97.52,2.75,94.77,56.14,38.63,99.25,2025,2025-08,Q3
ORD-004303,2026-05-30,Enterprise,India,Direct,Mid-Market,1,255.26,27.15,228.11,128.84,99.27,245.79,2026,2026-05,Q2
ORD-004304,2025-08-11,Plus,India,Partner,SMB,1,74.44,1.02,73.42,34.3,39.12,66.71,2025,2025-08,Q3
ORD-004305,2026-01-24,Premium,UK,Direct,Mid-Market,4,454.08,39.98,414.1,244.89,169.21,398.58,2026,2026-01,Q1
ORD-004306,2026-02-12,Premium,UK,Direct,SMB,2,240.28,15.45,224.83,96.58,128.25,229.07,2026,2026-02,Q1
ORD-004307,2025-07-27,Premium,US,Direct,Mid-Market,3,359.72,7.32,352.4,208.47,143.93,395.21,2025,2025-07,Q3
ORD-004308,2025-12-31,Plus,US,Direct,SMB,3,224.13,16.2,207.93,125.3,82.63,190.53,2025,2025-12,Q4
ORD-004309,2026-06-15,Plus,India,Direct,Enterprise,1,80.46,1.12,79.34,48.58,30.76,81.05,2026,2026-06,Q2
ORD-004310,2025-03-14,Core,Germany,Online,SMB,2,88.28,0.54,87.74,49.36,38.38,98.02,2025,2025-03,Q1
ORD-004311,2026-02-13,Enterprise,US,Online,Mid-Market,2,525.17,19.96,505.21,295.64,209.57,502.78,2026,2026-02,Q1
ORD-004312,2025-09-18,Core,India,Direct,SMB,4,181.52,3.86,177.66,100.06,77.6,170.7,2025,2025-09,Q3
ORD-004313,2025-10-14,Enterprise,UK,Direct,Enterprise,2,463.37,12.55,450.82,216.14,234.68,504.41,2025,2025-10,Q4
ORD-004314,2026-07-11,Premium,UAE,Online,Mid-Market,3,379.56,10.56,369.0,157.74,211.26,402.21,2026,2026-07,Q3
ORD-004315,2025-12-23,Core,US,Online,Mid-Market,2,91.32,0.28,91.04,55.38,35.66,103.07,2025,2025-12,Q4
ORD-004316,2026-06-14,Plus,Germany,Online,Enterprise,2,164.85,1.96,162.89,72.42,90.47,154.53,2026,2026-06,Q2
ORD-004317,2025-09-29,Enterprise,India,Online,Enterprise,1,249.6,14.12,235.48,114.87,120.61,236.4,2025,2025-09,Q3
ORD-004318,2025-12-16,Premium,India,Partner,SMB,1,110.33,3.8,106.53,68.45,38.08,103.46,2025,2025-12,Q4
ORD-004319,2025-08-07,Premium,US,Online,Mid-Market,2,257.96,2.66,255.3,144.47,110.83,262.12,2025,2025-08,Q3
ORD-004320,2025-10-27,Plus,Germany,Online,Enterprise,3,235.7,23.73,211.97,133.53,78.44,195.21,2025,2025-10,Q4
ORD-004321,2025-10-12,Enterprise,UAE,Direct,SMB,2,488.75,29.37,459.38,237.93,221.45,502.37,2025,2025-10,Q4
ORD-004322,2025-01-08,Premium,UK,Direct,Enterprise,2,243.1,2.53,240.57,128.01,112.56,246.2,2025,2025-01,Q1
ORD-004323,2025-09-11,Plus,UK,Partner,Enterprise,3,234.1,10.16,223.94,102.92,121.02,216.24,2025,2025-09,Q3
ORD-004324,2026-06-13,Plus,UK,Partner,SMB,2,150.38,6.52,143.86,77.17,66.69,132.21,2026,2026-06,Q2
ORD-004325,2026-07-14,Core,UK,Online,Enterprise,6,254.99,6.3,248.69,104.75,143.94,246.47,2026,2026-07,Q3
ORD-004326,2025-09-30,Enterprise,UK,Direct,Enterprise,4,1052.7,50.28,1002.42,651.44,350.98,1070.88,2025,2025-09,Q3
ORD-004327,2026-01-15,Core,UK,Online,Enterprise,1,47.73,1.85,45.88,28.08,17.8,48.04,2026,2026-01,Q1
ORD-004328,2025-03-24,Plus,Germany,Online,Mid-Market,3,228.48,7.92,220.56,124.02,96.54,204.29,2025,2025-03,Q1
ORD-004329,2025-09-29,Core,UK,Partner,Mid-Market,4,187.47,14.61,172.86,80.46,92.4,195.9,2025,2025-09,Q3
ORD-004330,2025-04-10,Core,India,Online,Enterprise,1,45.28,2.33,42.95,25.31,17.64,38.58,2025,2025-04,Q2
ORD-004331,2026-02-20,Premium,India,Direct,Enterprise,2,257.99,11.82,246.17,123.28,122.89,274.28,2026,2026-02,Q1
ORD-004332,2025-03-27,Plus,US,Direct,Mid-Market,1,72.01,2.26,69.75,36.7,33.05,78.74,2025,2025-03,Q1
ORD-004333,2025-12-04,Plus,UK,Direct,Enterprise,2,140.7,5.24,135.46,68.12,67.34,123.96,2025,2025-12,Q4
ORD-004334,2025-02-22,Core,India,Partner,Enterprise,4,191.92,6.58,185.34,101.92,83.42,180.42,2025,2025-02,Q1
ORD-004335,2025-08-23,Enterprise,UK,Partner,Mid-Market,2,495.41,10.47,484.94,302.95,181.99,518.63,2025,2025-08,Q3
ORD-004336,2025-05-03,Premium,India,Direct,SMB,3,324.8,3.35,321.45,155.48,165.97,333.66,2025,2025-05,Q2
ORD-004337,2026-07-20,Core,US,Direct,SMB,1,48.21,3.08,45.13,28.29,16.84,40.99,2026,2026-07,Q3
ORD-004338,2026-07-11,Plus,UK,Direct,Mid-Market,3,238.93,2.08,236.85,143.51,93.34,254.64,2026,2026-07,Q3
ORD-004339,2025-02-22,Plus,UK,Online,Mid-Market,6,441.93,27.52,414.41,208.32,206.09,450.64,2025,2025-02,Q1
ORD-004340,2025-08-22,Enterprise,India,Online,SMB,1,230.38,0.55,229.83,113.62,116.21,224.53,2025,2025-08,Q3
ORD-004341,2025-10-24,Enterprise,US,Direct,SMB,1,254.9,13.94,240.96,142.41,98.55,240.74,2025,2025-10,Q4
ORD-004342,2026-02-28,Core,Germany,Online,Mid-Market,3,146.86,15.53,131.33,74.0,57.33,137.13,2026,2026-02,Q1
ORD-004343,2026-02-07,Premium,UK,Direct,Enterprise,2,219.53,6.61,212.92,109.66,103.26,227.48,2026,2026-02,Q1
ORD-004344,2026-01-12,Premium,India,Direct,SMB,2,218.86,7.81,211.05,128.63,82.42,191.01,2026,2026-01,Q1
ORD-004345,2025-12-25,Enterprise,UAE,Online,SMB,5,1215.46,21.03,1194.43,510.07,684.36,1098.07,2025,2025-12,Q4
ORD-004346,2025-07-29,Premium,UK,Partner,SMB,5,565.75,2.67,563.08,357.61,205.47,598.3,2025,2025-07,Q3
ORD-004347,2025-12-07,Core,US,Direct,Mid-Market,3,133.85,5.22,128.63,60.35,68.28,141.35,2025,2025-12,Q4
ORD-004348,2025-02-23,Enterprise,UK,Partner,Mid-Market,8,2097.46,16.31,2081.15,1300.08,781.07,1842.36,2025,2025-02,Q1
ORD-004349,2025-01-14,Premium,UK,Partner,Mid-Market,1,123.38,3.65,119.73,54.24,65.49,107.92,2025,2025-01,Q1
ORD-004350,2025-09-11,Enterprise,India,Partner,Mid-Market,1,263.37,16.25,247.12,132.01,115.11,259.85,2025,2025-09,Q3
ORD-004351,2026-03-06,Plus,UK,Online,Mid-Market,1,68.63,3.82,64.81,42.54,22.27,68.78,2026,2026-03,Q1
ORD-004352,2025-05-26,Enterprise,UK,Online,SMB,7,1660.25,33.46,1626.79,1057.35,569.44,1732.85,2025,2025-05,Q2
ORD-004353,2025-08-26,Premium,UK,Direct,Mid-Market,3,359.73,12.9,346.83,156.21,190.62,378.51,2025,2025-08,Q3
ORD-004354,2026-04-11,Core,US,Direct,SMB,3,132.98,11.92,121.06,53.04,68.02,130.82,2026,2026-04,Q2
ORD-004355,2025-06-25,Plus,Germany,Online,Enterprise,5,338.6,17.56,321.04,188.49,132.55,342.59,2025,2025-06,Q2
ORD-004356,2026-03-08,Core,Germany,Direct,Enterprise,2,94.14,0.7,93.44,52.14,41.3,91.08,2026,2026-03,Q1
ORD-004357,2026-01-04,Core,India,Direct,Mid-Market,4,169.25,18.62,150.63,79.77,70.86,134.06,2026,2026-01,Q1
ORD-004358,2025-05-09,Plus,UAE,Direct,SMB,2,139.17,1.76,137.41,63.33,74.08,123.8,2025,2025-05,Q2
ORD-004359,2026-07-10,Core,US,Online,Enterprise,1,41.71,2.56,39.15,19.0,20.15,35.21,2026,2026-07,Q3
ORD-004360,2025-11-07,Core,UK,Partner,Mid-Market,3,134.56,1.03,133.53,86.99,46.54,127.56,2025,2025-11,Q4
ORD-004361,2025-12-28,Core,India,Direct,SMB,2,88.2,1.63,86.57,42.67,43.9,94.99,2025,2025-12,Q4
ORD-004362,2026-07-26,Core,UK,Partner,SMB,3,135.46,10.08,125.38,71.77,53.61,114.66,2026,2026-07,Q3
ORD-004363,2025-09-19,Plus,US,Direct,SMB,2,163.88,3.03,160.85,76.21,84.64,159.07,2025,2025-09,Q3
ORD-004364,2025-02-02,Plus,Germany,Online,SMB,2,160.56,1.41,159.15,71.12,88.03,140.42,2025,2025-02,Q1
ORD-004365,2025-01-20,Plus,UAE,Direct,Mid-Market,2,139.55,2.81,136.74,87.53,49.21,145.93,2025,2025-01,Q1
ORD-004366,2025-04-24,Core,Germany,Direct,Enterprise,1,42.77,4.13,38.64,19.83,18.81,37.41,2025,2025-04,Q2
ORD-004367,2025-11-05,Enterprise,UK,Online,Enterprise,3,681.63,46.49,635.14,333.08,302.06,718.96,2025,2025-11,Q4
ORD-004368,2026-01-19,Enterprise,Germany,Direct,Enterprise,5,1304.51,77.97,1226.54,556.45,670.09,1086.48,2026,2026-01,Q1
ORD-004369,2026-03-16,Core,UAE,Direct,SMB,4,175.87,3.43,172.44,82.8,89.64,194.35,2026,2026-03,Q1
ORD-004370,2026-04-27,Plus,Germany,Partner,Mid-Market,4,318.33,10.24,308.09,151.04,157.05,286.97,2026,2026-04,Q2
ORD-004371,2026-05-03,Plus,UK,Direct,Mid-Market,5,410.71,1.57,409.14,273.8,135.34,416.45,2026,2026-05,Q2
ORD-004372,2025-10-29,Premium,UAE,Direct,Enterprise,1,130.48,5.79,124.69,76.19,48.5,137.92,2025,2025-10,Q4
ORD-004373,2025-06-20,Plus,India,Online,SMB,3,223.19,0.1,223.09,116.03,107.06,246.17,2025,2025-06,Q2
ORD-004374,2025-03-27,Enterprise,Germany,Online,SMB,5,1254.1,12.64,1241.46,808.09,433.37,1260.9,2025,2025-03,Q1
ORD-004375,2025-01-12,Core,UK,Partner,SMB,2,90.62,0.2,90.42,46.19,44.23,89.44,2025,2025-01,Q1
ORD-004376,2026-06-22,Plus,UK,Partner,Mid-Market,2,143.44,7.39,136.05,61.14,74.91,152.68,2026,2026-06,Q2
ORD-004377,2025-03-27,Premium,UAE,Online,SMB,3,341.18,16.14,325.04,141.81,183.23,290.58,2025,2025-03,Q1
ORD-004378,2025-12-28,Plus,US,Online,SMB,1,79.69,6.72,72.97,44.87,28.1,72.32,2025,2025-12,Q4
ORD-004379,2025-06-27,Core,UK,Online,SMB,2,87.19,5.14,82.05,46.4,35.65,78.23,2025,2025-06,Q2
ORD-004380,2026-04-21,Plus,India,Online,Mid-Market,4,307.35,15.53,291.82,144.25,147.57,312.56,2026,2026-04,Q2
ORD-004381,2026-06-27,Premium,US,Partner,Enterprise,6,661.71,11.6,650.11,430.7,219.41,621.35,2026,2026-06,Q2
ORD-004382,2026-01-18,Plus,US,Direct,Mid-Market,6,456.69,8.02,448.67,232.87,215.8,477.18,2026,2026-01,Q1
ORD-004383,2026-07-16,Premium,UAE,Direct,SMB,3,341.31,5.26,336.05,180.09,155.96,377.97,2026,2026-07,Q3
ORD-004384,2025-03-08,Enterprise,India,Direct,Mid-Market,3,668.2,32.31,635.89,328.54,307.35,711.59,2025,2025-03,Q1
ORD-004385,2026-01-14,Core,US,Direct,SMB,4,182.39,8.16,174.23,92.07,82.16,163.28,2026,2026-01,Q1
ORD-004386,2025-05-22,Core,US,Online,Mid-Market,2,96.93,3.57,93.36,48.36,45.0,105.33,2025,2025-05,Q2
ORD-004387,2026-02-09,Enterprise,UK,Online,SMB,6,1429.21,40.38,1388.83,663.47,725.36,1561.08,2026,2026-02,Q1
ORD-004388,2026-05-22,Core,India,Partner,Mid-Market,2,83.53,0.84,82.69,44.32,38.37,91.81,2026,2026-05,Q2
ORD-004389,2025-04-09,Plus,UK,Direct,SMB,1,71.73,1.76,69.97,38.67,31.3,76.74,2025,2025-04,Q2
ORD-004390,2026-05-01,Enterprise,Germany,Online,Mid-Market,2,432.71,14.37,418.34,274.65,143.69,473.73,2026,2026-05,Q2
ORD-004391,2026-04-26,Plus,UK,Partner,SMB,3,243.9,12.24,231.66,148.79,82.87,238.28,2026,2026-04,Q2
ORD-004392,2026-03-29,Premium,US,Online,SMB,2,231.98,15.34,216.64,104.83,111.81,245.39,2026,2026-03,Q1
ORD-004393,2025-05-13,Plus,UK,Partner,Enterprise,5,381.85,6.9,374.95,224.37,150.58,351.75,2025,2025-05,Q2
ORD-004394,2026-02-14,Premium,UK,Direct,Enterprise,2,231.69,5.93,225.76,141.3,84.46,256.17,2026,2026-02,Q1
ORD-004395,2026-07-12,Plus,UK,Direct,SMB,3,221.16,1.43,219.73,103.65,116.08,221.72,2026,2026-07,Q3
ORD-004396,2025-09-15,Plus,Germany,Online,Enterprise,1,80.28,3.88,76.4,48.18,28.22,69.97,2025,2025-09,Q3
ORD-004397,2025-09-11,Premium,UK,Direct,Mid-Market,2,239.99,9.32,230.67,124.22,106.45,208.03,2025,2025-09,Q3
ORD-004398,2026-05-07,Enterprise,UK,Direct,Mid-Market,2,436.9,13.44,423.46,208.76,214.7,426.45,2026,2026-05,Q2
ORD-004399,2025-09-12,Core,UAE,Direct,Mid-Market,3,141.97,17.71,124.26,59.05,65.21,137.13,2025,2025-09,Q3
ORD-004400,2025-07-16,Plus,US,Direct,Mid-Market,5,358.6,20.73,337.87,166.75,171.12,364.5,2025,2025-07,Q3
ORD-004401,2025-12-02,Core,US,Online,Enterprise,4,171.62,28.26,143.36,77.61,65.75,147.36,2025,2025-12,Q4
ORD-004402,2025-02-02,Enterprise,US,Online,Mid-Market,5,1120.55,42.52,1078.03,689.16,388.87,1201.78,2025,2025-02,Q1
ORD-004403,2025-06-18,Enterprise,Germany,Direct,SMB,2,489.81,36.0,453.81,292.65,161.16,483.34,2025,2025-06,Q2
ORD-004404,2025-09-08,Enterprise,UK,Partner,SMB,2,521.1,3.28,517.82,302.33,215.49,563.16,2025,2025-09,Q3
ORD-004405,2026-07-13,Core,US,Direct,Mid-Market,5,211.23,7.19,204.04,122.22,81.82,232.11,2026,2026-07,Q3
ORD-004406,2026-05-29,Core,India,Partner,Mid-Market,2,83.74,1.32,82.42,39.73,42.69,78.97,2026,2026-05,Q2
ORD-004407,2026-01-02,Enterprise,Germany,Partner,SMB,4,934.56,41.12,893.44,497.28,396.16,1017.21,2026,2026-01,Q1
ORD-004408,2025-07-30,Core,UK,Online,SMB,1,46.58,0.73,45.85,27.41,18.44,50.08,2025,2025-07,Q3
ORD-004409,2025-04-19,Core,Germany,Online,Mid-Market,2,94.07,0.3,93.77,47.93,45.84,104.58,2025,2025-04,Q2
ORD-004410,2026-06-04,Core,US,Partner,Enterprise,4,171.77,4.33,167.44,94.99,72.45,163.34,2026,2026-06,Q2
ORD-004411,2026-06-23,Plus,UK,Direct,SMB,2,137.46,10.59,126.87,64.06,62.81,128.1,2026,2026-06,Q2
ORD-004412,2025-11-21,Core,US,Direct,SMB,1,43.78,3.02,40.76,23.38,17.38,43.33,2025,2025-11,Q4
ORD-004413,2025-11-09,Plus,India,Online,SMB,3,224.27,2.09,222.18,97.24,124.94,220.61,2025,2025-11,Q4
ORD-004414,2025-08-27,Plus,Germany,Direct,SMB,5,392.56,6.58,385.98,167.27,218.71,365.71,2025,2025-08,Q3
ORD-004415,2025-07-11,Enterprise,UAE,Direct,SMB,3,700.68,1.93,698.75,421.28,277.47,731.82,2025,2025-07,Q3
ORD-004416,2025-04-17,Plus,Germany,Online,SMB,2,160.12,1.98,158.14,78.8,79.34,148.89,2025,2025-04,Q2
ORD-004417,2026-03-15,Premium,UK,Direct,Mid-Market,3,352.44,15.45,336.99,211.4,125.59,327.38,2026,2026-03,Q1
ORD-004418,2025-12-26,Plus,UAE,Online,SMB,1,74.93,1.43,73.5,44.51,28.99,64.95,2025,2025-12,Q4
ORD-004419,2026-07-24,Premium,UAE,Direct,SMB,2,245.42,13.45,231.97,110.52,121.45,235.76,2026,2026-07,Q3
ORD-004420,2025-05-24,Core,Germany,Partner,Mid-Market,2,84.59,3.24,81.35,34.33,47.02,84.04,2025,2025-05,Q2
ORD-004421,2025-03-07,Core,India,Partner,SMB,2,96.65,7.01,89.64,49.53,40.11,86.6,2025,2025-03,Q1
ORD-004422,2025-03-30,Enterprise,Germany,Direct,Enterprise,1,251.39,19.93,231.46,101.74,129.72,234.52,2025,2025-03,Q1
ORD-004423,2025-11-04,Premium,UK,Direct,Mid-Market,1,109.24,8.51,100.73,48.7,52.03,107.22,2025,2025-11,Q4
ORD-004424,2026-02-02,Core,US,Online,Enterprise,2,97.09,2.73,94.36,49.54,44.82,100.28,2026,2026-02,Q1
ORD-004425,2025-01-29,Core,UK,Direct,Enterprise,3,142.75,13.97,128.78,82.85,45.93,116.63,2025,2025-01,Q1
ORD-004426,2025-04-21,Core,UK,Partner,SMB,3,135.49,0.11,135.38,76.64,58.74,130.06,2025,2025-04,Q2
ORD-004427,2025-08-06,Enterprise,India,Online,Enterprise,5,1168.33,20.56,1147.77,762.96,384.81,1064.74,2025,2025-08,Q3
ORD-004428,2025-12-22,Plus,Germany,Online,Mid-Market,3,203.93,14.04,189.89,109.71,80.18,199.98,2025,2025-12,Q4
ORD-004429,2026-02-02,Core,US,Online,SMB,2,82.85,1.74,81.11,52.86,28.25,90.76,2026,2026-02,Q1
ORD-004430,2026-03-12,Plus,India,Direct,Enterprise,1,73.13,4.51,68.62,34.38,34.24,67.77,2026,2026-03,Q1
ORD-004431,2026-04-11,Plus,UAE,Online,Mid-Market,2,149.91,2.36,147.55,84.29,63.26,163.94,2026,2026-04,Q2
ORD-004432,2026-04-29,Enterprise,UK,Direct,Mid-Market,4,923.82,27.7,896.12,554.57,341.55,912.73,2026,2026-04,Q2
ORD-004433,2026-01-17,Core,Germany,Direct,SMB,6,269.44,7.94,261.5,116.83,144.67,238.48,2026,2026-01,Q1
ORD-004434,2025-04-06,Premium,Germany,Direct,SMB,7,800.2,12.61,787.59,381.0,406.59,895.72,2025,2025-04,Q2
ORD-004435,2025-09-07,Core,Germany,Direct,Mid-Market,2,89.99,7.83,82.16,36.89,45.27,80.1,2025,2025-09,Q3
ORD-004436,2025-04-06,Core,India,Online,Enterprise,2,95.08,1.24,93.84,49.7,44.14,88.49,2025,2025-04,Q2
ORD-004437,2025-07-17,Plus,Germany,Direct,Enterprise,4,280.03,6.84,273.19,124.15,149.04,301.35,2025,2025-07,Q3
ORD-004438,2026-04-06,Plus,Germany,Direct,Mid-Market,3,225.4,9.91,215.49,143.86,71.63,233.83,2026,2026-04,Q2
ORD-004439,2026-02-18,Premium,Germany,Direct,Enterprise,4,472.07,9.39,462.68,245.19,217.49,478.71,2026,2026-02,Q1
ORD-004440,2026-01-31,Core,UK,Direct,Mid-Market,6,290.68,0.51,290.17,193.46,96.71,304.74,2026,2026-01,Q1
ORD-004441,2025-06-23,Premium,UK,Partner,SMB,4,432.13,6.76,425.37,238.45,186.92,414.71,2025,2025-06,Q2
ORD-004442,2025-09-23,Core,India,Partner,SMB,3,133.0,0.27,132.73,88.04,44.69,144.89,2025,2025-09,Q3
ORD-004443,2026-06-21,Premium,Germany,Direct,SMB,4,513.02,51.34,461.68,245.35,216.33,464.97,2026,2026-06,Q2
ORD-004444,2026-06-13,Core,US,Direct,SMB,2,94.36,7.03,87.33,45.59,41.74,89.79,2026,2026-06,Q2
ORD-004445,2025-08-20,Core,US,Direct,Enterprise,2,82.85,2.55,80.3,45.05,35.25,83.79,2025,2025-08,Q3
ORD-004446,2026-03-04,Premium,India,Online,SMB,2,242.04,10.8,231.24,118.27,112.97,254.44,2026,2026-03,Q1
ORD-004447,2026-02-14,Enterprise,UAE,Online,Mid-Market,6,1311.91,96.91,1215.0,736.93,478.07,1349.99,2026,2026-02,Q1
ORD-004448,2025-09-28,Plus,India,Direct,Enterprise,7,473.2,1.09,472.11,295.46,176.65,518.89,2025,2025-09,Q3
ORD-004449,2025-03-05,Enterprise,India,Partner,Enterprise,5,1117.47,98.56,1018.91,450.28,568.63,1079.04,2025,2025-03,Q1
ORD-004450,2025-05-04,Enterprise,Germany,Partner,SMB,3,743.99,5.36,738.63,373.92,364.71,820.6,2025,2025-05,Q2
ORD-004451,2025-12-11,Core,UK,Online,Enterprise,2,90.28,3.92,86.36,43.09,43.27,82.9,2025,2025-12,Q4
ORD-004452,2025-08-23,Enterprise,India,Direct,SMB,2,496.59,32.98,463.61,241.95,221.66,443.13,2025,2025-08,Q3
ORD-004453,2025-01-07,Core,India,Partner,SMB,4,191.49,2.79,188.7,108.82,79.88,166.16,2025,2025-01,Q1
ORD-004454,2025-06-12,Core,India,Online,SMB,3,144.26,14.81,129.45,86.27,43.18,114.46,2025,2025-06,Q2
ORD-004455,2025-06-14,Plus,Germany,Online,Mid-Market,2,141.19,5.51,135.68,86.27,49.41,152.6,2025,2025-06,Q2
ORD-004456,2025-01-18,Plus,UK,Direct,Mid-Market,6,441.82,38.43,403.39,233.63,169.76,358.62,2025,2025-01,Q1
ORD-004457,2025-03-18,Core,UK,Partner,SMB,1,41.77,4.7,37.07,24.77,12.3,33.0,2025,2025-03,Q1
ORD-004458,2026-01-09,Plus,UK,Direct,SMB,4,320.14,4.72,315.42,182.86,132.56,318.84,2026,2026-01,Q1
ORD-004459,2026-01-06,Premium,India,Direct,SMB,3,354.49,1.96,352.53,186.93,165.6,363.25,2026,2026-01,Q1
ORD-004460,2025-05-23,Plus,India,Partner,SMB,1,73.37,3.65,69.72,45.83,23.89,72.66,2025,2025-05,Q2
ORD-004461,2025-10-31,Core,India,Direct,SMB,5,215.44,1.85,213.59,130.76,82.83,211.25,2025,2025-10,Q4
ORD-004462,2026-03-15,Premium,UK,Direct,Mid-Market,5,566.97,9.74,557.23,300.66,256.57,522.76,2026,2026-03,Q1
ORD-004463,2026-01-10,Enterprise,UK,Direct,Enterprise,4,939.51,81.07,858.44,553.04,305.4,924.68,2026,2026-01,Q1
ORD-004464,2026-05-12,Core,US,Direct,Mid-Market,1,48.92,0.37,48.55,20.45,28.1,47.97,2026,2026-05,Q2
ORD-004465,2026-03-28,Enterprise,UAE,Online,SMB,2,446.34,9.59,436.75,263.88,172.87,427.37,2026,2026-03,Q1
ORD-004466,2025-01-21,Core,US,Direct,SMB,1,47.51,5.25,42.26,26.68,15.58,44.21,2025,2025-01,Q1
ORD-004467,2025-10-01,Premium,Germany,Online,SMB,3,367.13,23.95,343.18,225.18,118.0,342.19,2025,2025-10,Q4
ORD-004468,2026-06-13,Core,US,Direct,SMB,3,144.83,3.83,141.0,92.31,48.69,124.23,2026,2026-06,Q2
ORD-004469,2025-12-04,Premium,UAE,Online,Mid-Market,1,109.4,2.71,106.69,59.2,47.49,119.77,2025,2025-12,Q4
ORD-004470,2026-04-06,Plus,Germany,Online,Enterprise,4,323.88,6.27,317.61,174.53,143.08,286.18,2026,2026-04,Q2
ORD-004471,2025-08-21,Core,Germany,Online,SMB,1,43.8,1.05,42.75,21.21,21.54,47.76,2025,2025-08,Q3
ORD-004472,2025-12-11,Plus,UK,Online,Enterprise,5,403.98,8.4,395.58,242.8,152.78,397.13,2025,2025-12,Q4
ORD-004473,2025-02-28,Premium,India,Online,SMB,1,119.92,8.27,111.65,57.86,53.79,114.03,2025,2025-02,Q1
ORD-004474,2025-06-24,Premium,US,Direct,SMB,6,737.1,16.74,720.36,460.06,260.3,674.92,2025,2025-06,Q2
ORD-004475,2025-07-17,Enterprise,UAE,Online,Mid-Market,2,435.4,51.71,383.69,226.04,157.65,347.46,2025,2025-07,Q3
ORD-004476,2025-08-18,Premium,UK,Direct,SMB,3,393.95,13.08,380.87,196.74,184.13,391.34,2025,2025-08,Q3
ORD-004477,2025-11-11,Core,India,Online,Enterprise,2,81.72,4.73,76.99,41.2,35.79,82.83,2025,2025-11,Q4
ORD-004478,2025-02-22,Core,US,Online,SMB,1,41.73,2.76,38.97,18.57,20.4,39.58,2025,2025-02,Q1
ORD-004479,2025-01-08,Plus,India,Partner,SMB,4,272.97,16.81,256.16,146.11,110.05,234.97,2025,2025-01,Q1
ORD-004480,2025-01-15,Core,India,Online,SMB,4,194.52,12.57,181.95,88.36,93.59,193.14,2025,2025-01,Q1
ORD-004481,2025-10-01,Enterprise,UK,Online,SMB,2,494.06,11.06,483.0,281.16,201.84,487.57,2025,2025-10,Q4
ORD-004482,2025-04-14,Premium,India,Online,SMB,3,374.44,7.77,366.67,210.51,156.16,392.21,2025,2025-04,Q2
ORD-004483,2025-09-04,Plus,UK,Online,SMB,3,226.1,11.59,214.51,100.16,114.35,235.2,2025,2025-09,Q3
ORD-004484,2026-06-10,Core,UK,Online,Mid-Market,4,192.28,7.76,184.52,95.15,89.37,205.15,2026,2026-06,Q2
ORD-004485,2026-06-10,Premium,UK,Direct,Mid-Market,10,1128.16,48.14,1080.02,575.4,504.62,1129.63,2026,2026-06,Q2
ORD-004486,2026-04-06,Enterprise,India,Direct,SMB,4,902.75,59.11,843.64,406.94,436.7,864.31,2026,2026-04,Q2
ORD-004487,2025-05-09,Core,US,Online,Enterprise,1,41.45,3.63,37.82,22.79,15.03,39.39,2025,2025-05,Q2
ORD-004488,2025-01-21,Core,US,Direct,SMB,2,89.39,1.22,88.17,44.63,43.54,87.85,2025,2025-01,Q1
ORD-004489,2026-07-06,Core,UK,Partner,SMB,8,337.23,2.58,334.65,152.74,181.91,380.33,2026,2026-07,Q3
ORD-004490,2025-11-15,Premium,India,Online,SMB,4,521.59,7.8,513.79,318.72,195.07,492.96,2025,2025-11,Q4
ORD-004491,2025-12-30,Plus,Germany,Direct,SMB,2,160.1,9.0,151.1,99.05,52.05,144.09,2025,2025-12,Q4
ORD-004492,2026-02-02,Enterprise,UK,Direct,SMB,2,469.68,5.87,463.81,228.4,235.41,433.4,2026,2026-02,Q1
ORD-004493,2025-01-31,Premium,Germany,Online,Mid-Market,1,118.6,1.91,116.69,73.66,43.03,107.47,2025,2025-01,Q1
ORD-004494,2026-01-01,Enterprise,US,Direct,SMB,4,1024.18,15.39,1008.79,437.93,570.86,1141.27,2026,2026-01,Q1
ORD-004495,2025-08-13,Premium,UAE,Partner,SMB,3,365.36,35.0,330.36,215.89,114.47,337.16,2025,2025-08,Q3
ORD-004496,2026-06-22,Core,UK,Partner,Mid-Market,1,43.98,3.64,40.34,22.85,17.49,36.95,2026,2026-06,Q2
ORD-004497,2026-01-17,Core,India,Partner,SMB,1,44.55,1.69,42.86,24.45,18.41,43.19,2026,2026-01,Q1
ORD-004498,2025-10-31,Plus,UAE,Partner,Enterprise,2,138.51,5.06,133.45,56.68,76.77,130.29,2025,2025-10,Q4
ORD-004499,2026-03-02,Premium,India,Online,SMB,2,227.31,8.74,218.57,136.58,81.99,195.2,2026,2026-03,Q1
ORD-004500,2026-06-29,Core,Germany,Direct,SMB,2,83.49,3.11,80.38,34.17,46.21,85.85,2026,2026-06,Q2
ORD-004501,2026-05-17,Enterprise,UAE,Direct,SMB,4,1051.33,74.17,977.16,534.95,442.21,1075.65,2026,2026-05,Q2
ORD-004502,2025-01-31,Premium,India,Online,SMB,1,121.06,2.31,118.75,60.76,57.99,119.31,2025,2025-01,Q1
ORD-004503,2025-02-04,Core,Germany,Direct,Enterprise,2,89.1,2.17,86.93,52.99,33.94,80.58,2025,2025-02,Q1
ORD-004504,2026-02-13,Enterprise,Germany,Partner,SMB,1,229.66,12.14,217.52,108.35,109.17,244.49,2026,2026-02,Q1
ORD-004505,2025-11-04,Core,US,Online,Mid-Market,4,175.46,10.09,165.37,90.06,75.31,152.18,2025,2025-11,Q4
ORD-004506,2025-07-08,Enterprise,US,Partner,Enterprise,3,717.77,24.47,693.3,404.82,288.48,665.4,2025,2025-07,Q3
ORD-004507,2025-02-09,Enterprise,UAE,Direct,SMB,6,1390.82,25.27,1365.55,831.82,533.73,1354.45,2025,2025-02,Q1
ORD-004508,2025-07-23,Core,India,Online,SMB,4,188.64,10.89,177.75,98.12,79.63,159.85,2025,2025-07,Q3
ORD-004509,2026-06-20,Core,US,Partner,Mid-Market,6,248.63,19.17,229.46,144.38,85.08,233.66,2026,2026-06,Q2
ORD-004510,2025-02-03,Enterprise,UK,Direct,Mid-Market,4,992.83,32.03,960.8,408.26,552.54,1013.04,2025,2025-02,Q1
ORD-004511,2026-05-26,Core,UK,Direct,Mid-Market,1,46.08,2.94,43.14,18.73,24.41,41.0,2026,2026-05,Q2
ORD-004512,2025-09-05,Plus,US,Online,SMB,6,429.87,1.08,428.79,284.19,144.6,398.17,2025,2025-09,Q3
ORD-004513,2025-01-28,Enterprise,India,Direct,Enterprise,1,229.46,26.6,202.86,130.31,72.55,188.48,2025,2025-01,Q1
ORD-004514,2026-01-07,Plus,UK,Partner,SMB,2,151.69,17.17,134.52,78.61,55.91,125.56,2026,2026-01,Q1
ORD-004515,2026-03-18,Premium,India,Direct,Mid-Market,4,514.52,18.69,495.83,322.94,172.89,540.6,2026,2026-03,Q1
ORD-004516,2025-02-17,Core,UAE,Direct,Mid-Market,3,127.25,2.64,124.61,82.43,42.18,133.0,2025,2025-02,Q1
ORD-004517,2026-06-24,Premium,India,Online,SMB,3,385.36,43.49,341.87,155.76,186.11,378.49,2026,2026-06,Q2
ORD-004518,2025-05-04,Plus,Germany,Direct,Mid-Market,6,470.27,40.4,429.87,236.94,192.93,488.76,2025,2025-05,Q2
ORD-004519,2026-03-13,Plus,UK,Online,SMB,7,516.27,2.7,513.57,285.06,228.51,478.8,2026,2026-03,Q1
ORD-004520,2026-03-27,Plus,Germany,Partner,SMB,4,326.36,5.52,320.84,157.76,163.08,347.65,2026,2026-03,Q1
ORD-004521,2026-01-06,Enterprise,UAE,Online,Mid-Market,1,248.72,33.45,215.27,129.69,85.58,213.3,2026,2026-01,Q1
ORD-004522,2026-05-27,Plus,UK,Direct,SMB,3,204.1,6.14,197.96,93.35,104.61,209.82,2026,2026-05,Q2
ORD-004523,2025-12-15,Core,UK,Direct,SMB,2,98.89,11.41,87.48,50.98,36.5,86.1,2025,2025-12,Q4
ORD-004524,2025-11-13,Plus,India,Direct,Enterprise,1,70.17,1.08,69.09,36.51,32.58,68.0,2025,2025-11,Q4
ORD-004525,2025-07-31,Enterprise,UK,Online,Mid-Market,5,1160.34,17.54,1142.8,484.57,658.23,1211.44,2025,2025-07,Q3
ORD-004526,2026-03-31,Plus,UK,Online,SMB,4,328.53,9.59,318.94,151.85,167.09,303.82,2026,2026-03,Q1
ORD-004527,2026-07-27,Premium,UAE,Direct,Mid-Market,1,108.65,2.52,106.13,66.66,39.47,107.43,2026,2026-07,Q3
ORD-004528,2025-01-20,Enterprise,UK,Online,Enterprise,2,484.09,3.31,480.78,318.55,162.23,470.92,2025,2025-01,Q1
ORD-004529,2025-11-03,Premium,UK,Partner,SMB,2,231.88,2.13,229.75,137.05,92.7,243.37,2025,2025-11,Q4
ORD-004530,2025-03-20,Core,UAE,Online,Mid-Market,2,83.13,0.77,82.36,42.62,39.74,81.03,2025,2025-03,Q1
ORD-004531,2025-02-18,Premium,UAE,Partner,Enterprise,3,367.52,11.15,356.37,233.91,122.46,368.8,2025,2025-02,Q1
ORD-004532,2026-02-12,Plus,UAE,Direct,Enterprise,2,147.08,3.71,143.37,72.98,70.39,162.49,2026,2026-02,Q1
ORD-004533,2025-11-05,Core,UK,Online,Enterprise,2,94.89,11.58,83.31,46.2,37.11,88.41,2025,2025-11,Q4
ORD-004534,2026-07-27,Core,Germany,Partner,Mid-Market,5,233.84,6.18,227.66,112.6,115.06,241.05,2026,2026-07,Q3
ORD-004535,2025-06-12,Plus,India,Partner,Enterprise,1,75.45,9.02,66.43,28.25,38.18,64.57,2025,2025-06,Q2
ORD-004536,2025-03-05,Plus,UAE,Partner,SMB,4,293.81,18.43,275.38,178.85,96.53,267.1,2025,2025-03,Q1
ORD-004537,2026-04-30,Enterprise,Germany,Online,Enterprise,1,253.42,11.14,242.28,158.14,84.14,264.44,2026,2026-04,Q2
ORD-004538,2025-07-12,Premium,Germany,Online,Mid-Market,1,121.7,12.27,109.43,69.9,39.53,103.62,2025,2025-07,Q3
ORD-004539,2025-04-03,Premium,US,Online,Mid-Market,3,353.11,26.05,327.06,188.89,138.17,318.35,2025,2025-04,Q2
ORD-004540,2025-09-03,Enterprise,US,Online,SMB,6,1459.17,44.0,1415.17,657.0,758.17,1386.2,2025,2025-09,Q3
ORD-004541,2025-09-05,Premium,UK,Partner,Mid-Market,1,131.77,0.4,131.37,84.46,46.91,147.09,2025,2025-09,Q3
ORD-004542,2025-11-23,Premium,UK,Partner,Mid-Market,2,235.16,2.31,232.85,136.59,96.26,253.44,2025,2025-11,Q4
ORD-004543,2025-11-26,Enterprise,India,Direct,Mid-Market,4,958.61,18.25,940.36,595.66,344.7,1011.62,2025,2025-11,Q4
ORD-004544,2025-12-12,Enterprise,US,Online,Mid-Market,2,460.56,53.07,407.49,212.19,195.3,400.84,2025,2025-12,Q4
ORD-004545,2025-11-02,Core,UK,Partner,Mid-Market,1,42.57,0.77,41.8,18.74,23.06,41.62,2025,2025-11,Q4
ORD-004546,2025-09-30,Core,UK,Online,SMB,8,329.42,4.78,324.64,200.25,124.39,361.85,2025,2025-09,Q3
ORD-004547,2026-02-03,Premium,UK,Partner,Enterprise,1,117.61,6.69,110.92,55.57,55.35,113.11,2026,2026-02,Q1
ORD-004548,2025-06-20,Enterprise,US,Direct,SMB,6,1518.52,78.35,1440.17,766.62,673.55,1290.79,2025,2025-06,Q2
ORD-004549,2026-01-14,Premium,UK,Online,Mid-Market,2,217.67,2.89,214.78,122.46,92.32,243.18,2026,2026-01,Q1
ORD-004550,2026-03-06,Enterprise,US,Direct,SMB,2,517.74,52.58,465.16,227.07,238.09,475.17,2026,2026-03,Q1
ORD-004551,2025-11-22,Plus,US,Direct,Enterprise,2,160.38,1.93,158.45,89.74,68.71,180.47,2025,2025-11,Q4
ORD-004552,2025-03-22,Core,UK,Online,SMB,3,131.18,0.17,131.01,59.83,71.18,140.61,2025,2025-03,Q1
ORD-004553,2025-02-21,Premium,UK,Partner,Mid-Market,1,123.39,4.31,119.08,75.81,43.27,118.38,2025,2025-02,Q1
ORD-004554,2026-02-09,Enterprise,UK,Direct,SMB,7,1602.29,72.84,1529.45,656.62,872.83,1518.93,2026,2026-02,Q1
ORD-004555,2025-07-03,Plus,India,Direct,Mid-Market,3,204.32,11.7,192.62,120.38,72.24,192.9,2025,2025-07,Q3
ORD-004556,2025-01-11,Premium,Germany,Online,SMB,2,228.9,11.07,217.83,128.08,89.75,203.07,2025,2025-01,Q1
ORD-004557,2026-04-01,Enterprise,UK,Online,SMB,2,434.6,22.15,412.45,246.09,166.36,429.12,2026,2026-04,Q2
ORD-004558,2026-01-13,Plus,UK,Online,SMB,4,270.8,3.09,267.71,176.53,91.18,275.5,2026,2026-01,Q1
ORD-004559,2025-10-09,Premium,US,Direct,Mid-Market,2,250.17,2.54,247.63,159.9,87.73,226.79,2025,2025-10,Q4
ORD-004560,2025-10-06,Core,UK,Partner,Mid-Market,6,290.83,16.88,273.95,145.55,128.4,278.96,2025,2025-10,Q4
ORD-004561,2025-03-22,Plus,UK,Direct,SMB,5,411.3,33.35,377.95,242.1,135.85,341.35,2025,2025-03,Q1
ORD-004562,2025-11-22,Core,India,Partner,SMB,3,140.48,4.95,135.53,85.67,49.86,134.54,2025,2025-11,Q4
ORD-004563,2025-08-20,Enterprise,Germany,Direct,SMB,3,666.2,53.83,612.37,263.25,349.12,616.21,2025,2025-08,Q3
ORD-004564,2025-09-18,Plus,US,Online,Mid-Market,4,325.57,1.52,324.05,136.27,187.78,301.37,2025,2025-09,Q3
ORD-004565,2025-11-15,Plus,India,Direct,SMB,3,210.45,14.04,196.41,129.89,66.52,212.85,2025,2025-11,Q4
ORD-004566,2025-08-27,Enterprise,US,Direct,SMB,1,244.62,26.42,218.2,141.54,76.66,208.54,2025,2025-08,Q3
ORD-004567,2026-05-26,Plus,US,Partner,Enterprise,2,150.98,3.11,147.87,70.56,77.31,139.21,2026,2026-05,Q2
ORD-004568,2025-01-23,Core,UK,Partner,Enterprise,3,127.21,2.29,124.92,55.83,69.09,111.28,2025,2025-01,Q1
ORD-004569,2025-03-01,Plus,UK,Direct,SMB,1,72.34,3.0,69.34,30.1,39.24,77.43,2025,2025-03,Q1
ORD-004570,2025-11-02,Premium,UK,Direct,Enterprise,4,492.9,16.12,476.78,263.71,213.07,513.15,2025,2025-11,Q4
ORD-004571,2025-08-03,Core,India,Direct,SMB,4,197.39,0.09,197.3,104.98,92.32,178.64,2025,2025-08,Q3
ORD-004572,2025-06-16,Premium,India,Partner,Enterprise,6,786.85,35.74,751.11,355.41,395.7,668.85,2025,2025-06,Q2
ORD-004573,2025-05-05,Core,Germany,Partner,Enterprise,2,83.9,0.93,82.97,42.58,40.39,76.85,2025,2025-05,Q2
ORD-004574,2025-05-14,Plus,India,Online,Enterprise,1,69.04,0.75,68.29,29.76,38.53,65.69,2025,2025-05,Q2
ORD-004575,2025-05-03,Premium,UAE,Online,SMB,3,366.22,4.17,362.05,165.58,196.47,388.39,2025,2025-05,Q2
ORD-004576,2025-11-29,Premium,US,Partner,SMB,2,240.65,9.52,231.13,99.05,132.08,245.86,2025,2025-11,Q4
ORD-004577,2025-12-16,Core,UK,Online,Mid-Market,2,86.23,1.74,84.49,49.64,34.85,75.0,2025,2025-12,Q4
ORD-004578,2026-04-25,Enterprise,India,Partner,SMB,2,459.28,7.59,451.69,290.55,161.14,427.8,2026,2026-04,Q2
ORD-004579,2025-12-27,Premium,India,Partner,Mid-Market,2,222.19,16.72,205.47,135.11,70.36,209.31,2025,2025-12,Q4
ORD-004580,2025-11-08,Enterprise,UK,Direct,SMB,2,435.83,30.14,405.69,204.51,201.18,409.97,2025,2025-11,Q4
ORD-004581,2025-03-08,Core,UK,Direct,SMB,3,125.29,5.1,120.19,58.57,61.62,115.04,2025,2025-03,Q1
ORD-004582,2026-06-08,Plus,India,Online,SMB,3,231.21,3.31,227.9,96.82,131.08,244.38,2026,2026-06,Q2
ORD-004583,2026-07-23,Core,UK,Direct,SMB,2,91.83,4.06,87.77,48.02,39.75,89.05,2026,2026-07,Q3
ORD-004584,2025-12-31,Plus,Germany,Direct,Mid-Market,3,239.67,24.04,215.63,99.32,116.31,234.77,2025,2025-12,Q4
ORD-004585,2026-05-19,Core,Germany,Direct,SMB,2,88.82,2.72,86.1,39.84,46.26,95.84,2026,2026-05,Q2
ORD-004586,2025-12-25,Enterprise,UAE,Direct,Mid-Market,1,263.26,9.05,254.21,162.95,91.26,277.7,2025,2025-12,Q4
ORD-004587,2025-04-26,Premium,US,Online,SMB,4,524.71,58.47,466.24,297.25,168.99,421.23,2025,2025-04,Q2
ORD-004588,2025-09-06,Premium,US,Direct,Mid-Market,5,576.64,8.67,567.97,240.84,327.13,608.65,2025,2025-09,Q3
ORD-004589,2025-11-21,Plus,India,Direct,Mid-Market,1,77.79,0.72,77.07,47.45,29.62,86.11,2025,2025-11,Q4
ORD-004590,2026-04-10,Core,UK,Online,Mid-Market,2,91.5,9.2,82.3,52.56,29.74,91.8,2026,2026-04,Q2
ORD-004591,2025-10-01,Plus,UK,Online,Enterprise,5,368.41,20.85,347.56,150.76,196.8,324.68,2025,2025-10,Q4
ORD-004592,2026-05-03,Plus,UAE,Online,SMB,1,72.27,0.22,72.05,31.85,40.2,74.01,2026,2026-05,Q2
ORD-004593,2025-11-22,Plus,India,Online,SMB,2,135.68,1.17,134.51,81.91,52.6,127.11,2025,2025-11,Q4
ORD-004594,2026-05-30,Core,UK,Direct,Mid-Market,4,164.77,9.53,155.24,82.79,72.45,156.43,2026,2026-05,Q2
ORD-004595,2025-11-11,Premium,US,Direct,Enterprise,1,109.76,5.85,103.91,57.51,46.4,117.77,2025,2025-11,Q4
ORD-004596,2026-07-03,Core,US,Partner,SMB,5,226.4,12.56,213.84,132.07,81.77,221.8,2026,2026-07,Q3
ORD-004597,2026-04-01,Plus,US,Direct,Mid-Market,5,385.45,14.63,370.82,219.3,151.52,369.69,2026,2026-04,Q2
ORD-004598,2025-11-28,Plus,UAE,Online,SMB,2,161.46,5.19,156.27,99.36,56.91,167.6,2025,2025-11,Q4
ORD-004599,2025-08-19,Core,US,Online,SMB,2,93.49,0.66,92.83,60.64,32.19,90.86,2025,2025-08,Q3
ORD-004600,2025-11-26,Core,Germany,Online,SMB,3,144.87,2.51,142.36,81.3,61.06,150.49,2025,2025-11,Q4
ORD-004601,2025-08-08,Premium,UK,Direct,SMB,2,227.63,9.21,218.42,142.05,76.37,223.29,2025,2025-08,Q3
ORD-004602,2025-08-02,Core,UK,Partner,Mid-Market,8,350.19,17.61,332.58,166.97,165.61,332.95,2025,2025-08,Q3
ORD-004603,2026-02-08,Core,UK,Direct,Mid-Market,3,142.7,1.55,141.15,73.44,67.71,143.76,2026,2026-02,Q1
ORD-004604,2025-11-01,Core,UK,Online,Enterprise,1,45.21,7.0,38.21,18.09,20.12,38.21,2025,2025-11,Q4
ORD-004605,2025-07-02,Premium,UAE,Partner,Enterprise,7,882.95,24.66,858.29,369.79,488.5,760.58,2025,2025-07,Q3
ORD-004606,2026-03-02,Enterprise,UAE,Online,Mid-Market,1,217.44,8.83,208.61,104.58,104.03,203.85,2026,2026-03,Q1
ORD-004607,2025-09-25,Plus,UK,Online,SMB,1,75.22,7.92,67.3,31.14,36.16,76.44,2025,2025-09,Q3
ORD-004608,2025-09-22,Plus,US,Partner,Mid-Market,1,79.6,4.89,74.71,37.4,37.31,84.95,2025,2025-09,Q3
ORD-004609,2026-01-10,Plus,US,Online,SMB,11,852.69,74.72,777.97,469.87,308.1,818.42,2026,2026-01,Q1
ORD-004610,2025-05-27,Plus,UAE,Online,Mid-Market,4,328.09,5.5,322.59,175.46,147.13,312.94,2025,2025-05,Q2
ORD-004611,2025-06-16,Premium,UK,Online,SMB,3,334.26,2.58,331.68,155.33,176.35,373.16,2025,2025-06,Q2
ORD-004612,2025-04-23,Core,UAE,Online,SMB,1,48.34,3.2,45.14,28.17,16.97,46.99,2025,2025-04,Q2
ORD-004613,2025-12-15,Premium,India,Online,SMB,2,251.34,11.52,239.82,129.37,110.45,222.18,2025,2025-12,Q4
ORD-004614,2025-05-27,Plus,UK,Direct,SMB,1,76.91,1.15,75.76,47.26,28.5,83.63,2025,2025-05,Q2
ORD-004615,2025-03-09,Enterprise,India,Partner,SMB,3,772.09,46.04,726.05,328.34,397.71,732.64,2025,2025-03,Q1
ORD-004616,2025-01-30,Plus,US,Online,SMB,2,155.78,1.03,154.75,77.05,77.7,152.74,2025,2025-01,Q1
ORD-004617,2025-06-02,Premium,US,Online,SMB,1,114.39,3.34,111.05,55.97,55.08,107.15,2025,2025-06,Q2
ORD-004618,2025-04-26,Plus,UAE,Partner,Mid-Market,1,76.14,0.25,75.89,49.99,25.9,73.54,2025,2025-04,Q2
ORD-004619,2025-08-13,Plus,UK,Online,SMB,3,232.91,10.49,222.42,134.18,88.24,203.64,2025,2025-08,Q3
ORD-004620,2026-03-10,Plus,India,Partner,Mid-Market,1,75.95,0.62,75.33,43.39,31.94,78.7,2026,2026-03,Q1
ORD-004621,2025-04-09,Premium,UK,Partner,Enterprise,4,489.17,33.24,455.93,231.9,224.03,442.16,2025,2025-04,Q2
ORD-004622,2026-02-06,Core,UK,Direct,SMB,2,90.96,4.1,86.86,48.66,38.2,79.57,2026,2026-02,Q1
ORD-004623,2025-07-18,Core,US,Online,SMB,1,48.47,1.94,46.53,24.89,21.64,46.72,2025,2025-07,Q3
ORD-004624,2026-03-24,Premium,India,Direct,Enterprise,1,123.57,2.73,120.84,51.04,69.8,131.01,2026,2026-03,Q1
ORD-004625,2026-03-02,Plus,UK,Partner,SMB,1,74.12,0.26,73.86,37.85,36.01,68.09,2026,2026-03,Q1
ORD-004626,2026-07-15,Plus,India,Online,Mid-Market,4,296.07,4.19,291.88,131.33,160.55,276.17,2026,2026-07,Q3
ORD-004627,2025-06-01,Core,US,Partner,SMB,3,146.43,9.39,137.04,57.89,79.15,142.44,2025,2025-06,Q2
ORD-004628,2025-07-23,Enterprise,UAE,Direct,Mid-Market,2,464.73,17.06,447.67,254.2,193.47,411.73,2025,2025-07,Q3
ORD-004629,2025-11-05,Enterprise,UAE,Partner,SMB,5,1127.32,68.39,1058.93,588.19,470.74,1025.68,2025,2025-11,Q4
ORD-004630,2025-11-12,Core,India,Partner,SMB,6,290.8,3.94,286.86,146.08,140.78,256.3,2025,2025-11,Q4
ORD-004631,2025-11-26,Core,UK,Partner,Enterprise,3,142.18,2.68,139.5,74.12,65.38,128.19,2025,2025-11,Q4
ORD-004632,2026-01-14,Core,US,Direct,Mid-Market,3,126.22,2.69,123.53,74.77,48.76,135.48,2026,2026-01,Q1
ORD-004633,2026-07-19,Enterprise,India,Direct,SMB,4,913.04,12.07,900.97,398.45,502.52,990.9,2026,2026-07,Q3
ORD-004634,2025-03-14,Core,Germany,Online,SMB,2,96.37,1.89,94.48,40.6,53.88,90.55,2025,2025-03,Q1
ORD-004635,2025-08-18,Plus,UK,Direct,Mid-Market,3,216.84,5.81,211.03,123.41,87.62,217.47,2025,2025-08,Q3
ORD-004636,2025-09-14,Core,UK,Partner,Mid-Market,6,278.37,15.6,262.77,136.5,126.27,243.37,2025,2025-09,Q3
ORD-004637,2026-01-29,Core,US,Partner,SMB,2,89.22,5.67,83.55,38.58,44.97,88.06,2026,2026-01,Q1
ORD-004638,2025-10-25,Plus,India,Direct,SMB,3,246.71,9.91,236.8,124.91,111.89,213.51,2025,2025-10,Q4
ORD-004639,2025-12-21,Premium,UAE,Online,Mid-Market,1,110.71,2.93,107.78,53.92,53.86,106.83,2025,2025-12,Q4
ORD-004640,2026-03-05,Core,India,Direct,Mid-Market,3,123.94,7.21,116.73,69.21,47.52,122.02,2026,2026-03,Q1
ORD-004641,2025-08-28,Plus,UAE,Partner,SMB,1,77.28,7.76,69.52,44.38,25.14,73.67,2025,2025-08,Q3
ORD-004642,2026-01-01,Premium,India,Partner,SMB,3,328.88,10.59,318.29,198.2,120.09,306.89,2026,2026-01,Q1
ORD-004643,2025-05-21,Core,India,Direct,Enterprise,2,96.91,5.9,91.01,56.98,34.03,80.24,2025,2025-05,Q2
ORD-004644,2026-04-08,Plus,US,Partner,SMB,3,237.04,5.25,231.79,101.69,130.1,204.1,2026,2026-04,Q2
ORD-004645,2026-01-28,Plus,India,Direct,SMB,2,137.01,2.59,134.42,82.84,51.58,135.06,2026,2026-01,Q1
ORD-004646,2025-01-13,Plus,Germany,Partner,Mid-Market,3,206.16,3.05,203.11,91.07,112.04,202.04,2025,2025-01,Q1
ORD-004647,2025-12-24,Enterprise,UK,Online,SMB,6,1431.38,58.11,1373.27,674.54,698.73,1279.55,2025,2025-12,Q4
ORD-004648,2025-05-10,Plus,India,Online,Mid-Market,7,546.84,51.67,495.17,314.77,180.4,543.67,2025,2025-05,Q2
ORD-004649,2026-05-16,Core,UK,Partner,SMB,3,144.54,5.86,138.68,87.73,50.95,147.23,2026,2026-05,Q2
ORD-004650,2025-10-19,Premium,Germany,Online,Enterprise,2,237.22,6.05,231.17,122.92,108.25,219.51,2025,2025-10,Q4
ORD-004651,2026-03-17,Plus,Germany,Partner,Mid-Market,3,225.13,10.41,214.72,136.43,78.29,220.6,2026,2026-03,Q1
ORD-004652,2025-02-19,Plus,US,Online,Enterprise,1,70.19,1.9,68.29,39.58,28.71,67.3,2025,2025-02,Q1
ORD-004653,2026-06-17,Plus,India,Online,Mid-Market,2,154.83,6.25,148.58,82.41,66.17,165.35,2026,2026-06,Q2
ORD-004654,2026-02-06,Premium,UK,Direct,Mid-Market,1,122.86,0.76,122.1,74.03,48.07,108.65,2026,2026-02,Q1
ORD-004655,2025-01-01,Plus,Germany,Online,SMB,1,67.75,1.24,66.51,30.71,35.8,70.22,2025,2025-01,Q1
ORD-004656,2026-06-06,Premium,US,Online,Mid-Market,1,120.23,0.55,119.68,56.54,63.14,134.36,2026,2026-06,Q2
ORD-004657,2026-02-17,Core,UAE,Partner,Enterprise,6,287.45,20.31,267.14,175.92,91.22,285.85,2026,2026-02,Q1
ORD-004658,2025-06-19,Core,US,Direct,Enterprise,2,94.88,8.2,86.68,46.09,40.59,91.87,2025,2025-06,Q2
ORD-004659,2025-02-14,Core,UK,Online,Enterprise,1,42.3,4.07,38.23,22.29,15.94,42.25,2025,2025-02,Q1
ORD-004660,2025-10-30,Plus,Germany,Online,Mid-Market,2,150.2,1.98,148.22,98.52,49.7,165.28,2025,2025-10,Q4
ORD-004661,2025-02-27,Plus,UAE,Direct,SMB,4,288.09,21.34,266.75,132.93,133.82,239.15,2025,2025-02,Q1
ORD-004662,2025-12-25,Enterprise,UK,Partner,SMB,3,660.51,18.92,641.59,372.61,268.98,682.63,2025,2025-12,Q4
ORD-004663,2025-02-25,Premium,US,Partner,Enterprise,6,738.33,23.17,715.16,457.08,258.08,692.92,2025,2025-02,Q1
ORD-004664,2026-05-03,Core,India,Online,SMB,1,48.13,1.57,46.56,24.92,21.64,46.39,2026,2026-05,Q2
ORD-004665,2025-02-27,Core,US,Partner,Enterprise,4,188.43,4.49,183.94,120.29,63.65,197.89,2025,2025-02,Q1
ORD-004666,2026-04-11,Core,US,Direct,SMB,2,88.15,3.01,85.14,47.04,38.1,92.28,2026,2026-04,Q2
ORD-004667,2025-12-15,Enterprise,Germany,Direct,Mid-Market,4,946.17,97.88,848.29,517.09,331.2,955.35,2025,2025-12,Q4
ORD-004668,2026-05-12,Plus,UAE,Direct,SMB,2,146.54,5.83,140.71,81.55,59.16,125.52,2026,2026-05,Q2
ORD-004669,2026-07-04,Core,India,Direct,SMB,1,43.05,3.34,39.71,17.25,22.46,44.21,2026,2026-07,Q3
ORD-004670,2025-06-04,Premium,Germany,Direct,Mid-Market,1,118.02,0.53,117.49,71.16,46.33,122.73,2025,2025-06,Q2
ORD-004671,2025-07-24,Core,India,Direct,Enterprise,1,41.64,1.72,39.92,22.68,17.24,40.3,2025,2025-07,Q3
ORD-004672,2025-02-11,Plus,India,Partner,SMB,2,135.63,4.2,131.43,56.12,75.31,120.48,2025,2025-02,Q1
ORD-004673,2025-02-27,Enterprise,Germany,Online,Enterprise,3,751.79,6.34,745.45,459.47,285.98,820.03,2025,2025-02,Q1
ORD-004674,2025-12-14,Premium,US,Direct,SMB,9,1001.05,5.08,995.97,443.25,552.72,1114.6,2025,2025-12,Q4
ORD-004675,2025-01-30,Premium,UAE,Online,SMB,2,260.32,10.73,249.59,162.49,87.1,235.49,2025,2025-01,Q1
ORD-004676,2026-06-02,Enterprise,US,Partner,Enterprise,1,258.12,20.6,237.52,107.23,130.29,263.72,2026,2026-06,Q2
ORD-004677,2025-09-26,Plus,India,Online,Mid-Market,4,276.46,7.24,269.22,138.04,131.18,303.66,2025,2025-09,Q3
ORD-004678,2026-02-19,Enterprise,US,Online,SMB,10,2388.14,192.17,2195.97,1276.14,919.83,2081.61,2026,2026-02,Q1
ORD-004679,2025-10-07,Enterprise,US,Direct,Mid-Market,4,1011.93,36.9,975.03,564.72,410.31,938.92,2025,2025-10,Q4
ORD-004680,2026-06-23,Core,India,Direct,Enterprise,5,226.05,9.45,216.6,106.35,110.25,194.54,2026,2026-06,Q2
ORD-004681,2026-01-23,Plus,UK,Partner,SMB,2,137.47,4.23,133.24,63.61,69.63,142.52,2026,2026-01,Q1
ORD-004682,2025-10-02,Core,Germany,Direct,SMB,4,181.38,10.94,170.44,98.12,72.32,155.03,2025,2025-10,Q4
ORD-004683,2025-11-29,Core,UAE,Online,Enterprise,2,97.69,10.08,87.61,51.65,35.96,90.7,2025,2025-11,Q4
ORD-004684,2026-02-11,Premium,Germany,Direct,Enterprise,3,351.11,19.45,331.66,142.87,188.79,321.6,2026,2026-02,Q1
ORD-004685,2026-04-19,Plus,UAE,Direct,Mid-Market,2,152.9,3.46,149.44,80.54,68.9,153.62,2026,2026-04,Q2
ORD-004686,2025-09-30,Core,UK,Online,SMB,1,46.92,5.59,41.33,20.96,20.37,44.6,2025,2025-09,Q3
ORD-004687,2025-11-11,Plus,UK,Online,Enterprise,2,163.95,7.66,156.29,102.91,53.38,140.14,2025,2025-11,Q4
ORD-004688,2025-06-23,Premium,India,Partner,SMB,4,493.78,60.6,433.18,259.17,174.01,381.66,2025,2025-06,Q2
ORD-004689,2025-02-09,Core,UAE,Direct,SMB,2,95.21,1.27,93.94,39.74,54.2,92.64,2025,2025-02,Q1
ORD-004690,2026-07-27,Core,US,Online,SMB,3,140.63,1.95,138.68,67.86,70.82,134.6,2026,2026-07,Q3
ORD-004691,2026-06-29,Plus,UK,Direct,SMB,1,69.65,1.18,68.47,44.65,23.82,77.42,2026,2026-06,Q2
ORD-004692,2026-04-12,Enterprise,Germany,Online,SMB,2,510.74,27.49,483.25,238.09,245.16,447.67,2026,2026-04,Q2
ORD-004693,2026-07-16,Enterprise,US,Direct,SMB,4,978.52,19.44,959.08,526.73,432.35,1030.16,2026,2026-07,Q3
ORD-004694,2025-08-12,Core,India,Direct,Enterprise,4,188.96,7.31,181.65,82.02,99.63,185.9,2025,2025-08,Q3
ORD-004695,2026-01-25,Enterprise,UK,Direct,SMB,2,508.88,8.38,500.5,246.62,253.88,550.0,2026,2026-01,Q1
ORD-004696,2026-05-17,Premium,US,Partner,SMB,5,568.28,3.41,564.87,307.42,257.45,621.65,2026,2026-05,Q2
ORD-004697,2026-01-17,Premium,Germany,Partner,Enterprise,3,347.97,2.11,345.86,178.86,167.0,357.61,2026,2026-01,Q1
ORD-004698,2025-01-26,Plus,US,Online,SMB,3,223.18,0.65,222.53,143.08,79.45,214.83,2025,2025-01,Q1
ORD-004699,2026-02-23,Core,India,Partner,Mid-Market,3,128.18,0.29,127.89,71.46,56.43,126.27,2026,2026-02,Q1
ORD-004700,2025-02-18,Premium,Germany,Online,SMB,4,511.46,20.81,490.65,298.54,192.11,484.24,2025,2025-02,Q1
ORD-004701,2026-05-18,Core,US,Direct,Mid-Market,5,237.8,13.5,224.3,105.91,118.39,253.16,2026,2026-05,Q2
ORD-004702,2025-02-11,Core,UK,Partner,SMB,4,188.34,4.47,183.87,102.99,80.88,167.96,2025,2025-02,Q1
ORD-004703,2025-05-22,Enterprise,US,Direct,Mid-Market,1,241.04,4.22,236.82,139.6,97.22,209.79,2025,2025-05,Q2
ORD-004704,2026-05-04,Plus,UK,Direct,Enterprise,3,222.08,3.73,218.35,105.97,112.38,205.19,2026,2026-05,Q2
ORD-004705,2025-07-25,Core,Germany,Online,SMB,5,238.83,1.8,237.03,145.66,91.37,216.86,2025,2025-07,Q3
ORD-004706,2025-07-16,Enterprise,UK,Online,SMB,2,450.02,34.28,415.74,242.7,173.04,467.75,2025,2025-07,Q3
ORD-004707,2025-04-07,Enterprise,UK,Online,Enterprise,2,509.54,25.69,483.85,213.55,270.3,536.39,2025,2025-04,Q2
ORD-004708,2026-04-27,Core,UK,Direct,SMB,3,134.04,14.35,119.69,59.09,60.6,117.51,2026,2026-04,Q2
ORD-004709,2026-03-28,Plus,India,Online,Enterprise,1,70.3,1.75,68.55,45.82,22.73,68.71,2026,2026-03,Q1
ORD-004710,2026-02-14,Plus,India,Online,Enterprise,3,243.0,3.01,239.99,116.18,123.81,240.36,2026,2026-02,Q1
ORD-004711,2026-03-03,Enterprise,UK,Partner,SMB,3,748.68,54.4,694.28,339.59,354.69,763.16,2026,2026-03,Q1
ORD-004712,2025-12-03,Core,UK,Partner,Enterprise,2,82.0,5.08,76.92,49.9,27.02,78.9,2025,2025-12,Q4
ORD-004713,2025-06-20,Plus,US,Partner,SMB,4,322.47,6.26,316.21,134.94,181.27,349.94,2025,2025-06,Q2
ORD-004714,2025-08-25,Core,Germany,Partner,Mid-Market,1,48.21,2.43,45.78,23.48,22.3,47.7,2025,2025-08,Q3
ORD-004715,2026-06-23,Plus,UK,Direct,SMB,1,70.29,4.48,65.81,42.63,23.18,59.92,2026,2026-06,Q2
ORD-004716,2025-05-24,Core,India,Direct,Mid-Market,4,192.74,9.27,183.47,78.44,105.03,189.52,2025,2025-05,Q2
ORD-004717,2026-03-02,Premium,UK,Online,Mid-Market,2,232.33,0.75,231.58,105.42,126.16,242.17,2026,2026-03,Q1
ORD-004718,2026-04-09,Plus,UAE,Online,SMB,3,244.25,4.12,240.13,108.33,131.8,221.47,2026,2026-04,Q2
ORD-004719,2026-05-23,Plus,UK,Online,SMB,1,79.65,0.82,78.83,41.59,37.24,88.72,2026,2026-05,Q2
ORD-004720,2025-10-20,Plus,UK,Online,SMB,2,146.88,6.43,140.45,65.27,75.18,126.71,2025,2025-10,Q4
ORD-004721,2025-03-28,Premium,UK,Online,Enterprise,2,232.25,6.45,225.8,145.31,80.49,239.23,2025,2025-03,Q1
ORD-004722,2025-10-14,Core,UK,Direct,SMB,2,84.71,2.87,81.84,44.92,36.92,74.94,2025,2025-10,Q4
ORD-004723,2025-05-21,Premium,UAE,Online,Mid-Market,7,756.17,24.27,731.9,397.08,334.82,770.77,2025,2025-05,Q2
ORD-004724,2026-04-02,Premium,India,Partner,Mid-Market,1,119.76,8.81,110.95,56.96,53.99,105.66,2026,2026-04,Q2
ORD-004725,2025-02-24,Enterprise,India,Direct,Mid-Market,3,739.11,22.32,716.79,402.61,314.18,708.07,2025,2025-02,Q1
ORD-004726,2025-06-13,Plus,India,Online,SMB,2,161.82,7.95,153.87,87.27,66.6,153.85,2025,2025-06,Q2
ORD-004727,2025-05-31,Premium,US,Online,SMB,7,808.76,1.33,807.43,435.0,372.43,720.2,2025,2025-05,Q2
ORD-004728,2026-03-23,Core,US,Direct,SMB,7,325.53,6.95,318.58,196.55,122.03,291.66,2026,2026-03,Q1
ORD-004729,2025-02-23,Enterprise,US,Direct,SMB,5,1313.95,5.47,1308.48,864.86,443.62,1374.48,2025,2025-02,Q1
ORD-004730,2025-07-26,Premium,UK,Online,Enterprise,2,234.32,3.16,231.16,128.22,102.94,254.18,2025,2025-07,Q3
ORD-004731,2026-05-08,Enterprise,UAE,Partner,Mid-Market,6,1308.01,12.73,1295.28,710.7,584.58,1243.84,2026,2026-05,Q2
ORD-004732,2026-02-18,Premium,India,Partner,Mid-Market,1,116.13,3.06,113.07,56.49,56.58,113.14,2026,2026-02,Q1
ORD-004733,2026-02-04,Premium,UK,Online,SMB,1,110.19,0.32,109.87,67.52,42.35,118.87,2026,2026-02,Q1
ORD-004734,2026-07-22,Premium,India,Direct,SMB,2,240.3,13.55,226.75,107.06,119.69,236.98,2026,2026-07,Q3
ORD-004735,2025-09-28,Premium,India,Direct,Enterprise,3,372.38,6.51,365.87,217.77,148.1,347.01,2025,2025-09,Q3
ORD-004736,2025-01-19,Premium,India,Partner,SMB,3,330.95,15.0,315.95,174.58,141.37,319.78,2025,2025-01,Q1
ORD-004737,2026-01-17,Plus,UAE,Online,Mid-Market,4,274.72,5.91,268.81,176.81,92.0,284.31,2026,2026-01,Q1
ORD-004738,2025-09-08,Plus,UK,Partner,SMB,5,375.59,51.06,324.53,207.7,116.83,306.68,2025,2025-09,Q3
ORD-004739,2025-06-05,Enterprise,India,Partner,Enterprise,2,461.8,14.34,447.46,276.44,171.02,456.98,2025,2025-06,Q2
ORD-004740,2025-03-24,Enterprise,India,Online,Mid-Market,2,467.78,55.07,412.71,202.27,210.44,462.68,2025,2025-03,Q1
ORD-004741,2026-04-14,Core,UK,Online,Mid-Market,1,40.9,1.54,39.36,17.78,21.58,36.64,2026,2026-04,Q2
ORD-004742,2025-07-20,Enterprise,Germany,Online,Enterprise,3,753.37,7.98,745.39,398.64,346.75,724.07,2025,2025-07,Q3
ORD-004743,2025-04-21,Core,US,Direct,SMB,6,288.76,1.08,287.68,165.7,121.98,304.8,2025,2025-04,Q2
ORD-004744,2026-05-13,Core,US,Online,SMB,2,84.84,0.96,83.88,39.21,44.67,76.85,2026,2026-05,Q2
ORD-004745,2025-07-13,Premium,UK,Online,SMB,2,258.24,8.07,250.17,138.42,111.75,274.31,2025,2025-07,Q3
ORD-004746,2025-04-16,Core,US,Partner,SMB,1,44.97,1.71,43.26,25.1,18.16,39.78,2025,2025-04,Q2
ORD-004747,2025-04-05,Plus,UK,Direct,Mid-Market,4,271.65,5.48,266.17,126.29,139.88,254.22,2025,2025-04,Q2
ORD-004748,2026-03-13,Plus,UK,Direct,Mid-Market,1,72.55,5.22,67.33,42.46,24.87,63.5,2026,2026-03,Q1
ORD-004749,2025-12-17,Core,UAE,Online,SMB,2,95.93,1.69,94.24,44.47,49.77,103.99,2025,2025-12,Q4
ORD-004750,2026-03-06,Enterprise,India,Partner,Mid-Market,2,456.23,1.32,454.91,289.22,165.69,475.45,2026,2026-03,Q1
ORD-004751,2025-08-04,Core,UK,Direct,Mid-Market,1,41.3,0.38,40.92,23.15,17.77,44.71,2025,2025-08,Q3
ORD-004752,2026-06-06,Plus,US,Online,SMB,4,301.62,0.88,300.74,186.98,113.76,315.96,2026,2026-06,Q2
ORD-004753,2026-05-29,Enterprise,India,Direct,SMB,2,500.92,7.97,492.95,307.92,185.03,474.01,2026,2026-05,Q2
ORD-004754,2025-03-11,Plus,UK,Online,SMB,2,144.43,3.61,140.82,61.13,79.69,130.61,2025,2025-03,Q1
ORD-004755,2026-02-06,Plus,US,Online,Mid-Market,1,75.17,0.44,74.73,37.1,37.63,78.99,2026,2026-02,Q1
ORD-004756,2026-01-31,Plus,India,Online,SMB,3,243.04,1.99,241.05,108.68,132.37,249.71,2026,2026-01,Q1
ORD-004757,2026-03-10,Premium,UK,Partner,Enterprise,2,234.53,3.96,230.57,144.19,86.38,218.22,2026,2026-03,Q1
ORD-004758,2026-07-03,Core,US,Partner,Enterprise,1,47.74,2.75,44.99,20.22,24.77,48.2,2026,2026-07,Q3
ORD-004759,2025-02-12,Enterprise,UK,Partner,Mid-Market,2,468.92,3.45,465.47,230.42,235.05,501.57,2025,2025-02,Q1
ORD-004760,2025-01-15,Enterprise,UK,Online,Enterprise,5,1163.31,35.77,1127.54,716.02,411.52,1265.39,2025,2025-01,Q1
ORD-004761,2026-02-07,Premium,UK,Direct,Mid-Market,3,366.69,11.93,354.76,218.98,135.78,357.81,2026,2026-02,Q1
ORD-004762,2026-01-07,Enterprise,UK,Direct,Mid-Market,1,249.78,6.16,243.62,162.48,81.14,247.67,2026,2026-01,Q1
ORD-004763,2025-07-01,Enterprise,India,Online,Enterprise,1,255.23,9.32,245.91,132.71,113.2,261.49,2025,2025-07,Q3
ORD-004764,2026-04-13,Plus,UK,Direct,SMB,4,291.01,15.84,275.17,139.93,135.24,261.49,2026,2026-04,Q2
ORD-004765,2025-09-03,Plus,UK,Partner,Enterprise,3,244.54,11.56,232.98,132.67,100.31,263.68,2025,2025-09,Q3
ORD-004766,2026-06-16,Premium,India,Direct,Mid-Market,4,442.01,2.93,439.08,248.01,191.07,465.13,2026,2026-06,Q2
ORD-004767,2026-07-04,Plus,UK,Direct,Mid-Market,5,341.49,17.48,324.01,137.2,186.81,324.75,2026,2026-07,Q3
ORD-004768,2026-01-14,Plus,UAE,Direct,Mid-Market,2,153.34,1.97,151.37,82.51,68.86,168.6,2026,2026-01,Q1
ORD-004769,2025-06-25,Premium,UK,Direct,Enterprise,2,259.0,3.07,255.93,160.74,95.19,291.37,2025,2025-06,Q2
ORD-004770,2026-07-02,Plus,US,Online,Mid-Market,3,229.6,6.33,223.27,100.87,122.4,207.57,2026,2026-07,Q3
ORD-004771,2025-05-01,Plus,US,Direct,SMB,4,285.25,7.46,277.79,132.29,145.5,272.46,2025,2025-05,Q2
ORD-004772,2025-10-12,Premium,US,Online,SMB,3,385.99,15.67,370.32,219.99,150.33,374.68,2025,2025-10,Q4
ORD-004773,2026-05-11,Plus,India,Direct,SMB,3,207.75,3.87,203.88,117.22,86.66,222.91,2026,2026-05,Q2
ORD-004774,2025-10-18,Plus,Germany,Online,SMB,5,368.47,13.79,354.68,171.49,183.19,362.81,2025,2025-10,Q4
ORD-004775,2026-05-20,Premium,UK,Online,SMB,1,111.21,2.79,108.42,72.38,36.04,104.78,2026,2026-05,Q2
ORD-004776,2026-01-21,Core,India,Online,SMB,2,87.52,4.45,83.07,46.77,36.3,82.08,2026,2026-01,Q1
ORD-004777,2026-05-19,Core,India,Direct,Mid-Market,1,43.5,1.98,41.52,25.75,15.77,46.89,2026,2026-05,Q2
ORD-004778,2025-02-03,Premium,UK,Direct,Enterprise,3,385.35,27.29,358.06,166.82,191.24,327.36,2025,2025-02,Q1
ORD-004779,2026-05-07,Plus,UK,Direct,Enterprise,3,245.78,13.99,231.79,137.88,93.91,229.27,2026,2026-05,Q2
ORD-004780,2025-01-07,Core,UK,Partner,Mid-Market,6,287.38,22.99,264.39,129.7,134.69,265.0,2025,2025-01,Q1
ORD-004781,2025-01-06,Core,US,Direct,Enterprise,3,125.42,3.21,122.21,63.44,58.77,128.24,2025,2025-01,Q1
ORD-004782,2025-09-04,Core,India,Direct,SMB,1,44.87,0.3,44.57,29.84,14.73,41.52,2025,2025-09,Q3
ORD-004783,2025-02-15,Core,India,Online,SMB,11,483.45,47.96,435.49,222.89,212.6,419.26,2025,2025-02,Q1
ORD-004784,2026-01-30,Premium,UK,Partner,Mid-Market,3,355.24,5.0,350.24,173.01,177.23,324.57,2026,2026-01,Q1
ORD-004785,2026-05-16,Core,US,Partner,SMB,1,45.52,2.43,43.09,27.49,15.6,45.41,2026,2026-05,Q2
ORD-004786,2025-09-06,Enterprise,US,Partner,SMB,1,236.86,29.89,206.97,125.41,81.56,208.34,2025,2025-09,Q3
ORD-004787,2025-12-10,Plus,India,Direct,SMB,3,211.47,23.37,188.1,98.1,90.0,201.17,2025,2025-12,Q4
ORD-004788,2025-07-26,Premium,UAE,Direct,Mid-Market,1,109.95,6.78,103.17,48.55,54.62,116.87,2025,2025-07,Q3
ORD-004789,2026-01-14,Core,Germany,Direct,Mid-Market,1,48.64,3.33,45.31,22.35,22.96,41.56,2026,2026-01,Q1
ORD-004790,2025-03-08,Premium,UK,Online,SMB,1,114.41,9.96,104.45,52.77,51.68,114.14,2025,2025-03,Q1
ORD-004791,2025-02-20,Premium,UK,Direct,SMB,3,380.54,19.75,360.79,206.21,154.58,372.87,2025,2025-02,Q1
ORD-004792,2026-07-19,Core,India,Online,Mid-Market,3,144.17,4.37,139.8,63.75,76.05,132.44,2026,2026-07,Q3
ORD-004793,2025-07-03,Premium,UK,Partner,Mid-Market,2,237.75,3.58,234.17,120.94,113.23,213.21,2025,2025-07,Q3
ORD-004794,2025-06-29,Premium,US,Direct,Enterprise,4,493.53,1.27,492.26,266.74,225.52,506.5,2025,2025-06,Q2
ORD-004795,2025-11-29,Core,India,Direct,Mid-Market,3,145.44,0.8,144.64,63.15,81.49,156.94,2025,2025-11,Q4
ORD-004796,2025-10-16,Enterprise,India,Online,Mid-Market,4,874.63,35.42,839.21,442.32,396.89,776.39,2025,2025-10,Q4
ORD-004797,2026-05-01,Core,UAE,Direct,Mid-Market,2,88.36,0.82,87.54,57.45,30.09,79.28,2026,2026-05,Q2
ORD-004798,2025-12-25,Premium,UK,Online,SMB,1,113.21,3.48,109.73,73.39,36.34,115.51,2025,2025-12,Q4
ORD-004799,2025-04-29,Core,UK,Online,Enterprise,4,171.03,3.04,167.99,102.22,65.77,181.38,2025,2025-04,Q2
ORD-004800,2025-04-08,Plus,UK,Online,SMB,4,321.15,0.88,320.27,141.52,178.75,315.13,2025,2025-04,Q2
ORD-004801,2025-07-27,Core,Germany,Partner,SMB,1,47.78,0.99,46.79,26.73,20.06,50.4,2025,2025-07,Q3
ORD-004802,2026-03-16,Core,UAE,Online,SMB,7,318.35,3.58,314.77,205.24,109.53,322.72,2026,2026-03,Q1
ORD-004803,2025-04-24,Premium,India,Partner,Mid-Market,3,372.88,13.16,359.72,199.54,160.18,325.04,2025,2025-04,Q2
ORD-004804,2025-07-08,Core,US,Direct,Enterprise,1,45.78,0.94,44.84,20.43,24.41,44.17,2025,2025-07,Q3
ORD-004805,2025-02-17,Premium,UAE,Direct,SMB,3,327.34,14.97,312.37,147.9,164.47,279.32,2025,2025-02,Q1
ORD-004806,2025-07-30,Enterprise,UAE,Online,SMB,1,231.01,1.82,229.19,146.04,83.15,211.28,2025,2025-07,Q3
ORD-004807,2025-05-31,Core,UK,Direct,Enterprise,3,126.21,6.18,120.03,73.69,46.34,110.57,2025,2025-05,Q2
ORD-004808,2025-10-18,Premium,US,Direct,Enterprise,2,232.72,13.44,219.28,115.42,103.86,201.43,2025,2025-10,Q4
ORD-004809,2025-06-29,Premium,UAE,Partner,SMB,2,222.01,13.55,208.46,125.99,82.47,220.46,2025,2025-06,Q2
ORD-004810,2026-07-11,Core,UK,Online,SMB,2,83.41,2.52,80.89,48.39,32.5,78.02,2026,2026-07,Q3
ORD-004811,2025-01-08,Core,Germany,Partner,Mid-Market,5,240.33,5.52,234.81,106.86,127.95,218.33,2025,2025-01,Q1
ORD-004812,2025-04-07,Core,India,Direct,Mid-Market,1,41.3,0.28,41.02,25.32,15.7,40.78,2025,2025-04,Q2
ORD-004813,2025-11-23,Plus,US,Direct,SMB,2,154.53,6.06,148.47,64.08,84.39,150.75,2025,2025-11,Q4
ORD-004814,2025-04-18,Plus,India,Direct,Mid-Market,6,490.79,23.8,466.99,270.29,196.7,447.52,2025,2025-04,Q2
ORD-004815,2026-05-03,Enterprise,UK,Online,Enterprise,3,649.92,16.39,633.53,386.68,246.85,620.59,2026,2026-05,Q2
ORD-004816,2026-07-13,Core,UK,Direct,Enterprise,2,86.72,2.89,83.83,45.84,37.99,85.77,2026,2026-07,Q3
ORD-004817,2026-07-06,Premium,UK,Direct,Mid-Market,2,251.35,20.73,230.62,117.02,113.6,235.71,2026,2026-07,Q3
ORD-004818,2025-11-15,Enterprise,UK,Direct,Mid-Market,1,256.53,5.73,250.8,118.75,132.05,235.49,2025,2025-11,Q4
ORD-004819,2025-04-21,Core,UK,Direct,Mid-Market,4,180.64,7.1,173.54,82.97,90.57,172.16,2025,2025-04,Q2
ORD-004820,2025-04-03,Core,India,Online,Mid-Market,6,289.0,13.17,275.83,116.2,159.63,276.91,2025,2025-04,Q2
ORD-004821,2026-07-12,Core,UAE,Online,Enterprise,6,256.97,25.45,231.52,114.35,117.17,261.79,2026,2026-07,Q3
ORD-004822,2025-01-17,Plus,UAE,Partner,SMB,2,145.71,3.89,141.82,72.76,69.06,139.87,2025,2025-01,Q1
ORD-004823,2025-01-27,Enterprise,India,Partner,SMB,4,1013.04,10.62,1002.42,463.64,538.78,961.8,2025,2025-01,Q1
ORD-004824,2025-05-15,Premium,US,Partner,Mid-Market,2,228.97,15.43,213.54,127.47,86.07,212.65,2025,2025-05,Q2
ORD-004825,2025-04-27,Plus,UK,Online,Enterprise,2,153.69,2.88,150.81,85.19,65.62,160.42,2025,2025-04,Q2
ORD-004826,2025-12-04,Core,UK,Online,SMB,2,93.1,1.53,91.57,42.94,48.63,98.03,2025,2025-12,Q4
ORD-004827,2026-01-27,Premium,UAE,Online,SMB,3,391.49,3.87,387.62,218.7,168.92,359.27,2026,2026-01,Q1
ORD-004828,2025-10-04,Core,India,Online,Mid-Market,1,43.28,1.64,41.64,20.19,21.45,43.74,2025,2025-10,Q4
ORD-004829,2025-06-20,Plus,UK,Direct,Mid-Market,4,271.9,4.4,267.5,146.89,120.61,291.99,2025,2025-06,Q2
ORD-004830,2026-02-04,Premium,US,Online,SMB,6,786.44,23.74,762.7,347.43,415.27,840.81,2026,2026-02,Q1
ORD-004831,2026-07-31,Plus,US,Direct,SMB,2,156.51,1.16,155.35,102.15,53.2,160.25,2026,2026-07,Q3
ORD-004832,2025-02-19,Plus,India,Online,Enterprise,4,284.53,8.97,275.56,178.81,96.75,278.89,2025,2025-02,Q1
ORD-004833,2026-03-06,Core,UK,Online,Mid-Market,3,132.31,5.42,126.89,84.25,42.64,116.18,2026,2026-03,Q1
ORD-004834,2025-04-25,Premium,UK,Partner,SMB,4,438.61,7.25,431.36,229.25,202.11,490.19,2025,2025-04,Q2
ORD-004835,2026-03-02,Enterprise,Germany,Direct,Enterprise,3,766.51,21.45,745.06,393.69,351.37,740.02,2026,2026-03,Q1
ORD-004836,2025-08-26,Premium,UK,Partner,Enterprise,1,131.2,0.68,130.52,61.08,69.44,130.95,2025,2025-08,Q3
ORD-004837,2026-07-04,Premium,India,Direct,Enterprise,3,324.81,3.58,321.23,162.34,158.89,365.4,2026,2026-07,Q3
ORD-004838,2025-06-27,Plus,India,Online,SMB,6,452.62,23.7,428.92,216.5,212.42,437.51,2025,2025-06,Q2
ORD-004839,2025-09-05,Premium,India,Direct,SMB,1,129.91,3.13,126.78,75.62,51.16,134.79,2025,2025-09,Q3
ORD-004840,2025-03-14,Premium,US,Direct,SMB,1,111.88,5.5,106.38,62.06,44.32,101.74,2025,2025-03,Q1
ORD-004841,2025-12-30,Premium,India,Online,Enterprise,5,638.29,2.87,635.42,388.52,246.9,644.73,2025,2025-12,Q4
ORD-004842,2026-05-24,Plus,US,Partner,Mid-Market,2,137.14,7.42,129.72,55.38,74.34,115.33,2026,2026-05,Q2
ORD-004843,2026-03-01,Enterprise,India,Direct,SMB,5,1175.15,94.83,1080.32,456.7,623.62,1108.98,2026,2026-03,Q1
ORD-004844,2026-01-17,Core,US,Online,SMB,1,46.13,2.73,43.4,24.78,18.62,45.28,2026,2026-01,Q1
ORD-004845,2026-04-08,Enterprise,UAE,Partner,Enterprise,3,730.29,0.33,729.96,367.16,362.8,792.53,2026,2026-04,Q2
ORD-004846,2025-03-01,Plus,UK,Direct,Mid-Market,1,72.74,3.64,69.1,39.96,29.14,74.05,2025,2025-03,Q1
ORD-004847,2025-12-31,Plus,Germany,Partner,Mid-Market,1,68.42,2.22,66.2,33.74,32.46,61.15,2025,2025-12,Q4
ORD-004848,2025-07-04,Core,US,Partner,Enterprise,6,279.68,0.89,278.79,129.23,149.56,314.74,2025,2025-07,Q3
ORD-004849,2026-05-03,Core,UK,Direct,Enterprise,4,169.99,11.34,158.65,67.63,91.02,151.73,2026,2026-05,Q2
ORD-004850,2025-08-26,Core,India,Online,SMB,1,45.84,1.24,44.6,20.88,23.72,49.67,2025,2025-08,Q3
ORD-004851,2025-04-08,Core,India,Direct,SMB,2,87.78,10.61,77.17,39.71,37.46,82.18,2025,2025-04,Q2
ORD-004852,2026-02-11,Core,Germany,Partner,Mid-Market,8,391.71,12.09,379.62,224.13,155.49,417.51,2026,2026-02,Q1
ORD-004853,2025-08-25,Core,US,Online,Mid-Market,3,131.77,4.0,127.77,85.3,42.47,118.74,2025,2025-08,Q3
ORD-004854,2025-06-13,Premium,India,Direct,SMB,1,122.51,4.89,117.62,55.32,62.3,132.8,2025,2025-06,Q2
ORD-004855,2025-05-17,Plus,US,Online,Enterprise,3,218.81,1.38,217.43,97.62,119.81,200.53,2025,2025-05,Q2
ORD-004856,2025-06-01,Core,UK,Partner,Mid-Market,3,139.16,3.07,136.09,60.6,75.49,150.25,2025,2025-06,Q2
ORD-004857,2025-07-22,Enterprise,Germany,Partner,SMB,2,520.59,10.93,509.66,300.67,208.99,521.41,2025,2025-07,Q3
ORD-004858,2026-05-22,Core,Germany,Online,Mid-Market,5,222.87,7.94,214.93,94.58,120.35,229.17,2026,2026-05,Q2
ORD-004859,2026-01-26,Plus,UAE,Online,Enterprise,1,72.39,1.48,70.91,38.13,32.78,66.66,2026,2026-01,Q1
ORD-004860,2025-01-09,Core,UK,Direct,SMB,8,325.07,17.39,307.68,168.06,139.62,333.54,2025,2025-01,Q1
ORD-004861,2025-11-23,Core,Germany,Direct,Enterprise,8,336.0,24.35,311.65,134.43,177.22,280.04,2025,2025-11,Q4
ORD-004862,2026-05-11,Core,US,Online,Mid-Market,2,94.69,1.58,93.11,62.24,30.87,97.93,2026,2026-05,Q2
ORD-004863,2026-07-13,Core,UK,Online,SMB,4,183.02,31.56,151.46,86.27,65.19,146.29,2026,2026-07,Q3
ORD-004864,2026-04-06,Enterprise,UK,Online,Mid-Market,5,1253.35,68.62,1184.73,579.43,605.3,1310.5,2026,2026-04,Q2
ORD-004865,2025-03-02,Plus,Germany,Online,SMB,1,80.77,3.33,77.44,38.28,39.16,81.08,2025,2025-03,Q1
ORD-004866,2026-06-20,Premium,India,Direct,SMB,3,346.94,12.11,334.83,174.24,160.59,339.91,2026,2026-06,Q2
ORD-004867,2025-11-27,Core,US,Online,SMB,2,93.16,0.32,92.84,57.48,35.36,98.84,2025,2025-11,Q4
ORD-004868,2026-07-01,Core,Germany,Online,Enterprise,1,48.65,3.36,45.29,23.21,22.08,49.49,2026,2026-07,Q3
ORD-004869,2025-01-06,Core,UK,Direct,SMB,4,191.05,2.39,188.66,103.03,85.63,187.73,2025,2025-01,Q1
ORD-004870,2026-07-10,Core,US,Direct,Mid-Market,1,41.49,4.12,37.37,21.53,15.84,33.42,2026,2026-07,Q3
ORD-004871,2026-02-19,Plus,UK,Direct,Mid-Market,1,81.76,1.46,80.3,45.31,34.99,77.1,2026,2026-02,Q1
ORD-004872,2026-03-12,Plus,India,Direct,SMB,3,227.41,9.63,217.78,141.01,76.77,230.71,2026,2026-03,Q1
ORD-004873,2026-06-28,Core,UK,Direct,Enterprise,1,41.34,0.11,41.23,21.55,19.68,44.08,2026,2026-06,Q2
ORD-004874,2025-01-12,Core,Germany,Online,Mid-Market,2,89.13,3.13,86.0,55.01,30.99,76.21,2025,2025-01,Q1
ORD-004875,2025-08-15,Premium,India,Online,Enterprise,4,447.72,29.56,418.16,208.31,209.85,452.05,2025,2025-08,Q3
ORD-004876,2026-03-10,Premium,Germany,Partner,Enterprise,2,235.52,27.8,207.72,105.32,102.4,198.73,2026,2026-03,Q1
ORD-004877,2026-04-25,Plus,UK,Direct,Mid-Market,1,76.03,1.28,74.75,37.36,37.39,68.32,2026,2026-04,Q2
ORD-004878,2025-10-19,Premium,India,Direct,Enterprise,1,126.56,7.95,118.61,52.64,65.97,134.94,2025,2025-10,Q4
ORD-004879,2025-11-14,Core,UAE,Online,SMB,2,84.42,2.88,81.54,54.09,27.45,75.03,2025,2025-11,Q4
ORD-004880,2026-02-03,Enterprise,UK,Partner,Mid-Market,3,749.85,21.37,728.48,436.77,291.71,688.35,2026,2026-02,Q1
ORD-004881,2025-07-17,Premium,Germany,Direct,Enterprise,1,123.44,2.02,121.42,60.96,60.46,109.81,2025,2025-07,Q3
ORD-004882,2026-04-21,Enterprise,UK,Online,SMB,2,517.0,2.86,514.14,286.95,227.19,486.64,2026,2026-04,Q2
ORD-004883,2025-06-05,Premium,Germany,Partner,SMB,2,241.47,4.95,236.52,133.31,103.21,230.71,2025,2025-06,Q2
ORD-004884,2025-06-08,Core,UAE,Online,Mid-Market,6,286.5,5.03,281.47,155.11,126.36,260.66,2025,2025-06,Q2
ORD-004885,2025-06-27,Core,UAE,Online,SMB,5,205.98,9.56,196.42,101.31,95.11,190.21,2025,2025-06,Q2
ORD-004886,2025-01-22,Enterprise,Germany,Direct,Enterprise,3,728.72,45.94,682.78,340.53,342.25,750.99,2025,2025-01,Q1
ORD-004887,2025-06-21,Premium,UAE,Online,Enterprise,6,729.27,25.85,703.42,450.24,253.18,632.98,2025,2025-06,Q2
ORD-004888,2025-02-03,Premium,India,Direct,Enterprise,2,246.59,5.68,240.91,130.46,110.45,261.05,2025,2025-02,Q1
ORD-004889,2026-04-06,Plus,UK,Partner,Mid-Market,1,71.18,0.54,70.64,44.19,26.45,68.55,2026,2026-04,Q2
ORD-004890,2025-07-11,Plus,UK,Direct,Mid-Market,1,73.7,0.82,72.88,41.63,31.25,77.65,2025,2025-07,Q3
ORD-004891,2026-01-12,Core,US,Partner,SMB,2,92.27,4.92,87.35,45.87,41.48,76.94,2026,2026-01,Q1
ORD-004892,2026-04-12,Plus,US,Partner,SMB,3,219.61,4.75,214.86,94.83,120.03,228.34,2026,2026-04,Q2
ORD-004893,2025-03-17,Premium,UAE,Online,Mid-Market,2,263.78,0.28,263.5,114.32,149.18,240.33,2025,2025-03,Q1
ORD-004894,2025-05-18,Plus,UAE,Online,Mid-Market,5,344.38,20.0,324.38,203.52,120.86,360.31,2025,2025-05,Q2
ORD-004895,2025-02-18,Plus,UK,Direct,SMB,2,148.29,7.7,140.59,88.0,52.59,158.97,2025,2025-02,Q1
ORD-004896,2025-04-18,Plus,UK,Online,SMB,8,639.84,10.44,629.4,350.0,279.4,715.27,2025,2025-04,Q2
ORD-004897,2026-05-30,Plus,UK,Online,SMB,2,152.66,12.72,139.94,91.39,48.55,129.69,2026,2026-05,Q2
ORD-004898,2026-03-22,Enterprise,India,Online,Mid-Market,2,436.92,17.11,419.81,277.16,142.65,385.76,2026,2026-03,Q1
ORD-004899,2026-02-04,Premium,Germany,Online,Enterprise,1,109.91,2.1,107.81,52.36,55.45,113.94,2026,2026-02,Q1
ORD-004900,2025-06-15,Plus,India,Direct,SMB,1,81.66,2.83,78.83,33.31,45.52,86.27,2025,2025-06,Q2
ORD-004901,2025-08-27,Plus,India,Online,SMB,1,80.26,4.14,76.12,32.18,43.94,83.6,2025,2025-08,Q3
ORD-004902,2025-01-10,Core,India,Online,Mid-Market,1,43.87,0.94,42.93,24.08,18.85,43.74,2025,2025-01,Q1
ORD-004903,2025-07-18,Core,UK,Partner,SMB,4,170.15,4.95,165.2,75.03,90.17,171.03,2025,2025-07,Q3
ORD-004904,2026-07-02,Core,UK,Online,SMB,2,97.61,3.19,94.42,47.37,47.05,92.13,2026,2026-07,Q3
ORD-004905,2026-05-22,Core,UAE,Online,SMB,3,130.78,2.06,128.72,81.07,47.65,124.08,2026,2026-05,Q2
ORD-004906,2025-08-20,Enterprise,UK,Direct,SMB,3,735.57,51.14,684.43,381.81,302.62,633.61,2025,2025-08,Q3
ORD-004907,2026-07-17,Premium,India,Online,Enterprise,4,460.75,14.25,446.5,288.96,157.54,394.57,2026,2026-07,Q3
ORD-004908,2025-07-21,Enterprise,UK,Online,Enterprise,1,247.32,1.63,245.69,106.29,139.4,245.99,2025,2025-07,Q3
ORD-004909,2026-02-09,Plus,UAE,Partner,Enterprise,5,350.03,9.09,340.94,205.05,135.89,346.59,2026,2026-02,Q1
ORD-004910,2026-05-14,Core,UK,Online,Mid-Market,5,204.36,8.89,195.47,92.2,103.27,182.4,2026,2026-05,Q2
ORD-004911,2026-02-04,Enterprise,UK,Direct,Enterprise,1,260.16,15.46,244.7,136.5,108.2,234.57,2026,2026-02,Q1
ORD-004912,2025-02-13,Premium,UK,Online,Mid-Market,2,229.53,3.23,226.3,98.59,127.71,252.69,2025,2025-02,Q1
ORD-004913,2025-06-06,Premium,UK,Direct,Enterprise,3,363.3,3.21,360.09,195.18,164.91,371.98,2025,2025-06,Q2
ORD-004914,2025-08-02,Plus,UAE,Online,Mid-Market,3,240.16,3.45,236.71,143.34,93.37,261.73,2025,2025-08,Q3
ORD-004915,2026-02-07,Premium,India,Partner,Enterprise,3,344.31,25.64,318.67,208.2,110.47,315.88,2026,2026-02,Q1
ORD-004916,2025-06-30,Enterprise,Germany,Partner,Mid-Market,2,442.43,16.65,425.78,271.66,154.12,467.14,2025,2025-06,Q2
ORD-004917,2025-10-12,Premium,UK,Direct,SMB,2,247.33,5.83,241.5,108.65,132.85,225.15,2025,2025-10,Q4
ORD-004918,2026-03-30,Core,India,Online,Mid-Market,3,140.81,10.86,129.95,57.51,72.44,118.92,2026,2026-03,Q1
ORD-004919,2026-03-17,Enterprise,UAE,Direct,SMB,3,758.72,3.86,754.86,451.63,303.23,677.53,2026,2026-03,Q1
ORD-004920,2025-04-30,Enterprise,UAE,Online,Enterprise,2,456.73,21.99,434.74,267.02,167.72,417.52,2025,2025-04,Q2
ORD-004921,2025-10-03,Premium,Germany,Direct,SMB,2,242.45,12.45,230.0,104.11,125.89,214.12,2025,2025-10,Q4
ORD-004922,2026-05-19,Plus,US,Online,Enterprise,1,78.56,0.62,77.94,48.44,29.5,81.3,2026,2026-05,Q2
ORD-004923,2025-09-11,Enterprise,UK,Partner,Enterprise,9,2245.81,8.53,2237.28,1150.28,1087.0,2539.96,2025,2025-09,Q3
ORD-004924,2025-04-11,Core,India,Partner,Enterprise,2,93.77,3.58,90.19,51.87,38.32,99.6,2025,2025-04,Q2
ORD-004925,2025-03-30,Plus,US,Online,SMB,4,279.95,6.43,273.52,126.09,147.43,288.29,2025,2025-03,Q1
ORD-004926,2026-07-26,Plus,UK,Partner,Enterprise,1,77.58,3.31,74.27,39.43,34.84,69.71,2026,2026-07,Q3
ORD-004927,2026-04-03,Plus,UK,Direct,SMB,3,217.62,7.03,210.59,119.24,91.35,204.58,2026,2026-04,Q2
ORD-004928,2025-05-11,Premium,US,Direct,SMB,4,486.09,28.72,457.37,211.72,245.65,476.42,2025,2025-05,Q2
ORD-004929,2025-11-06,Plus,US,Direct,SMB,4,305.19,3.59,301.6,163.82,137.78,322.9,2025,2025-11,Q4
ORD-004930,2025-11-26,Core,UK,Online,SMB,3,134.53,11.08,123.45,73.94,49.51,114.17,2025,2025-11,Q4
ORD-004931,2026-05-27,Premium,UAE,Direct,Mid-Market,1,131.85,21.17,110.68,59.77,50.91,98.43,2026,2026-05,Q2
ORD-004932,2026-02-08,Premium,UK,Direct,SMB,1,119.11,4.61,114.5,55.42,59.08,110.42,2026,2026-02,Q1
ORD-004933,2025-01-31,Plus,UAE,Partner,Enterprise,8,548.73,4.76,543.97,305.34,238.63,540.36,2025,2025-01,Q1
ORD-004934,2026-07-23,Enterprise,UK,Online,Mid-Market,2,470.49,2.91,467.58,228.68,238.9,499.96,2026,2026-07,Q3
ORD-004935,2025-06-05,Enterprise,UK,Partner,SMB,1,263.64,12.59,251.05,162.95,88.1,279.5,2025,2025-06,Q2
ORD-004936,2025-07-08,Premium,India,Direct,Enterprise,5,597.38,55.42,541.96,232.07,309.89,502.45,2025,2025-07,Q3
ORD-004937,2026-03-30,Enterprise,India,Online,Mid-Market,3,728.54,13.32,715.22,323.03,392.19,751.67,2026,2026-03,Q1
ORD-004938,2025-04-18,Premium,UK,Partner,Mid-Market,2,223.61,8.0,215.61,128.42,87.19,242.08,2025,2025-04,Q2
ORD-004939,2025-11-02,Core,Germany,Online,Enterprise,4,177.76,8.93,168.83,75.5,93.33,175.14,2025,2025-11,Q4
ORD-004940,2026-03-20,Plus,US,Online,Mid-Market,4,321.69,10.54,311.15,142.85,168.3,276.19,2026,2026-03,Q1
ORD-004941,2025-11-23,Core,India,Direct,SMB,2,91.87,5.59,86.28,48.91,37.37,95.87,2025,2025-11,Q4
ORD-004942,2025-03-11,Premium,India,Direct,Enterprise,4,489.05,46.15,442.9,193.52,249.38,452.13,2025,2025-03,Q1
ORD-004943,2026-06-23,Core,US,Partner,Enterprise,3,123.17,2.12,121.05,51.44,69.61,123.1,2026,2026-06,Q2
ORD-004944,2025-03-24,Premium,India,Direct,Enterprise,1,131.86,5.13,126.73,58.39,68.34,131.44,2025,2025-03,Q1
ORD-004945,2026-06-25,Premium,UK,Partner,SMB,1,122.79,2.87,119.92,61.43,58.49,112.73,2026,2026-06,Q2
ORD-004946,2025-01-31,Plus,Germany,Online,Enterprise,8,560.27,19.75,540.52,316.97,223.55,524.2,2025,2025-01,Q1
ORD-004947,2025-03-15,Enterprise,UK,Online,Mid-Market,2,448.93,42.37,406.56,249.94,156.62,462.56,2025,2025-03,Q1
ORD-004948,2025-04-16,Core,UK,Partner,SMB,3,147.18,0.62,146.56,92.85,53.71,149.41,2025,2025-04,Q2
ORD-004949,2025-04-11,Plus,Germany,Partner,SMB,1,73.54,4.46,69.08,43.18,25.9,73.43,2025,2025-04,Q2
ORD-004950,2026-03-20,Enterprise,India,Online,Mid-Market,1,229.24,6.62,222.62,107.75,114.87,234.39,2026,2026-03,Q1
ORD-004951,2025-11-30,Plus,UK,Partner,SMB,3,226.36,3.22,223.14,139.99,83.15,247.1,2025,2025-11,Q4
ORD-004952,2025-07-21,Core,US,Online,SMB,4,185.67,6.21,179.46,107.17,72.29,185.78,2025,2025-07,Q3
ORD-004953,2025-01-15,Core,UAE,Online,Mid-Market,1,47.76,1.39,46.37,19.87,26.5,44.07,2025,2025-01,Q1
ORD-004954,2025-07-18,Core,UAE,Online,SMB,4,178.04,13.67,164.37,73.71,90.66,175.67,2025,2025-07,Q3
ORD-004955,2026-02-24,Plus,India,Partner,Enterprise,4,310.25,2.04,308.21,147.34,160.87,328.01,2026,2026-02,Q1
ORD-004956,2025-07-03,Plus,UK,Partner,Mid-Market,3,232.56,1.7,230.86,122.64,108.22,253.02,2025,2025-07,Q3
ORD-004957,2025-08-10,Plus,US,Direct,Enterprise,4,288.66,11.2,277.46,181.11,96.35,273.65,2025,2025-08,Q3
ORD-004958,2025-11-22,Premium,UAE,Direct,Enterprise,3,361.62,12.26,349.36,182.81,166.55,396.46,2025,2025-11,Q4
ORD-004959,2025-05-10,Core,India,Direct,SMB,4,188.27,19.16,169.11,112.39,56.72,178.16,2025,2025-05,Q2
ORD-004960,2026-01-13,Core,US,Direct,SMB,3,146.4,4.6,141.8,84.44,57.36,155.63,2026,2026-01,Q1
ORD-004961,2025-10-28,Enterprise,US,Online,Mid-Market,2,433.47,18.63,414.84,269.51,145.33,443.09,2025,2025-10,Q4
ORD-004962,2025-12-20,Premium,UK,Direct,Mid-Market,2,233.52,12.16,221.36,128.15,93.21,216.34,2025,2025-12,Q4
ORD-004963,2025-04-21,Core,Germany,Direct,Mid-Market,5,243.68,1.03,242.65,148.21,94.44,217.98,2025,2025-04,Q2
ORD-004964,2026-04-13,Premium,India,Direct,SMB,4,477.99,17.49,460.5,198.7,261.8,522.47,2026,2026-04,Q2
ORD-004965,2025-02-12,Plus,India,Partner,Enterprise,1,70.45,1.08,69.37,30.5,38.87,75.28,2025,2025-02,Q1
ORD-004966,2025-08-30,Plus,UK,Partner,SMB,3,211.42,8.56,202.86,104.76,98.1,179.98,2025,2025-08,Q3
ORD-004967,2025-09-06,Plus,UK,Partner,Mid-Market,3,217.79,2.18,215.61,122.11,93.5,208.39,2025,2025-09,Q3
ORD-004968,2025-11-26,Enterprise,UAE,Direct,Enterprise,10,2412.96,74.49,2338.47,1557.47,781.0,2615.68,2025,2025-11,Q4
ORD-004969,2025-04-19,Premium,India,Direct,Enterprise,3,384.91,9.17,375.74,194.42,181.32,335.59,2025,2025-04,Q2
ORD-004970,2025-11-25,Core,Germany,Partner,Enterprise,4,177.39,5.54,171.85,111.81,60.04,172.73,2025,2025-11,Q4
ORD-004971,2025-12-25,Enterprise,India,Partner,Enterprise,1,240.2,7.85,232.35,102.48,129.87,249.16,2025,2025-12,Q4
ORD-004972,2025-08-19,Enterprise,US,Direct,SMB,2,472.21,14.57,457.64,249.29,208.35,424.57,2025,2025-08,Q3
ORD-004973,2026-04-14,Premium,India,Direct,SMB,3,354.63,14.59,340.04,176.03,164.01,350.11,2026,2026-04,Q2
ORD-004974,2025-06-11,Enterprise,UK,Direct,Enterprise,1,260.17,6.8,253.37,133.22,120.15,243.25,2025,2025-06,Q2
ORD-004975,2026-06-08,Plus,India,Online,SMB,3,228.3,11.58,216.72,120.38,96.34,224.61,2026,2026-06,Q2
ORD-004976,2025-01-01,Core,UK,Online,SMB,2,81.02,0.94,80.08,48.92,31.16,75.09,2025,2025-01,Q1
ORD-004977,2026-06-12,Core,US,Online,Enterprise,1,42.88,3.21,39.67,18.2,21.47,45.15,2026,2026-06,Q2
ORD-004978,2025-12-01,Enterprise,India,Direct,Enterprise,1,231.93,2.62,229.31,97.15,132.16,231.43,2025,2025-12,Q4
ORD-004979,2025-09-15,Core,India,Direct,SMB,2,88.3,3.3,85.0,44.57,40.43,92.28,2025,2025-09,Q3
ORD-004980,2026-01-17,Enterprise,India,Partner,SMB,3,652.42,45.64,606.78,332.13,274.65,598.21,2026,2026-01,Q1
ORD-004981,2025-09-06,Enterprise,Germany,Online,SMB,2,508.34,44.6,463.74,279.82,183.92,497.12,2025,2025-09,Q3
ORD-004982,2026-06-21,Plus,UK,Online,Mid-Market,4,299.42,14.3,285.12,163.41,121.71,292.28,2026,2026-06,Q2
ORD-004983,2026-05-10,Core,UAE,Partner,Mid-Market,3,140.55,9.27,131.28,65.57,65.71,134.81,2026,2026-05,Q2
ORD-004984,2025-09-24,Plus,US,Direct,SMB,2,154.05,1.41,152.64,73.89,78.75,145.74,2025,2025-09,Q3
ORD-004985,2026-03-13,Enterprise,India,Direct,SMB,9,2216.28,31.18,2185.1,1426.99,758.11,2041.57,2026,2026-03,Q1
ORD-004986,2026-02-14,Enterprise,US,Direct,SMB,2,467.0,26.48,440.52,292.63,147.89,472.29,2026,2026-02,Q1
ORD-004987,2026-03-10,Core,UK,Online,Mid-Market,4,195.8,2.56,193.24,94.13,99.11,196.93,2026,2026-03,Q1
ORD-004988,2025-03-27,Core,Germany,Direct,Mid-Market,4,166.22,14.18,152.04,86.24,65.8,142.35,2025,2025-03,Q1
ORD-004989,2026-05-29,Premium,UAE,Direct,Enterprise,6,722.66,63.14,659.52,371.78,287.74,702.8,2026,2026-05,Q2
ORD-004990,2025-06-29,Enterprise,UK,Direct,Mid-Market,2,503.6,7.95,495.65,308.4,187.25,495.5,2025,2025-06,Q2
ORD-004991,2026-06-11,Core,India,Online,SMB,2,98.18,4.92,93.26,40.17,53.09,93.22,2026,2026-06,Q2
ORD-004992,2025-03-27,Enterprise,US,Direct,SMB,4,1039.11,50.76,988.35,496.39,491.96,969.13,2025,2025-03,Q1
ORD-004993,2025-12-09,Premium,UK,Partner,Mid-Market,5,621.99,20.16,601.83,366.2,235.63,653.98,2025,2025-12,Q4
ORD-004994,2025-07-29,Enterprise,US,Partner,SMB,3,764.07,85.94,678.13,325.63,352.5,604.53,2025,2025-07,Q3
ORD-004995,2025-04-14,Core,India,Partner,Mid-Market,3,145.13,11.42,133.71,72.44,61.27,144.45,2025,2025-04,Q2
ORD-004996,2026-02-22,Plus,UAE,Online,SMB,2,143.22,8.82,134.4,88.94,45.46,132.73,2026,2026-02,Q1
ORD-004997,2026-02-28,Premium,UK,Online,Enterprise,3,389.88,31.15,358.73,201.85,156.88,391.8,2026,2026-02,Q1
ORD-004998,2026-06-28,Enterprise,US,Direct,Mid-Market,4,1002.73,71.02,931.71,400.93,530.78,837.63,2026,2026-06,Q2
ORD-004999,2026-03-07,Plus,India,Partner,Mid-Market,2,151.96,3.69,148.27,85.81,62.46,142.88,2026,2026-03,Q1
ORD-005000,2025-12-17,Core,Germany,Direct,Enterprise,6,264.84,1.18,263.66,110.8,152.86,234.29,2025,2025-12,Q4
ORD-005001,2025-03-18,Premium,India,Online,Enterprise,2,245.4,1.93,243.47,125.23,118.24,252.07,2025,2025-03,Q1
ORD-005002,2025-03-07,Core,India,Online,SMB,3,134.0,5.74,128.26,65.97,62.29,141.78,2025,2025-03,Q1
ORD-005003,2025-04-09,Core,India,Direct,Enterprise,5,226.76,34.6,192.16,119.9,72.26,203.2,2025,2025-04,Q2
ORD-005004,2025-07-03,Plus,Germany,Direct,Enterprise,1,80.8,1.39,79.41,49.82,29.59,78.5,2025,2025-07,Q3
ORD-005005,2025-03-26,Core,India,Partner,Mid-Market,3,145.15,7.5,137.65,71.91,65.74,121.87,2025,2025-03,Q1
ORD-005006,2025-11-22,Plus,UK,Direct,SMB,5,339.96,9.56,330.4,162.74,167.66,337.21,2025,2025-11,Q4
ORD-005007,2025-07-18,Premium,India,Direct,SMB,4,440.6,1.0,439.6,195.11,244.49,405.68,2025,2025-07,Q3
ORD-005008,2025-01-05,Plus,India,Online,Enterprise,2,137.9,5.79,132.11,77.06,55.05,150.35,2025,2025-01,Q1
ORD-005009,2026-05-10,Plus,UK,Online,Mid-Market,2,158.97,12.6,146.37,84.68,61.69,160.68,2026,2026-05,Q2
ORD-005010,2026-04-14,Premium,UAE,Direct,SMB,16,2059.58,104.38,1955.2,1269.9,685.3,2203.65,2026,2026-04,Q2
ORD-005011,2025-01-27,Plus,UAE,Online,SMB,1,79.47,7.26,72.21,35.95,36.26,71.94,2025,2025-01,Q1
ORD-005012,2025-12-21,Plus,UK,Online,SMB,6,478.03,19.14,458.89,249.66,209.23,509.81,2025,2025-12,Q4
ORD-005013,2025-01-12,Core,UAE,Direct,SMB,3,127.93,7.31,120.62,53.61,67.01,127.06,2025,2025-01,Q1
ORD-005014,2025-10-31,Plus,India,Partner,Mid-Market,2,144.29,0.87,143.42,82.31,61.11,149.33,2025,2025-10,Q4
ORD-005015,2025-01-24,Premium,UK,Online,SMB,1,127.26,1.26,126.0,82.36,43.64,115.95,2025,2025-01,Q1
ORD-005016,2025-04-23,Enterprise,Germany,Direct,Mid-Market,3,744.16,27.04,717.12,366.23,350.89,764.94,2025,2025-04,Q2
ORD-005017,2025-11-03,Premium,Germany,Direct,SMB,1,131.87,2.96,128.91,64.49,64.42,131.91,2025,2025-11,Q4
ORD-005018,2025-01-25,Plus,Germany,Direct,Mid-Market,2,145.4,1.45,143.95,62.92,81.03,127.12,2025,2025-01,Q1
ORD-005019,2025-03-21,Enterprise,UAE,Online,SMB,2,491.69,57.19,434.5,196.55,237.95,409.57,2025,2025-03,Q1
ORD-005020,2026-04-28,Plus,UK,Online,SMB,2,159.65,8.6,151.05,85.71,65.34,157.33,2026,2026-04,Q2
ORD-005021,2025-01-04,Core,UK,Online,Enterprise,2,81.93,3.54,78.39,37.0,41.39,86.1,2025,2025-01,Q1
ORD-005022,2026-01-11,Premium,Germany,Online,Enterprise,4,449.73,4.05,445.68,196.55,249.13,394.23,2026,2026-01,Q1
ORD-005023,2026-07-13,Plus,US,Direct,SMB,2,159.19,7.93,151.26,93.92,57.34,135.28,2026,2026-07,Q3
ORD-005024,2025-09-15,Core,Germany,Direct,SMB,2,83.27,1.49,81.78,51.92,29.86,74.63,2025,2025-09,Q3
ORD-005025,2025-11-27,Plus,US,Online,Enterprise,3,205.07,9.75,195.32,101.41,93.91,192.33,2025,2025-11,Q4
ORD-005026,2026-07-16,Plus,US,Direct,Enterprise,3,205.32,8.0,197.32,125.53,71.79,180.52,2026,2026-07,Q3
ORD-005027,2025-07-20,Core,UK,Online,Enterprise,1,48.97,2.65,46.32,23.29,23.03,47.41,2025,2025-07,Q3
ORD-005028,2025-10-24,Plus,UAE,Direct,Mid-Market,2,149.03,12.68,136.35,65.19,71.16,149.99,2025,2025-10,Q4
ORD-005029,2025-12-04,Core,US,Direct,SMB,1,48.77,1.51,47.26,30.55,16.71,52.42,2025,2025-12,Q4
ORD-005030,2026-01-30,Plus,Germany,Partner,SMB,9,624.03,9.35,614.68,361.59,253.09,619.31,2026,2026-01,Q1
ORD-005031,2026-01-31,Core,US,Partner,SMB,3,147.16,2.14,145.02,81.08,63.94,130.73,2026,2026-01,Q1
ORD-005032,2026-03-21,Plus,US,Direct,Enterprise,6,457.01,4.89,452.12,215.65,236.47,414.11,2026,2026-03,Q1
ORD-005033,2025-03-17,Core,Germany,Online,SMB,4,174.84,1.6,173.24,76.29,96.95,171.22,2025,2025-03,Q1
ORD-005034,2025-05-11,Core,US,Online,Mid-Market,10,420.04,39.7,380.34,187.5,192.84,359.47,2025,2025-05,Q2
ORD-005035,2025-04-26,Core,UK,Direct,Enterprise,3,142.57,5.15,137.42,83.65,53.77,126.58,2025,2025-04,Q2
ORD-005036,2026-02-14,Premium,UK,Partner,Mid-Market,1,121.0,18.27,102.73,49.58,53.15,101.94,2026,2026-02,Q1
ORD-005037,2025-10-08,Plus,US,Online,Mid-Market,3,206.08,10.37,195.71,84.32,111.39,184.58,2025,2025-10,Q4
ORD-005038,2025-01-25,Enterprise,UAE,Partner,Mid-Market,1,234.08,35.33,198.75,99.31,99.44,219.38,2025,2025-01,Q1
ORD-005039,2025-01-15,Enterprise,UAE,Online,Mid-Market,1,255.98,1.85,254.13,127.61,126.52,286.4,2025,2025-01,Q1
ORD-005040,2026-03-19,Core,Germany,Direct,Enterprise,5,245.24,1.13,244.11,149.08,95.03,267.97,2026,2026-03,Q1
ORD-005041,2026-02-16,Premium,US,Direct,SMB,2,218.95,21.62,197.33,102.05,95.28,218.97,2026,2026-02,Q1
ORD-005042,2025-06-12,Core,UK,Online,Mid-Market,2,88.23,2.21,86.02,51.81,34.21,93.56,2025,2025-06,Q2
ORD-005043,2025-08-15,Plus,US,Online,SMB,3,205.9,17.38,188.52,90.99,97.53,184.72,2025,2025-08,Q3
ORD-005044,2025-03-06,Premium,UK,Online,Mid-Market,4,527.0,26.76,500.24,224.6,275.64,500.62,2025,2025-03,Q1
ORD-005045,2026-04-20,Enterprise,UK,Direct,Enterprise,1,246.9,3.05,243.85,118.03,125.82,247.08,2026,2026-04,Q2
ORD-005046,2025-12-20,Core,UAE,Partner,Enterprise,5,213.77,5.7,208.07,113.82,94.25,196.66,2025,2025-12,Q4
ORD-005047,2025-06-21,Premium,India,Partner,Mid-Market,5,646.4,17.54,628.86,409.31,219.55,702.9,2025,2025-06,Q2
ORD-005048,2026-05-09,Core,India,Direct,Mid-Market,3,137.85,2.61,135.24,62.66,72.58,143.04,2026,2026-05,Q2
ORD-005049,2025-06-29,Core,India,Partner,SMB,3,134.24,5.92,128.32,72.83,55.49,120.78,2025,2025-06,Q2
ORD-005050,2025-08-28,Enterprise,US,Online,Enterprise,2,474.84,40.31,434.53,228.88,205.65,424.15,2025,2025-08,Q3
ORD-005051,2025-09-24,Plus,UK,Direct,Enterprise,2,148.97,1.34,147.63,66.57,81.06,154.29,2025,2025-09,Q3
ORD-005052,2025-01-16,Core,India,Direct,SMB,2,81.56,4.19,77.37,38.77,38.6,71.25,2025,2025-01,Q1
ORD-005053,2025-05-05,Enterprise,US,Online,Mid-Market,3,775.41,2.64,772.77,332.76,440.01,829.31,2025,2025-05,Q2
ORD-005054,2025-02-11,Premium,UAE,Direct,Enterprise,3,380.84,24.79,356.05,167.92,188.13,345.89,2025,2025-02,Q1
ORD-005055,2026-07-15,Plus,UK,Direct,SMB,1,67.82,0.38,67.44,29.51,37.93,66.95,2026,2026-07,Q3
ORD-005056,2025-09-22,Core,UAE,Online,SMB,2,95.35,0.2,95.15,63.25,31.9,105.61,2025,2025-09,Q3
ORD-005057,2025-07-28,Plus,India,Direct,Enterprise,5,402.99,2.65,400.34,209.22,191.12,422.59,2025,2025-07,Q3
ORD-005058,2025-02-04,Core,UAE,Online,Mid-Market,4,193.58,16.12,177.46,105.89,71.57,182.97,2025,2025-02,Q1
ORD-005059,2026-05-10,Plus,UK,Online,SMB,4,294.27,12.06,282.21,168.61,113.6,277.21,2026,2026-05,Q2
ORD-005060,2026-05-09,Premium,UAE,Direct,Mid-Market,3,383.43,29.29,354.14,175.44,178.7,319.55,2026,2026-05,Q2
ORD-005061,2026-05-13,Core,India,Direct,Enterprise,2,84.54,0.29,84.25,44.16,40.09,85.55,2026,2026-05,Q2
ORD-005062,2025-05-27,Enterprise,US,Partner,Mid-Market,4,888.46,83.74,804.72,494.04,310.68,877.4,2025,2025-05,Q2
ORD-005063,2025-05-13,Core,UAE,Partner,SMB,4,192.23,3.23,189.0,103.54,85.46,201.87,2025,2025-05,Q2
ORD-005064,2025-09-01,Core,Germany,Partner,SMB,3,127.58,1.02,126.56,74.62,51.94,121.14,2025,2025-09,Q3
ORD-005065,2026-06-26,Enterprise,Germany,Direct,Mid-Market,5,1244.36,91.01,1153.35,492.05,661.3,1092.98,2026,2026-06,Q2
ORD-005066,2026-05-30,Premium,US,Online,Enterprise,1,126.02,8.31,117.71,60.18,57.53,103.94,2026,2026-05,Q2
ORD-005067,2026-07-22,Core,Germany,Online,SMB,2,84.78,11.04,73.74,33.53,40.21,68.81,2026,2026-07,Q3
ORD-005068,2025-03-31,Core,US,Direct,Mid-Market,2,97.35,2.47,94.88,45.3,49.58,91.01,2025,2025-03,Q1
ORD-005069,2026-07-18,Enterprise,US,Partner,Mid-Market,2,462.01,16.51,445.5,247.76,197.74,504.79,2026,2026-07,Q3
ORD-005070,2025-08-12,Core,India,Direct,SMB,1,41.41,0.48,40.93,27.13,13.8,41.02,2025,2025-08,Q3
ORD-005071,2025-04-28,Core,India,Partner,Enterprise,8,352.43,29.53,322.9,160.67,162.23,314.79,2025,2025-04,Q2
ORD-005072,2025-02-09,Plus,UK,Online,SMB,1,81.44,0.87,80.57,46.36,34.21,79.84,2025,2025-02,Q1
ORD-005073,2025-10-24,Premium,Germany,Direct,Enterprise,2,225.61,9.79,215.82,139.14,76.68,192.5,2025,2025-10,Q4
ORD-005074,2025-12-26,Enterprise,US,Direct,Mid-Market,2,493.58,5.71,487.87,307.54,180.33,474.12,2025,2025-12,Q4
ORD-005075,2025-12-25,Core,UAE,Partner,SMB,3,146.35,6.05,140.3,85.65,54.65,137.1,2025,2025-12,Q4
ORD-005076,2026-07-06,Plus,UAE,Direct,Enterprise,1,81.11,0.61,80.5,49.49,31.01,79.31,2026,2026-07,Q3
ORD-005077,2025-02-09,Premium,UK,Online,Enterprise,1,130.49,5.06,125.43,66.5,58.93,125.83,2025,2025-02,Q1
ORD-005078,2025-11-25,Premium,India,Direct,SMB,2,260.93,9.76,251.17,138.49,112.68,258.66,2025,2025-11,Q4
ORD-005079,2026-01-26,Plus,Germany,Online,Mid-Market,1,74.73,1.64,73.09,41.66,31.43,83.12,2026,2026-01,Q1
ORD-005080,2026-04-14,Enterprise,US,Direct,Mid-Market,4,898.13,30.05,868.08,540.8,327.28,953.33,2026,2026-04,Q2
ORD-005081,2025-02-01,Core,UK,Direct,SMB,2,81.09,3.66,77.43,34.19,43.24,72.87,2025,2025-02,Q1
ORD-005082,2026-02-27,Premium,US,Partner,Mid-Market,2,224.83,16.77,208.06,96.12,111.94,183.59,2026,2026-02,Q1
ORD-005083,2025-09-21,Core,UAE,Direct,Enterprise,3,125.13,5.36,119.77,57.24,62.53,122.65,2025,2025-09,Q3
ORD-005084,2025-07-23,Plus,UAE,Online,SMB,5,393.39,19.56,373.83,199.69,174.14,426.16,2025,2025-07,Q3
ORD-005085,2026-06-08,Core,UK,Direct,Enterprise,8,324.28,11.19,313.09,173.1,139.99,331.34,2026,2026-06,Q2
ORD-005086,2026-05-14,Core,UAE,Online,Mid-Market,2,83.24,0.19,83.05,43.47,39.58,84.58,2026,2026-05,Q2
ORD-005087,2026-01-07,Premium,Germany,Direct,SMB,3,351.42,7.15,344.27,194.03,150.24,316.17,2026,2026-01,Q1
ORD-005088,2025-04-09,Plus,India,Direct,Mid-Market,1,71.06,0.66,70.4,36.75,33.65,80.03,2025,2025-04,Q2
ORD-005089,2025-04-02,Enterprise,India,Direct,Enterprise,2,521.41,21.12,500.29,308.67,191.62,511.17,2025,2025-04,Q2
ORD-005090,2025-10-26,Plus,India,Direct,Mid-Market,2,135.45,4.2,131.25,65.75,65.5,140.2,2025,2025-10,Q4
ORD-005091,2025-08-13,Enterprise,UAE,Online,Mid-Market,2,474.18,27.08,447.1,238.03,209.07,491.86,2025,2025-08,Q3
ORD-005092,2025-07-07,Core,UAE,Direct,Enterprise,5,211.02,20.2,190.82,127.63,63.19,215.57,2025,2025-07,Q3
ORD-005093,2025-01-11,Core,UAE,Direct,Enterprise,3,127.94,3.66,124.28,60.52,63.76,120.86,2025,2025-01,Q1
ORD-005094,2025-09-18,Core,UK,Partner,Enterprise,1,47.88,1.56,46.32,30.84,15.48,45.8,2025,2025-09,Q3
ORD-005095,2025-03-30,Enterprise,UK,Direct,SMB,7,1645.86,87.47,1558.39,814.42,743.97,1507.48,2025,2025-03,Q1
ORD-005096,2026-01-16,Enterprise,Germany,Online,Mid-Market,2,452.29,29.07,423.22,249.95,173.27,384.67,2026,2026-01,Q1
ORD-005097,2026-03-01,Core,India,Direct,Enterprise,2,92.18,2.27,89.91,40.69,49.22,92.52,2026,2026-03,Q1
ORD-005098,2026-03-03,Plus,India,Online,Enterprise,7,482.46,13.34,469.12,251.0,218.12,508.6,2026,2026-03,Q1
ORD-005099,2025-07-06,Plus,India,Direct,Enterprise,2,164.53,6.02,158.51,78.96,79.55,180.34,2025,2025-07,Q3
ORD-005100,2025-10-08,Core,UAE,Online,Enterprise,1,48.09,0.51,47.58,20.53,27.05,45.36,2025,2025-10,Q4
ORD-005101,2026-01-14,Enterprise,India,Direct,Enterprise,4,959.58,36.56,923.02,601.05,321.97,947.15,2026,2026-01,Q1
ORD-005102,2025-04-12,Enterprise,UK,Online,Mid-Market,6,1370.76,102.81,1267.95,612.6,655.35,1168.6,2025,2025-04,Q2
ORD-005103,2025-08-24,Core,India,Direct,Mid-Market,3,121.88,3.68,118.2,56.89,61.31,118.39,2025,2025-08,Q3
ORD-005104,2026-07-20,Premium,UK,Online,SMB,4,472.53,26.8,445.73,273.41,172.32,450.93,2026,2026-07,Q3
ORD-005105,2026-06-15,Plus,UK,Online,SMB,2,149.01,0.14,148.87,73.3,75.57,157.82,2026,2026-06,Q2
ORD-005106,2025-04-25,Plus,UK,Direct,SMB,1,79.36,1.98,77.38,39.29,38.09,87.89,2025,2025-04,Q2
ORD-005107,2025-10-01,Premium,India,Online,Mid-Market,1,117.17,1.13,116.04,50.89,65.15,109.46,2025,2025-10,Q4
ORD-005108,2026-04-16,Plus,US,Online,Mid-Market,5,357.23,23.89,333.34,167.63,165.71,372.25,2026,2026-04,Q2
ORD-005109,2025-01-28,Plus,India,Direct,Enterprise,3,206.27,21.54,184.73,112.33,72.4,170.39,2025,2025-01,Q1
ORD-005110,2025-09-29,Core,US,Direct,SMB,4,166.33,0.66,165.67,99.88,65.79,180.15,2025,2025-09,Q3
ORD-005111,2026-02-18,Core,India,Direct,Mid-Market,6,287.94,14.81,273.13,180.26,92.87,303.83,2026,2026-02,Q1
ORD-005112,2025-04-29,Core,UK,Direct,Mid-Market,3,147.04,3.8,143.24,84.2,59.04,138.42,2025,2025-04,Q2
ORD-005113,2025-05-12,Core,UK,Partner,SMB,2,95.85,1.47,94.38,57.86,36.52,88.3,2025,2025-05,Q2
ORD-005114,2026-07-05,Plus,Germany,Direct,Mid-Market,2,158.85,1.02,157.83,92.36,65.47,172.74,2026,2026-07,Q3
ORD-005115,2025-09-06,Premium,UK,Partner,SMB,3,369.22,8.58,360.64,197.01,163.63,334.76,2025,2025-09,Q3
ORD-005116,2025-11-11,Premium,India,Online,SMB,2,232.8,12.06,220.74,106.28,114.46,248.34,2025,2025-11,Q4
ORD-005117,2025-12-13,Premium,UK,Direct,SMB,2,260.52,8.2,252.32,166.14,86.18,258.28,2025,2025-12,Q4
ORD-005118,2026-07-06,Core,Germany,Partner,SMB,5,229.43,6.26,223.17,123.54,99.63,237.93,2026,2026-07,Q3
ORD-005119,2025-10-15,Plus,India,Online,SMB,2,159.54,7.43,152.11,80.92,71.19,150.6,2025,2025-10,Q4
ORD-005120,2026-07-02,Plus,US,Online,Enterprise,5,394.76,50.4,344.36,218.15,126.21,313.2,2026,2026-07,Q3
ORD-005121,2025-10-26,Premium,UAE,Partner,Mid-Market,2,242.25,3.86,238.39,154.76,83.63,271.37,2025,2025-10,Q4
ORD-005122,2025-05-16,Premium,India,Partner,Mid-Market,3,347.12,5.22,341.9,214.96,126.94,387.51,2025,2025-05,Q2
ORD-005123,2025-07-14,Plus,UK,Partner,Mid-Market,2,152.33,2.91,149.42,90.38,59.04,149.9,2025,2025-07,Q3
ORD-005124,2026-02-05,Plus,UAE,Partner,SMB,2,145.71,3.7,142.01,82.85,59.16,149.64,2026,2026-02,Q1
ORD-005125,2025-11-22,Plus,UK,Online,SMB,5,348.44,10.08,338.36,164.55,173.81,319.62,2025,2025-11,Q4
ORD-005126,2026-04-04,Plus,UAE,Online,SMB,4,316.0,16.55,299.45,133.73,165.72,320.78,2026,2026-04,Q2
ORD-005127,2026-07-29,Enterprise,India,Online,Enterprise,2,473.94,4.87,469.07,299.73,169.34,413.9,2026,2026-07,Q3
ORD-005128,2026-05-26,Enterprise,UK,Partner,Mid-Market,5,1170.06,175.46,994.6,472.55,522.05,1105.09,2026,2026-05,Q2
ORD-005129,2026-04-14,Plus,UK,Direct,Mid-Market,4,302.2,29.54,272.66,147.84,124.82,292.52,2026,2026-04,Q2
ORD-005130,2025-08-11,Core,US,Online,SMB,2,86.41,2.15,84.26,39.42,44.84,77.31,2025,2025-08,Q3
ORD-005131,2025-07-30,Premium,UK,Direct,SMB,3,350.44,3.42,347.02,153.71,193.31,314.89,2025,2025-07,Q3
ORD-005132,2026-01-24,Premium,UK,Partner,Mid-Market,6,750.9,39.37,711.53,300.52,411.01,743.14,2026,2026-01,Q1
ORD-005133,2025-10-13,Premium,UK,Partner,SMB,1,130.32,6.43,123.89,69.94,53.95,135.95,2025,2025-10,Q4
ORD-005134,2026-07-29,Premium,UK,Online,Mid-Market,7,811.26,10.21,801.05,386.77,414.28,843.89,2026,2026-07,Q3
ORD-005135,2026-06-20,Plus,India,Partner,Enterprise,5,382.82,38.3,344.52,149.34,195.18,379.05,2026,2026-06,Q2
ORD-005136,2025-05-28,Plus,UAE,Partner,SMB,5,354.79,14.14,340.65,199.72,140.93,306.33,2025,2025-05,Q2
ORD-005137,2025-07-16,Plus,UK,Partner,SMB,6,475.35,11.61,463.74,232.16,231.58,523.98,2025,2025-07,Q3
ORD-005138,2025-06-04,Plus,US,Partner,Enterprise,2,144.2,4.15,140.05,59.18,80.87,145.97,2025,2025-06,Q2
ORD-005139,2025-02-24,Core,Germany,Online,SMB,2,90.4,1.85,88.55,56.14,32.41,100.72,2025,2025-02,Q1
ORD-005140,2026-03-16,Enterprise,US,Partner,SMB,3,677.99,13.61,664.38,337.49,326.89,644.45,2026,2026-03,Q1
ORD-005141,2025-01-01,Core,UK,Online,SMB,1,42.17,0.3,41.87,26.91,14.96,46.08,2025,2025-01,Q1
ORD-005142,2026-04-07,Plus,India,Direct,SMB,1,75.21,5.94,69.27,46.01,23.26,76.63,2026,2026-04,Q2
ORD-005143,2025-10-09,Plus,US,Partner,Enterprise,4,289.33,9.46,279.87,118.48,161.39,308.67,2025,2025-10,Q4
ORD-005144,2025-09-28,Premium,India,Direct,SMB,1,130.74,10.2,120.54,62.66,57.88,114.37,2025,2025-09,Q3
ORD-005145,2026-06-14,Core,India,Direct,Mid-Market,8,373.87,16.52,357.35,228.5,128.85,352.29,2026,2026-06,Q2
ORD-005146,2025-12-17,Core,US,Online,Mid-Market,3,122.81,1.75,121.06,65.08,55.98,133.09,2025,2025-12,Q4
ORD-005147,2025-10-25,Plus,UK,Online,Mid-Market,3,236.65,4.7,231.95,98.14,133.81,230.46,2025,2025-10,Q4
ORD-005148,2025-04-25,Enterprise,India,Direct,Mid-Market,1,229.54,3.91,225.63,138.92,86.71,254.43,2025,2025-04,Q2
ORD-005149,2025-09-07,Plus,UK,Direct,SMB,3,246.94,17.21,229.73,105.62,124.11,248.51,2025,2025-09,Q3
ORD-005150,2025-09-03,Premium,UAE,Direct,Mid-Market,3,325.5,7.16,318.34,177.88,140.46,299.44,2025,2025-09,Q3
ORD-005151,2025-05-10,Premium,India,Direct,Mid-Market,3,338.44,11.76,326.68,194.75,131.93,325.04,2025,2025-05,Q2
ORD-005152,2025-11-05,Plus,UAE,Direct,Mid-Market,1,69.27,1.53,67.74,39.09,28.65,69.25,2025,2025-11,Q4
ORD-005153,2026-03-15,Premium,India,Online,SMB,1,121.21,13.41,107.8,58.87,48.93,109.95,2026,2026-03,Q1
ORD-005154,2025-04-07,Core,UK,Online,SMB,3,130.71,2.29,128.42,56.55,71.87,126.55,2025,2025-04,Q2
ORD-005155,2025-08-11,Plus,India,Direct,Enterprise,5,398.79,15.17,383.62,246.29,137.33,366.69,2025,2025-08,Q3
ORD-005156,2026-06-12,Plus,UK,Direct,Enterprise,4,304.52,1.52,303.0,172.52,130.48,280.55,2026,2026-06,Q2
ORD-005157,2026-02-18,Enterprise,US,Partner,Enterprise,4,928.61,77.18,851.43,415.74,435.69,913.85,2026,2026-02,Q1
ORD-005158,2026-05-19,Core,UK,Partner,SMB,1,45.0,2.92,42.08,26.2,15.88,45.92,2026,2026-05,Q2
ORD-005159,2026-07-04,Plus,India,Direct,Enterprise,5,398.77,11.73,387.04,173.9,213.14,394.43,2026,2026-07,Q3
ORD-005160,2025-12-29,Core,India,Direct,SMB,2,84.51,4.82,79.69,44.16,35.53,84.37,2025,2025-12,Q4
ORD-005161,2026-04-27,Core,UAE,Direct,Mid-Market,3,146.3,5.94,140.36,92.46,47.9,149.39,2026,2026-04,Q2
ORD-005162,2025-07-29,Plus,UK,Direct,Enterprise,3,219.81,1.53,218.28,122.2,96.08,209.83,2025,2025-07,Q3
ORD-005163,2026-07-23,Enterprise,UK,Online,Mid-Market,3,715.52,41.0,674.52,313.74,360.78,595.28,2026,2026-07,Q3
ORD-005164,2025-05-26,Enterprise,US,Direct,Mid-Market,3,766.42,36.94,729.48,386.12,343.36,762.31,2025,2025-05,Q2
ORD-005165,2026-01-21,Plus,India,Partner,SMB,3,229.69,8.29,221.4,105.07,116.33,238.05,2026,2026-01,Q1
ORD-005166,2026-04-27,Plus,India,Direct,SMB,2,137.88,5.63,132.25,69.76,62.49,150.42,2026,2026-04,Q2
ORD-005167,2025-01-28,Plus,UK,Direct,Mid-Market,3,241.16,26.17,214.99,111.95,103.04,211.24,2025,2025-01,Q1
ORD-005168,2025-07-14,Core,India,Partner,Mid-Market,1,40.7,2.63,38.07,21.2,16.87,37.26,2025,2025-07,Q3
ORD-005169,2026-06-11,Enterprise,UAE,Online,Mid-Market,4,886.23,34.1,852.13,517.54,334.59,812.93,2026,2026-06,Q2
ORD-005170,2025-12-23,Plus,US,Online,Enterprise,3,242.28,19.18,223.1,112.98,110.12,213.87,2025,2025-12,Q4
ORD-005171,2025-03-06,Core,Germany,Online,Enterprise,4,169.89,0.35,169.54,88.9,80.64,190.14,2025,2025-03,Q1
ORD-005172,2025-01-20,Core,US,Online,SMB,1,48.1,1.3,46.8,21.12,25.68,48.73,2025,2025-01,Q1
ORD-005173,2025-01-29,Enterprise,UK,Direct,SMB,2,482.07,7.57,474.5,289.18,185.32,470.66,2025,2025-01,Q1
ORD-005174,2026-07-16,Premium,UK,Online,Mid-Market,4,477.61,13.04,464.57,221.55,243.02,481.12,2026,2026-07,Q3
ORD-005175,2025-01-23,Enterprise,UK,Online,SMB,2,440.99,4.07,436.92,232.92,204.0,444.24,2025,2025-01,Q1
ORD-005176,2025-07-27,Enterprise,Germany,Direct,Mid-Market,2,477.92,3.53,474.39,289.8,184.59,494.17,2025,2025-07,Q3
ORD-005177,2026-02-04,Plus,UAE,Partner,SMB,2,140.38,0.4,139.98,66.03,73.95,138.78,2026,2026-02,Q1
ORD-005178,2026-04-17,Premium,US,Online,SMB,1,124.08,1.97,122.11,61.1,61.01,125.88,2026,2026-04,Q2
ORD-005179,2025-02-23,Premium,India,Online,SMB,7,807.2,11.61,795.59,337.24,458.35,821.28,2025,2025-02,Q1
ORD-005180,2025-04-16,Core,UAE,Online,Mid-Market,2,81.94,1.62,80.32,35.92,44.4,86.54,2025,2025-04,Q2
ORD-005181,2025-04-01,Core,UK,Direct,Enterprise,1,44.35,2.13,42.22,23.7,18.52,38.53,2025,2025-04,Q2
ORD-005182,2026-03-28,Plus,US,Online,Mid-Market,2,136.4,5.65,130.75,64.68,66.07,117.89,2026,2026-03,Q1
ORD-005183,2026-01-15,Premium,UK,Online,SMB,2,248.17,14.68,233.49,139.78,93.71,212.02,2026,2026-01,Q1
ORD-005184,2025-06-16,Core,India,Direct,SMB,5,236.41,14.17,222.24,101.25,120.99,248.7,2025,2025-06,Q2
ORD-005185,2026-05-23,Premium,US,Direct,SMB,5,555.5,2.15,553.35,347.91,205.44,543.79,2026,2026-05,Q2
ORD-005186,2026-05-09,Premium,US,Direct,Mid-Market,6,687.31,21.29,666.02,435.76,230.26,658.82,2026,2026-05,Q2
ORD-005187,2025-05-30,Plus,UAE,Online,SMB,1,77.59,6.66,70.93,32.9,38.03,80.57,2025,2025-05,Q2
ORD-005188,2025-09-04,Core,UK,Partner,Mid-Market,4,194.78,2.0,192.78,118.34,74.44,172.23,2025,2025-09,Q3
ORD-005189,2025-11-29,Core,US,Partner,SMB,1,41.7,3.72,37.98,24.74,13.24,38.56,2025,2025-11,Q4
ORD-005190,2025-02-12,Premium,UK,Direct,SMB,4,447.82,2.44,445.38,214.41,230.97,468.56,2025,2025-02,Q1
ORD-005191,2025-10-30,Plus,Germany,Direct,Mid-Market,1,75.95,2.68,73.27,46.16,27.11,69.89,2025,2025-10,Q4
ORD-005192,2026-07-04,Core,Germany,Partner,SMB,2,82.55,1.7,80.85,37.7,43.15,78.61,2026,2026-07,Q3
ORD-005193,2026-03-16,Plus,UK,Partner,SMB,3,214.46,14.32,200.14,103.86,96.28,204.71,2026,2026-03,Q1
ORD-005194,2025-12-05,Premium,UK,Direct,SMB,1,123.05,7.88,115.17,65.08,50.09,119.16,2025,2025-12,Q4
ORD-005195,2025-06-21,Core,Germany,Direct,Mid-Market,3,123.12,4.23,118.89,57.61,61.28,135.24,2025,2025-06,Q2
ORD-005196,2026-07-13,Premium,UAE,Online,SMB,3,330.74,36.79,293.95,179.04,114.91,304.93,2026,2026-07,Q3
ORD-005197,2025-10-12,Core,US,Online,SMB,2,85.34,7.2,78.14,40.57,37.57,82.14,2025,2025-10,Q4
ORD-005198,2025-09-21,Core,India,Online,SMB,1,41.46,3.04,38.42,20.54,17.88,37.86,2025,2025-09,Q3
ORD-005199,2025-11-04,Enterprise,US,Direct,SMB,3,764.37,48.97,715.4,338.72,376.68,733.44,2025,2025-11,Q4
ORD-005200,2025-03-01,Core,US,Online,SMB,1,46.24,3.04,43.2,18.91,24.29,46.94,2025,2025-03,Q1
ORD-005201,2025-03-05,Premium,India,Online,Mid-Market,6,672.4,7.6,664.8,403.7,261.1,637.39,2025,2025-03,Q1
ORD-005202,2026-04-30,Core,US,Online,Enterprise,5,242.01,1.11,240.9,145.33,95.57,272.9,2026,2026-04,Q2
ORD-005203,2025-07-08,Core,UK,Partner,Mid-Market,3,145.69,2.77,142.92,70.25,72.67,140.75,2025,2025-07,Q3
ORD-005204,2026-05-07,Plus,India,Online,Enterprise,1,79.39,3.86,75.53,36.94,38.59,73.19,2026,2026-05,Q2
ORD-005205,2026-01-06,Premium,Germany,Direct,SMB,2,256.62,5.22,251.4,116.09,135.31,251.31,2026,2026-01,Q1
ORD-005206,2025-07-05,Core,US,Online,SMB,3,135.72,25.66,110.06,53.41,56.65,105.9,2025,2025-07,Q3
ORD-005207,2026-01-20,Premium,UK,Direct,Enterprise,2,246.39,15.39,231.0,101.54,129.46,257.14,2026,2026-01,Q1
ORD-005208,2025-11-03,Plus,US,Direct,SMB,3,241.4,12.24,229.16,102.8,126.36,245.23,2025,2025-11,Q4
ORD-005209,2025-10-12,Premium,US,Partner,Mid-Market,5,578.38,1.65,576.73,296.44,280.29,529.36,2025,2025-10,Q4
ORD-005210,2025-02-25,Enterprise,India,Partner,Mid-Market,1,235.6,23.24,212.36,134.36,78.0,204.19,2025,2025-02,Q1
ORD-005211,2025-11-26,Plus,India,Direct,SMB,5,364.85,23.3,341.55,168.94,172.61,351.95,2025,2025-11,Q4
ORD-005212,2026-04-27,Core,Germany,Online,Mid-Market,2,82.89,3.42,79.47,42.87,36.6,89.88,2026,2026-04,Q2
ORD-005213,2026-07-31,Plus,India,Online,SMB,1,76.72,0.53,76.19,36.89,39.3,67.52,2026,2026-07,Q3
ORD-005214,2025-12-31,Enterprise,India,Online,SMB,1,234.13,37.97,196.16,113.98,82.18,191.23,2025,2025-12,Q4
ORD-005215,2025-12-03,Enterprise,India,Partner,Mid-Market,2,449.43,5.91,443.52,249.76,193.76,447.8,2025,2025-12,Q4
ORD-005216,2026-02-06,Premium,US,Direct,SMB,2,259.24,18.78,240.46,128.05,112.41,228.2,2026,2026-02,Q1
ORD-005217,2025-04-17,Plus,Germany,Online,SMB,1,75.81,2.75,73.06,40.71,32.35,66.69,2025,2025-04,Q2
ORD-005218,2025-04-24,Plus,India,Online,Enterprise,3,205.51,11.62,193.89,126.5,67.39,191.25,2025,2025-04,Q2
ORD-005219,2025-11-15,Plus,UK,Direct,Mid-Market,10,684.16,11.04,673.12,345.56,327.56,592.51,2025,2025-11,Q4
ORD-005220,2025-08-24,Core,Germany,Partner,Enterprise,3,126.78,7.81,118.97,77.28,41.69,105.56,2025,2025-08,Q3
ORD-005221,2025-02-08,Core,UAE,Online,SMB,2,92.28,0.91,91.37,43.4,47.97,95.14,2025,2025-02,Q1
ORD-005222,2025-06-20,Core,India,Online,Enterprise,1,46.35,1.29,45.06,22.34,22.72,46.91,2025,2025-06,Q2
ORD-005223,2026-03-22,Core,UK,Direct,SMB,3,125.88,8.69,117.19,64.13,53.06,106.11,2026,2026-03,Q1
ORD-005224,2026-03-10,Core,UK,Online,SMB,2,87.69,8.31,79.38,46.99,32.39,83.84,2026,2026-03,Q1
ORD-005225,2025-08-04,Core,Germany,Direct,Enterprise,4,166.24,10.01,156.23,86.59,69.64,170.76,2025,2025-08,Q3
ORD-005226,2025-03-10,Premium,US,Partner,Enterprise,4,467.31,20.59,446.72,202.56,244.16,458.65,2025,2025-03,Q1
ORD-005227,2025-12-31,Plus,Germany,Direct,SMB,2,150.58,4.46,146.12,73.64,72.48,145.38,2025,2025-12,Q4
ORD-005228,2025-07-19,Plus,India,Online,Mid-Market,2,142.69,0.86,141.83,70.97,70.86,154.15,2025,2025-07,Q3
ORD-005229,2025-02-20,Plus,UK,Online,SMB,2,145.73,6.48,139.25,86.16,53.09,156.03,2025,2025-02,Q1
ORD-005230,2025-07-10,Core,UAE,Direct,SMB,5,237.18,12.69,224.49,141.2,83.29,237.67,2025,2025-07,Q3
ORD-005231,2025-04-26,Enterprise,UK,Online,SMB,6,1386.77,7.65,1379.12,734.29,644.83,1485.57,2025,2025-04,Q2
ORD-005232,2025-12-04,Enterprise,Germany,Direct,SMB,2,509.07,29.33,479.74,299.76,179.98,464.24,2025,2025-12,Q4
ORD-005233,2025-07-25,Core,UK,Direct,SMB,2,85.49,2.82,82.67,47.36,35.31,87.88,2025,2025-07,Q3
ORD-005234,2026-05-17,Plus,India,Online,Mid-Market,8,644.9,44.45,600.45,385.95,214.5,634.63,2026,2026-05,Q2
ORD-005235,2026-06-26,Plus,India,Online,Enterprise,1,76.74,1.79,74.95,33.79,41.16,68.85,2026,2026-06,Q2
ORD-005236,2025-05-16,Plus,Germany,Direct,Enterprise,1,78.09,0.68,77.41,37.61,39.8,76.03,2025,2025-05,Q2
ORD-005237,2025-10-22,Premium,UK,Online,Enterprise,1,123.5,0.13,123.37,60.74,62.63,132.04,2025,2025-10,Q4
ORD-005238,2025-08-18,Core,India,Online,Enterprise,2,82.13,4.86,77.27,50.78,26.49,84.0,2025,2025-08,Q3
ORD-005239,2025-12-21,Core,US,Partner,SMB,3,125.79,5.66,120.13,55.14,64.99,117.15,2025,2025-12,Q4
ORD-005240,2025-10-02,Plus,India,Direct,Enterprise,2,139.44,6.76,132.68,57.23,75.45,137.72,2025,2025-10,Q4
ORD-005241,2025-10-12,Core,UK,Online,Mid-Market,3,137.82,9.03,128.79,55.9,72.89,122.29,2025,2025-10,Q4
ORD-005242,2026-06-22,Premium,UK,Direct,Mid-Market,1,130.82,2.3,128.52,65.54,62.98,132.71,2026,2026-06,Q2
ORD-005243,2026-02-19,Enterprise,UK,Direct,Mid-Market,3,746.26,7.67,738.59,423.84,314.75,786.27,2026,2026-02,Q1
ORD-005244,2025-09-12,Premium,UK,Online,Mid-Market,2,216.1,0.13,215.97,107.84,108.13,213.77,2025,2025-09,Q3
ORD-005245,2025-04-10,Plus,UK,Direct,Mid-Market,2,145.11,3.58,141.53,78.43,63.1,133.71,2025,2025-04,Q2
ORD-005246,2025-07-27,Core,India,Partner,Mid-Market,1,47.14,2.89,44.25,21.24,23.01,45.33,2025,2025-07,Q3
ORD-005247,2025-03-13,Enterprise,UAE,Direct,Mid-Market,2,449.37,9.7,439.67,189.9,249.77,480.85,2025,2025-03,Q1
ORD-005248,2025-08-14,Core,Germany,Direct,SMB,3,138.06,14.24,123.82,71.84,51.98,127.67,2025,2025-08,Q3
ORD-005249,2025-06-14,Plus,UAE,Partner,SMB,3,245.05,3.12,241.93,115.09,126.84,231.51,2025,2025-06,Q2
ORD-005250,2025-09-08,Core,UK,Online,SMB,1,46.12,1.85,44.27,23.68,20.59,41.16,2025,2025-09,Q3
ORD-005251,2025-02-22,Premium,UK,Online,SMB,2,233.35,3.71,229.64,150.85,78.79,249.89,2025,2025-02,Q1
ORD-005252,2026-01-02,Enterprise,UK,Direct,Enterprise,6,1493.62,20.41,1473.21,671.24,801.97,1323.79,2026,2026-01,Q1
ORD-005253,2025-06-16,Core,UK,Direct,SMB,2,92.76,3.02,89.74,55.97,33.77,86.48,2025,2025-06,Q2
ORD-005254,2025-07-05,Premium,UK,Online,Mid-Market,3,325.48,7.03,318.45,202.24,116.21,286.54,2025,2025-07,Q3
ORD-005255,2026-02-16,Premium,US,Direct,SMB,5,581.1,12.45,568.65,294.98,273.67,627.76,2026,2026-02,Q1
ORD-005256,2025-12-24,Core,UK,Direct,SMB,3,145.15,15.27,129.88,76.93,52.95,146.33,2025,2025-12,Q4
ORD-005257,2025-09-03,Premium,Germany,Direct,SMB,5,612.39,12.04,600.35,257.03,343.32,579.66,2025,2025-09,Q3
ORD-005258,2025-12-14,Premium,UK,Direct,SMB,4,461.89,50.14,411.75,225.89,185.86,436.02,2025,2025-12,Q4
ORD-005259,2025-03-03,Enterprise,UAE,Online,SMB,4,976.89,45.46,931.43,483.61,447.82,930.47,2025,2025-03,Q1
ORD-005260,2025-08-12,Plus,Germany,Direct,Enterprise,6,460.64,0.93,459.71,219.58,240.13,464.76,2025,2025-08,Q3
ORD-005261,2025-10-27,Enterprise,Germany,Partner,SMB,3,656.69,31.5,625.19,321.24,303.95,637.33,2025,2025-10,Q4
ORD-005262,2025-03-29,Premium,UK,Direct,SMB,2,231.34,13.42,217.92,94.32,123.6,194.72,2025,2025-03,Q1
ORD-005263,2025-06-19,Core,UK,Direct,Mid-Market,3,125.89,5.44,120.45,63.55,56.9,135.4,2025,2025-06,Q2
ORD-005264,2026-06-08,Core,US,Direct,Mid-Market,1,41.69,1.65,40.04,24.99,15.05,35.3,2026,2026-06,Q2
ORD-005265,2026-02-03,Plus,US,Online,Mid-Market,1,76.25,2.89,73.36,46.67,26.69,81.78,2026,2026-02,Q1
ORD-005266,2025-05-01,Premium,India,Online,SMB,1,109.48,8.05,101.43,67.54,33.89,97.69,2025,2025-05,Q2
ORD-005267,2025-11-20,Core,India,Partner,Enterprise,2,95.49,5.85,89.64,45.31,44.33,89.07,2025,2025-11,Q4
ORD-005268,2025-10-18,Plus,India,Online,SMB,1,82.26,0.58,81.68,46.31,35.37,73.91,2025,2025-10,Q4
ORD-005269,2026-03-23,Plus,India,Online,SMB,1,80.05,3.9,76.15,36.58,39.57,71.12,2026,2026-03,Q1
ORD-005270,2025-07-24,Core,UK,Direct,SMB,2,81.93,3.71,78.22,36.32,41.9,86.98,2025,2025-07,Q3
ORD-005271,2026-07-12,Core,UAE,Direct,Mid-Market,3,144.83,2.02,142.81,70.74,72.07,134.38,2026,2026-07,Q3
ORD-005272,2026-04-04,Core,US,Direct,SMB,4,184.13,2.09,182.04,87.51,94.53,166.55,2026,2026-04,Q2
ORD-005273,2025-08-11,Plus,US,Direct,SMB,2,164.53,0.85,163.68,69.78,93.9,148.69,2025,2025-08,Q3
ORD-005274,2025-09-13,Premium,UK,Direct,Mid-Market,3,341.57,18.13,323.44,199.68,123.76,308.45,2025,2025-09,Q3
ORD-005275,2025-12-09,Enterprise,Germany,Partner,SMB,3,657.55,0.74,656.81,372.68,284.13,698.09,2025,2025-12,Q4
ORD-005276,2025-02-11,Premium,Germany,Online,Mid-Market,4,463.72,45.49,418.23,211.18,207.05,408.93,2025,2025-02,Q1
ORD-005277,2025-02-05,Plus,Germany,Direct,SMB,1,82.47,3.71,78.76,37.65,41.11,87.18,2025,2025-02,Q1
ORD-005278,2025-06-26,Premium,US,Direct,SMB,5,608.7,14.96,593.74,355.78,237.96,612.17,2025,2025-06,Q2
ORD-005279,2026-07-14,Plus,India,Partner,Mid-Market,6,419.83,2.75,417.08,221.05,196.03,411.52,2026,2026-07,Q3
ORD-005280,2025-10-20,Plus,Germany,Partner,Mid-Market,3,206.61,13.37,193.24,111.27,81.97,207.95,2025,2025-10,Q4
ORD-005281,2025-03-05,Core,US,Partner,Enterprise,3,127.25,2.03,125.22,78.38,46.84,126.74,2025,2025-03,Q1
ORD-005282,2026-01-25,Plus,UK,Online,Enterprise,2,154.78,2.36,152.42,70.31,82.11,156.31,2026,2026-01,Q1
ORD-005283,2025-01-09,Enterprise,India,Online,Mid-Market,1,250.81,17.78,233.03,111.12,121.91,253.86,2025,2025-01,Q1
ORD-005284,2026-07-26,Core,Germany,Partner,SMB,4,190.27,2.62,187.65,115.52,72.13,206.88,2026,2026-07,Q3
ORD-005285,2025-02-12,Enterprise,India,Partner,Enterprise,3,776.34,17.94,758.4,377.09,381.31,737.79,2025,2025-02,Q1
ORD-005286,2025-12-18,Core,India,Partner,Mid-Market,2,82.57,2.18,80.39,35.32,45.07,76.45,2025,2025-12,Q4
ORD-005287,2026-04-13,Plus,UAE,Direct,SMB,1,80.89,4.67,76.22,36.29,39.93,85.56,2026,2026-04,Q2
ORD-005288,2025-10-13,Core,UAE,Online,Enterprise,5,236.93,4.45,232.48,103.94,128.54,213.76,2025,2025-10,Q4
ORD-005289,2026-01-10,Core,UK,Partner,SMB,2,86.94,2.32,84.62,47.95,36.67,86.72,2026,2026-01,Q1
ORD-005290,2026-03-30,Premium,India,Partner,SMB,1,123.97,4.16,119.81,55.73,64.08,132.5,2026,2026-03,Q1
ORD-005291,2025-06-25,Premium,UK,Direct,SMB,4,468.69,24.49,444.2,258.96,185.24,427.54,2025,2025-06,Q2
ORD-005292,2025-09-01,Premium,US,Direct,Mid-Market,5,561.64,5.95,555.69,250.03,305.66,522.24,2025,2025-09,Q3
ORD-005293,2026-06-30,Core,US,Partner,SMB,2,92.59,5.68,86.91,49.9,37.01,97.21,2026,2026-06,Q2
ORD-005294,2025-06-21,Premium,Germany,Direct,Mid-Market,5,556.71,21.91,534.8,272.39,262.41,581.76,2025,2025-06,Q2
ORD-005295,2026-05-24,Plus,US,Partner,Enterprise,4,309.09,2.37,306.72,199.25,107.47,295.09,2026,2026-05,Q2
ORD-005296,2025-07-16,Plus,India,Direct,Enterprise,1,76.15,4.6,71.55,37.26,34.29,80.4,2025,2025-07,Q3
ORD-005297,2026-01-25,Enterprise,UK,Direct,Mid-Market,7,1699.53,34.83,1664.7,800.14,864.56,1601.65,2026,2026-01,Q1
ORD-005298,2026-05-13,Enterprise,US,Direct,Mid-Market,8,1954.97,69.24,1885.73,1181.19,704.54,2088.3,2026,2026-05,Q2
ORD-005299,2025-07-23,Plus,India,Online,Enterprise,6,461.02,19.84,441.18,223.44,217.74,480.93,2025,2025-07,Q3
ORD-005300,2025-12-23,Core,UK,Direct,Mid-Market,2,96.74,1.09,95.65,44.05,51.6,102.26,2025,2025-12,Q4
ORD-005301,2025-07-01,Enterprise,UK,Partner,SMB,5,1125.02,12.55,1112.47,536.45,576.02,1176.6,2025,2025-07,Q3
ORD-005302,2025-04-10,Enterprise,Germany,Partner,Enterprise,2,456.5,17.61,438.89,207.13,231.76,390.12,2025,2025-04,Q2
ORD-005303,2025-12-22,Premium,India,Direct,SMB,2,238.69,4.67,234.02,130.55,103.47,237.4,2025,2025-12,Q4
ORD-005304,2025-09-17,Core,UAE,Online,SMB,3,139.26,5.9,133.36,75.78,57.58,120.63,2025,2025-09,Q3
ORD-005305,2026-05-31,Premium,UK,Direct,Enterprise,1,118.57,12.63,105.94,68.23,37.71,116.28,2026,2026-05,Q2
ORD-005306,2025-02-10,Core,Germany,Direct,SMB,2,98.27,0.29,97.98,53.63,44.35,86.74,2025,2025-02,Q1
ORD-005307,2025-05-05,Enterprise,UK,Direct,Mid-Market,16,4223.38,95.03,4128.35,2058.73,2069.62,3873.6,2025,2025-05,Q2
ORD-005308,2026-05-24,Core,UAE,Partner,SMB,1,42.04,3.67,38.37,21.87,16.5,38.21,2026,2026-05,Q2
ORD-005309,2026-06-30,Premium,US,Direct,Enterprise,2,216.27,2.12,214.15,91.59,122.56,196.93,2026,2026-06,Q2
ORD-005310,2026-06-23,Core,UAE,Direct,Mid-Market,2,81.4,3.21,78.19,46.72,31.47,69.1,2026,2026-06,Q2
ORD-005311,2026-06-30,Premium,UK,Online,SMB,6,753.4,38.92,714.48,315.68,398.8,800.33,2026,2026-06,Q2
ORD-005312,2026-06-05,Plus,Germany,Online,SMB,2,163.42,3.64,159.78,86.28,73.5,169.15,2026,2026-06,Q2
ORD-005313,2026-03-27,Core,UK,Partner,Mid-Market,3,148.25,13.0,135.25,86.93,48.32,153.38,2026,2026-03,Q1
ORD-005314,2025-06-29,Plus,India,Direct,SMB,2,155.64,0.69,154.95,98.54,56.41,175.31,2025,2025-06,Q2
ORD-005315,2025-06-12,Core,India,Direct,Enterprise,1,41.72,2.83,38.89,17.89,21.0,37.03,2025,2025-06,Q2
ORD-005316,2025-09-02,Plus,UK,Direct,Mid-Market,4,276.69,0.15,276.54,142.75,133.79,255.78,2025,2025-09,Q3
ORD-005317,2026-02-04,Premium,UK,Direct,SMB,2,258.47,1.91,256.56,133.61,122.95,282.09,2026,2026-02,Q1
ORD-005318,2025-03-10,Core,UAE,Direct,SMB,2,84.23,3.26,80.97,47.87,33.1,71.32,2025,2025-03,Q1
ORD-005319,2025-09-08,Plus,India,Online,Mid-Market,3,206.22,1.62,204.6,101.3,103.3,191.59,2025,2025-09,Q3
ORD-005320,2025-03-28,Premium,Germany,Online,Mid-Market,1,120.95,4.95,116.0,60.02,55.98,102.29,2025,2025-03,Q1
ORD-005321,2026-02-14,Plus,Germany,Partner,SMB,1,81.02,8.96,72.06,43.8,28.26,76.78,2026,2026-02,Q1
ORD-005322,2025-03-16,Premium,India,Partner,Mid-Market,5,632.82,4.7,628.12,409.39,218.73,650.23,2025,2025-03,Q1
ORD-005323,2025-10-11,Core,US,Partner,Mid-Market,2,96.84,2.33,94.51,41.0,53.51,88.03,2025,2025-10,Q4
ORD-005324,2026-07-19,Premium,US,Partner,SMB,5,643.01,14.83,628.18,308.26,319.92,681.01,2026,2026-07,Q3
ORD-005325,2025-09-09,Plus,UK,Online,Mid-Market,2,135.47,18.57,116.9,72.4,44.5,116.8,2025,2025-09,Q3
ORD-005326,2025-05-18,Premium,UAE,Direct,SMB,2,243.41,9.45,233.96,127.85,106.11,227.23,2025,2025-05,Q2
ORD-005327,2025-11-04,Core,UK,Online,Mid-Market,1,49.49,1.72,47.77,29.57,18.2,47.01,2025,2025-11,Q4
ORD-005328,2025-01-15,Core,UK,Direct,Mid-Market,2,81.26,9.97,71.29,34.21,37.08,79.26,2025,2025-01,Q1
ORD-005329,2025-06-04,Plus,US,Online,Enterprise,2,145.28,7.03,138.25,68.74,69.51,146.68,2025,2025-06,Q2
ORD-005330,2025-10-02,Plus,US,Partner,SMB,1,76.38,4.61,71.77,33.72,38.05,78.97,2025,2025-10,Q4
ORD-005331,2025-09-22,Premium,UAE,Partner,Enterprise,2,219.76,8.44,211.32,106.68,104.64,234.95,2025,2025-09,Q3
ORD-005332,2026-05-10,Plus,Germany,Direct,Mid-Market,7,501.26,33.75,467.51,235.1,232.41,524.43,2026,2026-05,Q2
ORD-005333,2026-05-31,Plus,UAE,Direct,SMB,1,70.84,11.26,59.58,38.03,21.55,61.09,2026,2026-05,Q2
ORD-005334,2026-05-27,Enterprise,Germany,Direct,Enterprise,3,655.5,69.07,586.43,352.86,233.57,547.32,2026,2026-05,Q2
ORD-005335,2025-05-23,Core,UK,Direct,Mid-Market,1,44.71,0.32,44.39,29.18,15.21,41.36,2025,2025-05,Q2
ORD-005336,2025-04-03,Plus,UK,Partner,SMB,3,246.96,6.67,240.29,116.79,123.5,211.81,2025,2025-04,Q2
ORD-005337,2026-05-18,Premium,UK,Partner,Mid-Market,6,693.72,23.2,670.52,313.78,356.74,744.24,2026,2026-05,Q2
ORD-005338,2025-02-04,Premium,Germany,Partner,Mid-Market,5,630.19,5.0,625.19,287.76,337.43,701.03,2025,2025-02,Q1
ORD-005339,2026-07-10,Premium,India,Direct,SMB,3,386.02,52.55,333.47,174.11,159.36,368.73,2026,2026-07,Q3
ORD-005340,2025-01-06,Core,Germany,Direct,SMB,4,171.49,3.07,168.42,107.39,61.03,186.85,2025,2025-01,Q1
ORD-005341,2025-05-25,Plus,UK,Partner,SMB,3,205.18,20.9,184.28,98.87,85.41,203.14,2025,2025-05,Q2
ORD-005342,2025-11-22,Premium,UK,Partner,SMB,1,128.29,8.77,119.52,70.41,49.11,129.53,2025,2025-11,Q4
ORD-005343,2025-02-12,Plus,UK,Online,Enterprise,1,71.86,1.03,70.83,38.06,32.77,77.01,2025,2025-02,Q1
ORD-005344,2025-08-28,Core,UK,Online,Mid-Market,3,143.09,19.22,123.87,75.99,47.88,119.71,2025,2025-08,Q3
ORD-005345,2026-07-20,Plus,UK,Direct,SMB,1,72.35,1.07,71.28,38.49,32.79,77.57,2026,2026-07,Q3
ORD-005346,2025-06-30,Plus,India,Direct,SMB,1,80.32,5.13,75.19,43.82,31.37,84.71,2025,2025-06,Q2
ORD-005347,2026-05-21,Enterprise,India,Partner,Enterprise,3,702.36,14.98,687.38,316.75,370.63,608.72,2026,2026-05,Q2
ORD-005348,2025-04-12,Premium,US,Direct,Mid-Market,1,125.84,12.13,113.71,59.64,54.07,117.65,2025,2025-04,Q2
ORD-005349,2025-04-26,Core,India,Partner,Mid-Market,3,138.36,3.55,134.81,69.91,64.9,137.24,2025,2025-04,Q2
ORD-005350,2026-02-17,Core,US,Direct,SMB,3,135.36,1.14,134.22,57.4,76.82,142.4,2026,2026-02,Q1
ORD-005351,2025-09-15,Premium,US,Direct,Mid-Market,1,113.95,4.85,109.1,57.77,51.33,122.26,2025,2025-09,Q3
ORD-005352,2026-01-08,Premium,UK,Direct,Mid-Market,7,844.55,35.95,808.6,482.78,325.82,802.22,2026,2026-01,Q1
ORD-005353,2025-05-16,Premium,India,Partner,Enterprise,9,1037.21,30.01,1007.2,460.57,546.63,968.26,2025,2025-05,Q2
ORD-005354,2026-01-23,Core,UK,Direct,Enterprise,4,165.49,5.68,159.81,93.04,66.77,167.43,2026,2026-01,Q1
ORD-005355,2025-06-09,Plus,US,Online,Mid-Market,4,288.5,16.49,272.01,128.0,144.01,262.63,2025,2025-06,Q2
ORD-005356,2025-05-02,Core,US,Partner,Mid-Market,1,44.65,3.02,41.63,22.51,19.12,39.99,2025,2025-05,Q2
ORD-005357,2025-02-03,Core,US,Direct,SMB,5,234.91,9.7,225.21,116.38,108.83,230.64,2025,2025-02,Q1
ORD-005358,2026-05-31,Premium,Germany,Direct,Mid-Market,5,542.01,39.87,502.14,252.96,249.18,558.18,2026,2026-05,Q2
ORD-005359,2026-06-21,Core,UK,Partner,Mid-Market,4,184.88,11.37,173.51,79.16,94.35,160.44,2026,2026-06,Q2
ORD-005360,2025-03-14,Enterprise,UK,Online,Enterprise,2,450.74,7.42,443.32,249.61,193.71,450.2,2025,2025-03,Q1
ORD-005361,2025-09-04,Core,UK,Partner,Mid-Market,2,98.11,5.72,92.39,55.97,36.42,98.21,2025,2025-09,Q3
ORD-005362,2026-03-07,Enterprise,Germany,Online,Enterprise,2,526.33,91.07,435.26,210.35,224.91,453.5,2026,2026-03,Q1
ORD-005363,2025-09-23,Premium,UK,Online,SMB,6,724.98,72.33,652.65,288.82,363.83,633.34,2025,2025-09,Q3
ORD-005364,2025-08-18,Premium,US,Online,Mid-Market,1,114.29,3.81,110.48,52.45,58.03,107.55,2025,2025-08,Q3
ORD-005365,2026-02-12,Plus,UAE,Partner,SMB,3,237.13,1.98,235.15,138.98,96.17,267.56,2026,2026-02,Q1
ORD-005366,2025-01-10,Plus,UK,Direct,Enterprise,2,150.65,16.61,134.04,77.1,56.94,147.19,2025,2025-01,Q1
ORD-005367,2026-02-11,Core,US,Direct,SMB,2,87.96,2.22,85.74,42.57,43.17,87.07,2026,2026-02,Q1
ORD-005368,2026-04-05,Premium,US,Direct,SMB,3,338.56,6.95,331.61,175.74,155.87,348.68,2026,2026-04,Q2
ORD-005369,2025-05-02,Core,India,Direct,Mid-Market,3,123.47,2.23,121.24,57.39,63.85,108.25,2025,2025-05,Q2
ORD-005370,2025-03-19,Premium,India,Online,SMB,4,441.81,8.1,433.71,265.97,167.74,411.67,2025,2025-03,Q1
ORD-005371,2025-07-22,Premium,UK,Direct,SMB,4,499.46,11.83,487.63,299.67,187.96,476.18,2025,2025-07,Q3
ORD-005372,2025-11-13,Core,UK,Direct,SMB,3,139.87,12.92,126.95,82.77,44.18,128.27,2025,2025-11,Q4
ORD-005373,2025-07-01,Enterprise,India,Online,SMB,3,714.5,25.27,689.23,431.27,257.96,723.26,2025,2025-07,Q3
ORD-005374,2026-01-17,Core,India,Direct,Mid-Market,5,209.49,22.11,187.38,79.49,107.89,203.25,2026,2026-01,Q1
ORD-005375,2026-04-11,Plus,India,Partner,Enterprise,1,69.55,3.18,66.37,37.16,29.21,70.55,2026,2026-04,Q2
ORD-005376,2025-02-20,Premium,UAE,Direct,SMB,2,249.87,23.48,226.39,118.22,108.17,252.95,2025,2025-02,Q1
ORD-005377,2025-10-08,Enterprise,US,Online,SMB,2,513.38,41.74,471.64,260.55,211.09,473.83,2025,2025-10,Q4
ORD-005378,2025-12-24,Premium,India,Partner,Enterprise,2,243.66,6.26,237.4,109.96,127.44,221.77,2025,2025-12,Q4
ORD-005379,2025-11-10,Plus,UK,Online,SMB,2,142.52,4.27,138.25,79.87,58.38,130.23,2025,2025-11,Q4
ORD-005380,2025-12-12,Enterprise,UK,Direct,SMB,2,440.33,8.17,432.16,268.98,163.18,478.37,2025,2025-12,Q4
ORD-005381,2025-04-26,Enterprise,Germany,Online,SMB,3,691.73,30.56,661.17,350.76,310.41,584.82,2025,2025-04,Q2
ORD-005382,2025-02-26,Enterprise,India,Online,Mid-Market,4,891.05,22.98,868.07,577.68,290.39,796.9,2025,2025-02,Q1
ORD-005383,2025-10-12,Core,India,Online,Mid-Market,7,310.95,11.41,299.54,129.06,170.48,316.13,2025,2025-10,Q4
ORD-005384,2025-08-03,Premium,Germany,Online,Mid-Market,3,352.56,2.8,349.76,164.59,185.17,356.81,2025,2025-08,Q3
ORD-005385,2025-03-18,Premium,US,Online,Mid-Market,3,377.69,18.95,358.74,163.39,195.35,344.76,2025,2025-03,Q1
ORD-005386,2025-02-10,Core,US,Partner,Mid-Market,1,46.56,0.36,46.2,24.71,21.49,47.52,2025,2025-02,Q1
ORD-005387,2026-01-17,Enterprise,Germany,Online,Enterprise,2,449.0,29.4,419.6,223.29,196.31,442.96,2026,2026-01,Q1
ORD-005388,2025-09-02,Core,India,Partner,Mid-Market,4,195.35,6.71,188.64,104.34,84.3,209.31,2025,2025-09,Q3
ORD-005389,2026-06-07,Premium,UK,Online,SMB,5,598.34,28.44,569.9,305.88,264.02,635.8,2026,2026-06,Q2
ORD-005390,2026-06-27,Core,India,Partner,Mid-Market,8,370.51,7.76,362.75,224.35,138.4,383.36,2026,2026-06,Q2
ORD-005391,2025-08-15,Plus,India,Direct,SMB,3,213.51,8.94,204.57,96.64,107.93,181.52,2025,2025-08,Q3
ORD-005392,2025-11-29,Premium,UK,Partner,Enterprise,2,225.29,12.95,212.34,129.21,83.13,215.9,2025,2025-11,Q4
ORD-005393,2026-01-22,Premium,US,Direct,Mid-Market,6,648.49,13.81,634.68,375.48,259.2,571.71,2026,2026-01,Q1
ORD-005394,2025-01-31,Premium,India,Direct,Mid-Market,9,1110.25,21.74,1088.51,463.55,624.96,1108.48,2025,2025-01,Q1
ORD-005395,2025-10-28,Core,Germany,Direct,Mid-Market,3,140.72,0.24,140.48,84.48,56.0,132.77,2025,2025-10,Q4
ORD-005396,2025-03-06,Core,UAE,Partner,Mid-Market,4,197.45,2.55,194.9,106.78,88.12,175.4,2025,2025-03,Q1
ORD-005397,2026-03-29,Plus,UAE,Partner,SMB,5,338.82,2.21,336.61,156.53,180.08,355.62,2026,2026-03,Q1
ORD-005398,2025-12-09,Premium,US,Direct,Enterprise,3,325.64,19.25,306.39,198.76,107.63,273.33,2025,2025-12,Q4
ORD-005399,2025-08-02,Core,US,Partner,Mid-Market,3,126.84,7.07,119.77,74.56,45.21,116.0,2025,2025-08,Q3
ORD-005400,2026-03-31,Plus,UK,Online,SMB,5,393.63,5.61,388.02,177.51,210.51,388.24,2026,2026-03,Q1
ORD-005401,2026-06-28,Enterprise,UAE,Direct,SMB,4,882.44,7.52,874.92,397.25,477.67,785.98,2026,2026-06,Q2
ORD-005402,2026-04-13,Enterprise,Germany,Online,Mid-Market,2,458.46,22.77,435.69,225.82,209.87,485.98,2026,2026-04,Q2
ORD-005403,2026-05-05,Core,US,Online,SMB,11,521.61,30.43,491.18,228.86,262.32,537.39,2026,2026-05,Q2
ORD-005404,2026-03-23,Enterprise,UAE,Direct,Mid-Market,2,482.18,0.87,481.31,276.84,204.47,537.47,2026,2026-03,Q1
ORD-005405,2025-12-07,Enterprise,India,Direct,Enterprise,7,1837.53,133.52,1704.01,894.47,809.54,1515.23,2025,2025-12,Q4
ORD-005406,2025-06-08,Core,US,Direct,SMB,3,128.11,1.02,127.09,63.17,63.92,129.38,2025,2025-06,Q2
ORD-005407,2025-01-24,Plus,India,Direct,SMB,7,473.38,21.1,452.28,275.11,177.17,456.72,2025,2025-01,Q1
ORD-005408,2026-02-16,Plus,India,Online,SMB,4,277.88,26.01,251.87,130.81,121.06,266.64,2026,2026-02,Q1
ORD-005409,2025-01-13,Premium,UK,Direct,Enterprise,1,125.9,8.66,117.24,58.45,58.79,111.79,2025,2025-01,Q1
ORD-005410,2025-08-12,Plus,UK,Direct,SMB,3,208.3,13.36,194.94,122.81,72.13,219.95,2025,2025-08,Q3
ORD-005411,2025-11-10,Plus,US,Partner,Enterprise,1,75.38,4.06,71.32,41.16,30.16,71.49,2025,2025-11,Q4
ORD-005412,2025-09-02,Plus,India,Direct,Mid-Market,1,82.3,1.85,80.45,51.79,28.66,76.99,2025,2025-09,Q3
ORD-005413,2026-02-22,Premium,Germany,Direct,Mid-Market,3,384.87,5.56,379.31,243.83,135.48,355.15,2026,2026-02,Q1
ORD-005414,2025-09-11,Plus,India,Partner,SMB,2,161.53,3.9,157.63,92.99,64.64,167.96,2025,2025-09,Q3
ORD-005415,2025-04-11,Core,US,Partner,Mid-Market,1,49.23,1.54,47.69,22.38,25.31,53.96,2025,2025-04,Q2
ORD-005416,2025-05-10,Core,India,Online,SMB,1,42.86,1.82,41.04,19.69,21.35,38.95,2025,2025-05,Q2
ORD-005417,2025-07-02,Core,UAE,Direct,Mid-Market,3,144.58,0.95,143.63,78.81,64.82,153.97,2025,2025-07,Q3
ORD-005418,2025-03-28,Premium,US,Online,SMB,2,258.72,10.18,248.54,160.98,87.56,231.9,2025,2025-03,Q1
ORD-005419,2026-03-03,Plus,US,Online,Enterprise,1,70.69,5.14,65.55,34.08,31.47,66.2,2026,2026-03,Q1
ORD-005420,2025-04-19,Premium,UK,Direct,Enterprise,2,247.26,10.6,236.66,112.68,123.98,266.23,2025,2025-04,Q2
ORD-005421,2025-11-05,Premium,Germany,Online,SMB,4,468.36,1.61,466.75,199.73,267.02,511.19,2025,2025-11,Q4
ORD-005422,2026-03-22,Enterprise,Germany,Direct,Enterprise,4,909.85,19.51,890.34,534.02,356.32,890.9,2026,2026-03,Q1
ORD-005423,2025-08-09,Core,US,Direct,Enterprise,1,42.74,1.45,41.29,23.99,17.3,37.91,2025,2025-08,Q3
ORD-005424,2025-04-14,Core,India,Direct,Enterprise,1,44.6,2.33,42.27,22.88,19.39,46.02,2025,2025-04,Q2
ORD-005425,2026-04-06,Premium,UK,Online,Mid-Market,2,233.03,0.75,232.28,105.77,126.51,264.12,2026,2026-04,Q2
ORD-005426,2025-03-08,Core,India,Direct,SMB,1,41.16,0.22,40.94,24.93,16.01,36.89,2025,2025-03,Q1
ORD-005427,2025-01-22,Plus,UK,Partner,Mid-Market,2,158.65,8.82,149.83,91.3,58.53,143.22,2025,2025-01,Q1
ORD-005428,2026-05-03,Plus,UAE,Direct,Enterprise,1,67.86,5.39,62.47,40.87,21.6,69.47,2026,2026-05,Q2
ORD-005429,2026-01-02,Premium,UAE,Partner,Mid-Market,7,823.16,55.22,767.94,374.54,393.4,737.2,2026,2026-01,Q1
ORD-005430,2025-06-10,Enterprise,India,Direct,SMB,3,663.44,39.57,623.87,320.91,302.96,595.17,2025,2025-06,Q2
ORD-005431,2026-06-17,Premium,India,Online,Mid-Market,2,255.62,8.33,247.29,130.65,116.64,239.59,2026,2026-06,Q2
ORD-005432,2026-07-03,Premium,UAE,Partner,SMB,1,111.97,7.07,104.9,61.56,43.34,117.06,2026,2026-07,Q3
ORD-005433,2025-07-15,Core,US,Partner,Enterprise,2,81.24,5.72,75.52,40.37,35.15,84.21,2025,2025-07,Q3
ORD-005434,2026-03-02,Premium,UK,Direct,SMB,1,132.0,5.87,126.13,72.73,53.4,143.39,2026,2026-03,Q1
ORD-005435,2026-02-27,Plus,India,Online,SMB,4,288.26,10.83,277.43,144.2,133.23,246.27,2026,2026-02,Q1
ORD-005436,2025-12-11,Plus,Germany,Online,SMB,2,161.04,4.37,156.67,80.46,76.21,158.59,2025,2025-12,Q4
ORD-005437,2025-11-06,Plus,US,Direct,SMB,1,80.51,2.02,78.49,45.33,33.16,69.19,2025,2025-11,Q4
ORD-005438,2026-07-20,Enterprise,India,Online,SMB,1,248.19,15.14,233.05,102.97,130.08,210.95,2026,2026-07,Q3
ORD-005439,2025-12-16,Core,UK,Online,SMB,3,146.25,1.17,145.08,71.88,73.2,141.41,2025,2025-12,Q4
ORD-005440,2025-07-18,Plus,UK,Partner,Enterprise,14,1009.07,97.55,911.52,388.74,522.78,1005.57,2025,2025-07,Q3
ORD-005441,2025-06-30,Enterprise,Germany,Direct,Enterprise,5,1205.76,77.95,1127.81,715.52,412.29,1080.36,2025,2025-06,Q2
ORD-005442,2026-07-29,Core,UK,Online,SMB,2,93.92,4.89,89.03,45.43,43.6,96.94,2026,2026-07,Q3
ORD-005443,2026-02-16,Enterprise,India,Partner,Mid-Market,6,1577.62,33.91,1543.71,933.37,610.34,1361.19,2026,2026-02,Q1
ORD-005444,2025-09-05,Plus,UK,Direct,Mid-Market,4,298.24,11.86,286.38,181.15,105.23,281.48,2025,2025-09,Q3
ORD-005445,2025-09-11,Enterprise,UK,Partner,Mid-Market,2,438.71,3.74,434.97,252.73,182.24,481.19,2025,2025-09,Q3
ORD-005446,2025-07-22,Core,Germany,Online,Mid-Market,4,191.85,1.85,190.0,90.42,99.58,187.4,2025,2025-07,Q3
ORD-005447,2025-08-05,Enterprise,UK,Direct,Enterprise,4,869.72,0.05,869.67,475.46,394.21,790.66,2025,2025-08,Q3
ORD-005448,2025-03-14,Core,UK,Online,Mid-Market,5,230.02,6.96,223.06,145.02,78.04,224.04,2025,2025-03,Q1
ORD-005449,2026-04-24,Core,UK,Direct,SMB,2,95.82,4.77,91.05,44.82,46.23,97.93,2026,2026-04,Q2
ORD-005450,2025-08-30,Core,US,Direct,SMB,2,96.9,2.95,93.95,55.26,38.69,86.25,2025,2025-08,Q3
ORD-005451,2025-02-28,Enterprise,Germany,Online,SMB,3,711.34,32.57,678.77,416.23,262.54,656.61,2025,2025-02,Q1
ORD-005452,2025-09-04,Premium,UK,Partner,SMB,6,768.86,35.41,733.45,424.16,309.29,713.59,2025,2025-09,Q3
ORD-005453,2025-03-10,Plus,India,Partner,SMB,4,286.94,28.29,258.65,137.8,120.85,291.25,2025,2025-03,Q1
ORD-005454,2025-01-05,Premium,UAE,Direct,Enterprise,1,128.27,0.27,128.0,82.5,45.5,120.76,2025,2025-01,Q1
ORD-005455,2025-07-04,Plus,Germany,Direct,Enterprise,1,71.23,2.51,68.72,43.47,25.25,73.69,2025,2025-07,Q3
ORD-005456,2026-04-24,Plus,UAE,Direct,Mid-Market,4,312.21,19.05,293.16,131.41,161.75,273.6,2026,2026-04,Q2
ORD-005457,2025-09-04,Core,UK,Direct,Enterprise,1,49.35,2.03,47.32,30.07,17.25,45.52,2025,2025-09,Q3
ORD-005458,2025-07-25,Core,Germany,Direct,SMB,3,132.6,2.23,130.37,81.68,48.69,126.67,2025,2025-07,Q3
ORD-005459,2025-06-21,Enterprise,UK,Online,Enterprise,4,917.39,66.7,850.69,527.15,323.54,847.58,2025,2025-06,Q2
ORD-005460,2025-06-01,Plus,US,Direct,Mid-Market,4,287.7,18.2,269.5,141.34,128.16,292.82,2025,2025-06,Q2
ORD-005461,2026-02-16,Core,India,Direct,Enterprise,2,82.36,7.95,74.41,44.38,30.03,81.87,2026,2026-02,Q1
ORD-005462,2026-04-14,Premium,UAE,Direct,Enterprise,1,124.06,3.73,120.33,64.43,55.9,125.79,2026,2026-04,Q2
ORD-005463,2025-01-10,Enterprise,UAE,Direct,Enterprise,1,217.33,21.45,195.88,125.9,69.98,187.14,2025,2025-01,Q1
ORD-005464,2025-02-03,Core,UK,Online,SMB,2,86.72,8.23,78.49,50.57,27.92,77.46,2025,2025-02,Q1
ORD-005465,2026-07-17,Core,India,Online,SMB,1,49.05,1.77,47.28,21.53,25.75,42.65,2026,2026-07,Q3
ORD-005466,2026-07-30,Premium,India,Partner,Mid-Market,1,114.89,16.59,98.3,47.41,50.89,109.0,2026,2026-07,Q3
ORD-005467,2025-10-23,Plus,Germany,Direct,Enterprise,6,441.3,41.96,399.34,224.13,175.21,400.21,2025,2025-10,Q4
ORD-005468,2025-11-06,Core,UK,Direct,SMB,6,272.79,32.35,240.44,106.35,134.09,221.45,2025,2025-11,Q4
ORD-005469,2025-03-30,Enterprise,UK,Online,Mid-Market,5,1218.5,18.03,1200.47,764.37,436.1,1095.86,2025,2025-03,Q1
ORD-005470,2025-07-25,Core,US,Partner,Mid-Market,2,83.69,0.06,83.63,39.76,43.87,94.08,2025,2025-07,Q3
ORD-005471,2025-12-29,Plus,UK,Direct,SMB,1,78.95,2.24,76.71,47.36,29.35,79.06,2025,2025-12,Q4
ORD-005472,2026-05-02,Plus,Germany,Direct,SMB,4,291.18,11.3,279.88,129.78,150.1,306.9,2026,2026-05,Q2
ORD-005473,2026-07-16,Core,US,Direct,Mid-Market,1,46.32,2.96,43.36,19.3,24.06,44.13,2026,2026-07,Q3
ORD-005474,2025-06-23,Core,UK,Online,SMB,2,81.08,0.28,80.8,46.2,34.6,82.95,2025,2025-06,Q2
ORD-005475,2025-03-18,Enterprise,US,Online,Mid-Market,1,241.12,9.66,231.46,126.3,105.16,204.93,2025,2025-03,Q1
ORD-005476,2025-06-28,Plus,US,Direct,Enterprise,2,150.31,6.23,144.08,78.1,65.98,136.05,2025,2025-06,Q2
ORD-005477,2026-04-05,Enterprise,UK,Online,Enterprise,4,883.14,26.14,857.0,412.81,444.19,791.23,2026,2026-04,Q2
ORD-005478,2025-10-07,Plus,US,Direct,SMB,9,667.55,7.55,660.0,296.63,363.37,616.63,2025,2025-10,Q4
ORD-005479,2025-03-12,Core,India,Direct,SMB,1,45.65,0.22,45.43,28.19,17.24,48.4,2025,2025-03,Q1
ORD-005480,2025-11-04,Plus,UK,Online,SMB,2,155.58,7.41,148.17,71.9,76.27,149.43,2025,2025-11,Q4
ORD-005481,2025-11-27,Premium,Germany,Online,Mid-Market,5,601.65,21.47,580.18,344.06,236.12,518.95,2025,2025-11,Q4
ORD-005482,2025-12-01,Plus,UK,Online,Enterprise,1,72.08,1.87,70.21,43.15,27.06,67.03,2025,2025-12,Q4
ORD-005483,2025-06-15,Plus,Germany,Direct,SMB,2,142.73,4.19,138.54,64.68,73.86,134.38,2025,2025-06,Q2
ORD-005484,2025-06-05,Premium,US,Online,Mid-Market,2,252.87,1.02,251.85,163.03,88.82,256.7,2025,2025-06,Q2
ORD-005485,2025-01-09,Plus,Germany,Online,Enterprise,3,233.8,8.12,225.68,97.05,128.63,206.58,2025,2025-01,Q1
ORD-005486,2025-10-20,Core,US,Online,Mid-Market,1,46.71,5.68,41.03,20.76,20.27,41.86,2025,2025-10,Q4
ORD-005487,2025-12-26,Core,US,Online,Enterprise,1,44.9,1.44,43.46,22.49,20.97,46.37,2025,2025-12,Q4
ORD-005488,2026-01-02,Plus,US,Partner,SMB,3,213.8,16.94,196.86,118.87,77.99,176.78,2026,2026-01,Q1
ORD-005489,2026-05-11,Plus,US,Online,Mid-Market,1,77.64,0.96,76.68,41.23,35.45,84.16,2026,2026-05,Q2
ORD-005490,2026-03-23,Core,US,Online,Mid-Market,5,213.59,25.95,187.64,104.37,83.27,206.44,2026,2026-03,Q1
ORD-005491,2025-10-26,Plus,UK,Direct,SMB,1,81.31,2.65,78.66,52.59,26.07,89.1,2025,2025-10,Q4
ORD-005492,2026-04-01,Core,US,Direct,Mid-Market,2,87.04,6.97,80.07,43.48,36.59,82.68,2026,2026-04,Q2
ORD-005493,2026-06-26,Enterprise,Germany,Direct,Mid-Market,1,250.51,21.28,229.23,153.53,75.7,221.58,2026,2026-06,Q2
ORD-005494,2025-08-26,Core,US,Online,Mid-Market,2,84.95,2.04,82.91,38.97,43.94,91.85,2025,2025-08,Q3
ORD-005495,2025-07-11,Core,UAE,Partner,Mid-Market,8,381.58,23.64,357.94,199.86,158.08,316.48,2025,2025-07,Q3
ORD-005496,2026-04-14,Plus,UK,Online,Enterprise,4,294.11,9.41,284.7,182.28,102.42,294.21,2026,2026-04,Q2
ORD-005497,2025-01-03,Core,Germany,Online,SMB,1,41.39,1.42,39.97,18.74,21.23,40.97,2025,2025-01,Q1
ORD-005498,2025-12-21,Plus,Germany,Online,SMB,10,792.58,55.49,737.09,466.23,270.86,718.83,2025,2025-12,Q4
ORD-005499,2025-06-19,Core,Germany,Direct,Enterprise,1,47.06,0.75,46.31,21.88,24.43,52.11,2025,2025-06,Q2
ORD-005500,2026-05-01,Plus,US,Partner,SMB,3,217.72,5.89,211.83,90.25,121.58,192.93,2026,2026-05,Q2
ORD-005501,2025-07-13,Core,UK,Direct,SMB,1,42.05,0.64,41.41,24.67,16.74,40.95,2025,2025-07,Q3
ORD-005502,2025-12-12,Premium,US,Direct,SMB,7,872.53,14.88,857.65,454.67,402.98,890.43,2025,2025-12,Q4
ORD-005503,2025-04-30,Plus,India,Online,SMB,4,302.22,38.6,263.62,141.89,121.73,295.96,2025,2025-04,Q2
ORD-005504,2025-02-09,Enterprise,Germany,Online,Enterprise,2,473.73,8.55,465.18,304.64,160.54,497.61,2025,2025-02,Q1
ORD-005505,2026-01-27,Core,UAE,Direct,SMB,2,91.12,1.48,89.64,44.56,45.08,99.57,2026,2026-01,Q1
ORD-005506,2025-11-06,Enterprise,US,Direct,Mid-Market,4,991.35,14.27,977.08,474.48,502.6,1065.98,2025,2025-11,Q4
ORD-005507,2025-08-26,Core,Germany,Direct,SMB,1,48.03,1.33,46.7,29.87,16.83,42.59,2025,2025-08,Q3
ORD-005508,2025-12-03,Plus,UK,Online,Enterprise,7,545.52,12.21,533.31,299.58,233.73,506.84,2025,2025-12,Q4
ORD-005509,2025-04-28,Plus,India,Online,Enterprise,6,408.7,8.51,400.19,171.13,229.06,375.63,2025,2025-04,Q2
ORD-005510,2025-03-13,Core,India,Direct,SMB,3,125.61,2.81,122.8,60.2,62.6,117.27,2025,2025-03,Q1
ORD-005511,2026-02-21,Premium,US,Direct,Mid-Market,4,492.55,12.3,480.25,230.99,249.26,459.86,2026,2026-02,Q1
ORD-005512,2025-03-21,Plus,India,Direct,SMB,1,68.67,2.24,66.43,29.96,36.47,67.56,2025,2025-03,Q1
ORD-005513,2026-07-05,Plus,India,Partner,SMB,1,76.49,0.62,75.87,46.05,29.82,79.69,2026,2026-07,Q3
ORD-005514,2025-09-27,Premium,India,Partner,Mid-Market,1,128.83,2.27,126.56,70.17,56.39,119.77,2025,2025-09,Q3
ORD-005515,2025-09-04,Enterprise,UK,Partner,Mid-Market,4,889.46,92.66,796.8,499.57,297.23,882.46,2025,2025-09,Q3
ORD-005516,2026-07-25,Premium,India,Direct,SMB,11,1434.09,65.0,1369.09,719.93,649.16,1416.81,2026,2026-07,Q3
ORD-005517,2025-03-08,Plus,UK,Online,SMB,2,153.35,11.3,142.05,76.61,65.44,139.8,2025,2025-03,Q1
ORD-005518,2025-06-14,Plus,UK,Online,Mid-Market,2,146.41,12.42,133.99,65.77,68.22,152.29,2025,2025-06,Q2
ORD-005519,2026-05-19,Enterprise,UK,Direct,SMB,1,222.53,8.38,214.15,130.74,83.41,196.23,2026,2026-05,Q2
ORD-005520,2025-02-03,Plus,India,Direct,Mid-Market,3,207.73,9.34,198.39,86.6,111.79,218.42,2025,2025-02,Q1
ORD-005521,2025-08-12,Premium,UK,Online,Enterprise,4,453.05,4.56,448.49,208.57,239.92,395.18,2025,2025-08,Q3
ORD-005522,2025-10-18,Core,India,Direct,SMB,8,328.68,30.68,298.0,133.51,164.49,284.87,2025,2025-10,Q4
ORD-005523,2025-02-20,Plus,UK,Direct,Enterprise,4,285.7,10.43,275.27,142.89,132.38,302.98,2025,2025-02,Q1
ORD-005524,2025-10-05,Enterprise,India,Online,Enterprise,1,223.36,21.32,202.04,86.49,115.55,183.43,2025,2025-10,Q4
ORD-005525,2025-07-12,Premium,India,Partner,Mid-Market,4,464.14,7.83,456.31,236.72,219.59,449.58,2025,2025-07,Q3
ORD-005526,2025-05-21,Plus,US,Direct,Enterprise,1,73.11,2.68,70.43,45.99,24.44,70.03,2025,2025-05,Q2
ORD-005527,2026-06-29,Plus,US,Online,Mid-Market,3,234.35,16.69,217.66,102.27,115.39,207.59,2026,2026-06,Q2
ORD-005528,2025-08-09,Premium,India,Direct,Mid-Market,2,261.91,15.22,246.69,120.12,126.57,245.69,2025,2025-08,Q3
ORD-005529,2026-01-29,Premium,Germany,Direct,SMB,3,363.57,24.8,338.77,152.79,185.98,354.69,2026,2026-01,Q1
ORD-005530,2025-09-09,Plus,India,Online,Enterprise,3,231.71,13.0,218.71,120.04,98.67,201.4,2025,2025-09,Q3
ORD-005531,2025-08-01,Plus,Germany,Partner,Enterprise,2,157.97,1.41,156.56,91.38,65.18,139.41,2025,2025-08,Q3
ORD-005532,2026-02-25,Enterprise,UK,Direct,Mid-Market,3,771.03,45.09,725.94,357.09,368.85,770.09,2026,2026-02,Q1
ORD-005533,2025-12-08,Core,UK,Direct,Mid-Market,3,124.49,9.32,115.17,64.49,50.68,126.14,2025,2025-12,Q4
ORD-005534,2026-02-12,Core,Germany,Partner,Mid-Market,4,181.91,9.82,172.09,108.37,63.72,157.05,2026,2026-02,Q1
ORD-005535,2025-10-03,Plus,US,Partner,Mid-Market,2,155.19,6.72,148.47,83.55,64.92,134.48,2025,2025-10,Q4
ORD-005536,2025-01-16,Premium,India,Direct,SMB,2,224.17,5.21,218.96,101.59,117.37,198.55,2025,2025-01,Q1
ORD-005537,2025-01-05,Premium,UAE,Direct,Enterprise,1,109.33,11.6,97.73,51.76,45.97,87.47,2025,2025-01,Q1
ORD-005538,2025-02-08,Plus,India,Partner,Mid-Market,3,221.47,4.44,217.03,119.88,97.15,237.42,2025,2025-02,Q1
ORD-005539,2026-05-17,Premium,India,Direct,Mid-Market,1,129.2,0.12,129.08,74.13,54.95,125.74,2026,2026-05,Q2
ORD-005540,2026-03-11,Core,Germany,Direct,Mid-Market,1,49.35,3.21,46.14,23.88,22.26,42.01,2026,2026-03,Q1
ORD-005541,2025-12-10,Premium,UK,Direct,Mid-Market,3,326.76,4.28,322.48,175.04,147.44,341.24,2025,2025-12,Q4
ORD-005542,2026-04-27,Plus,UAE,Direct,SMB,4,283.27,36.5,246.77,104.4,142.37,252.08,2026,2026-04,Q2
ORD-005543,2025-05-22,Enterprise,UAE,Online,Enterprise,2,499.6,4.4,495.2,271.31,223.89,480.48,2025,2025-05,Q2
ORD-005544,2026-05-30,Core,UK,Online,SMB,1,40.76,0.5,40.26,18.46,21.8,37.02,2026,2026-05,Q2
ORD-005545,2025-09-28,Plus,India,Direct,SMB,3,245.64,10.87,234.77,143.11,91.66,252.87,2025,2025-09,Q3
ORD-005546,2025-04-30,Premium,UK,Direct,Enterprise,2,229.84,0.13,229.71,125.35,104.36,251.9,2025,2025-04,Q2
ORD-005547,2026-05-27,Plus,US,Online,Mid-Market,2,137.55,20.03,117.52,57.75,59.77,120.32,2026,2026-05,Q2
ORD-005548,2025-09-22,Plus,Germany,Online,Mid-Market,2,150.08,14.88,135.2,70.41,64.79,129.97,2025,2025-09,Q3
ORD-005549,2026-01-16,Core,UAE,Direct,Mid-Market,1,41.99,0.85,41.14,27.05,14.09,40.82,2026,2026-01,Q1
ORD-005550,2025-03-19,Premium,UAE,Online,SMB,1,113.67,3.61,110.06,46.35,63.71,102.0,2025,2025-03,Q1
ORD-005551,2026-03-27,Plus,UK,Direct,SMB,1,81.13,7.14,73.99,44.16,29.83,80.68,2026,2026-03,Q1
ORD-005552,2025-01-19,Core,UK,Direct,Mid-Market,2,98.57,12.77,85.8,40.45,45.35,88.7,2025,2025-01,Q1
ORD-005553,2025-10-20,Plus,UK,Online,SMB,2,143.64,2.57,141.07,87.83,53.24,143.94,2025,2025-10,Q4
ORD-005554,2026-05-10,Enterprise,UK,Direct,SMB,8,1890.58,226.49,1664.09,789.04,875.05,1722.11,2026,2026-05,Q2
ORD-005555,2025-03-21,Premium,UAE,Direct,SMB,8,1014.73,31.36,983.37,618.5,364.87,1056.28,2025,2025-03,Q1
ORD-005556,2025-10-17,Plus,India,Online,Enterprise,1,68.03,3.93,64.1,30.1,34.0,68.22,2025,2025-10,Q4
ORD-005557,2025-08-26,Core,UK,Partner,SMB,1,46.96,2.03,44.93,22.43,22.5,42.84,2025,2025-08,Q3
ORD-005558,2026-05-12,Plus,UK,Direct,SMB,2,144.72,13.11,131.61,56.45,75.16,143.13,2026,2026-05,Q2
ORD-005559,2025-02-06,Enterprise,US,Direct,Enterprise,2,509.42,26.14,483.28,217.36,265.92,549.93,2025,2025-02,Q1
ORD-005560,2026-03-26,Core,UK,Partner,Enterprise,1,48.53,5.86,42.67,23.51,19.16,46.46,2026,2026-03,Q1
ORD-005561,2025-06-06,Core,UAE,Direct,SMB,3,127.86,11.53,116.33,72.96,43.37,115.14,2025,2025-06,Q2
ORD-005562,2025-08-31,Core,US,Partner,SMB,5,234.72,1.5,233.22,106.51,126.71,214.64,2025,2025-08,Q3
ORD-005563,2026-06-16,Premium,Germany,Direct,Mid-Market,2,235.94,17.9,218.04,117.19,100.85,236.47,2026,2026-06,Q2
ORD-005564,2025-04-30,Premium,UK,Direct,SMB,8,1046.0,52.28,993.72,600.77,392.95,1111.85,2025,2025-04,Q2
ORD-005565,2025-11-11,Enterprise,Germany,Online,Mid-Market,4,886.49,24.52,861.97,562.31,299.66,938.66,2025,2025-11,Q4
ORD-005566,2025-05-26,Premium,UK,Online,Mid-Market,2,238.09,11.91,226.18,95.11,131.07,239.98,2025,2025-05,Q2
ORD-005567,2026-05-20,Plus,US,Direct,SMB,1,80.82,2.11,78.71,40.5,38.21,89.58,2026,2026-05,Q2
ORD-005568,2026-07-26,Enterprise,UK,Online,SMB,1,244.9,16.98,227.92,108.57,119.35,204.36,2026,2026-07,Q3
ORD-005569,2025-10-10,Plus,Germany,Direct,Enterprise,3,207.25,36.09,171.16,99.98,71.18,190.51,2025,2025-10,Q4
ORD-005570,2026-05-31,Plus,Germany,Direct,Mid-Market,4,287.12,1.0,286.12,190.67,95.45,296.49,2026,2026-05,Q2
ORD-005571,2025-03-22,Plus,India,Direct,SMB,8,622.85,3.95,618.9,318.13,300.77,645.67,2025,2025-03,Q1
ORD-005572,2025-06-28,Plus,US,Direct,Mid-Market,2,161.0,19.01,141.99,84.32,57.67,153.68,2025,2025-06,Q2
ORD-005573,2025-04-20,Plus,US,Direct,SMB,2,161.69,1.43,160.26,69.07,91.19,147.29,2025,2025-04,Q2
ORD-005574,2025-07-14,Plus,UK,Direct,SMB,6,416.27,31.93,384.34,208.97,175.37,407.53,2025,2025-07,Q3
ORD-005575,2026-01-17,Enterprise,India,Direct,SMB,1,256.73,1.6,255.13,139.27,115.86,273.66,2026,2026-01,Q1
ORD-005576,2026-03-26,Premium,India,Direct,SMB,4,509.0,14.32,494.68,289.88,204.8,556.28,2026,2026-03,Q1
ORD-005577,2025-02-03,Premium,Germany,Online,SMB,4,433.43,11.13,422.3,277.07,145.23,445.08,2025,2025-02,Q1
ORD-005578,2026-01-31,Enterprise,US,Online,SMB,2,514.95,14.22,500.73,318.05,182.68,483.68,2026,2026-01,Q1
ORD-005579,2026-06-28,Premium,US,Direct,Enterprise,4,491.95,3.12,488.83,249.43,239.4,514.18,2026,2026-06,Q2
ORD-005580,2025-05-31,Core,Germany,Partner,Enterprise,1,41.18,0.43,40.75,18.08,22.67,38.93,2025,2025-05,Q2
ORD-005581,2025-10-09,Core,India,Partner,Mid-Market,3,131.84,6.66,125.18,73.83,51.35,134.07,2025,2025-10,Q4
ORD-005582,2025-12-01,Premium,UK,Partner,Enterprise,2,237.09,11.46,225.63,142.1,83.53,201.73,2025,2025-12,Q4
ORD-005583,2026-07-08,Core,UK,Direct,Mid-Market,9,432.75,4.64,428.11,233.2,194.91,418.67,2026,2026-07,Q3
ORD-005584,2026-07-08,Core,UK,Direct,Mid-Market,2,81.04,2.99,78.05,37.77,40.28,88.89,2026,2026-07,Q3
ORD-005585,2026-05-29,Plus,India,Direct,SMB,1,79.25,6.92,72.33,38.94,33.39,82.15,2026,2026-05,Q2
ORD-005586,2025-12-13,Enterprise,UK,Direct,Enterprise,5,1091.67,10.03,1081.64,627.59,454.05,1036.16,2025,2025-12,Q4
ORD-005587,2025-05-15,Plus,UK,Direct,Enterprise,5,382.11,39.84,342.27,221.14,121.13,317.02,2025,2025-05,Q2
ORD-005588,2026-02-07,Premium,India,Online,SMB,3,335.6,8.79,326.81,174.74,152.07,302.47,2026,2026-02,Q1
ORD-005589,2025-07-14,Plus,US,Direct,SMB,3,213.34,0.15,213.19,102.26,110.93,195.18,2025,2025-07,Q3
ORD-005590,2025-02-24,Core,India,Direct,Mid-Market,3,133.98,0.67,133.31,62.37,70.94,148.27,2025,2025-02,Q1
ORD-005591,2026-03-10,Premium,UAE,Online,SMB,4,456.3,1.64,454.66,196.31,258.35,453.55,2026,2026-03,Q1
ORD-005592,2025-08-26,Plus,UAE,Online,Mid-Market,1,69.92,1.65,68.27,33.19,35.08,66.36,2025,2025-08,Q3
ORD-005593,2026-03-07,Premium,Germany,Direct,Mid-Market,1,122.67,16.23,106.44,60.82,45.62,118.82,2026,2026-03,Q1
ORD-005594,2025-08-30,Enterprise,India,Partner,SMB,1,236.72,5.55,231.17,141.24,89.93,205.77,2025,2025-08,Q3
ORD-005595,2025-07-25,Enterprise,India,Online,SMB,1,263.66,2.27,261.39,154.49,106.9,232.67,2025,2025-07,Q3
ORD-005596,2025-05-27,Enterprise,India,Online,SMB,7,1796.16,124.83,1671.33,916.62,754.71,1838.06,2025,2025-05,Q2
ORD-005597,2026-03-14,Plus,US,Online,SMB,1,78.09,3.74,74.35,37.44,36.91,70.36,2026,2026-03,Q1
ORD-005598,2026-01-03,Plus,UAE,Online,Mid-Market,1,70.58,1.96,68.62,31.2,37.42,71.11,2026,2026-01,Q1
ORD-005599,2026-04-18,Plus,India,Partner,Enterprise,2,135.4,4.97,130.43,75.05,55.38,132.37,2026,2026-04,Q2
ORD-005600,2026-07-02,Core,UAE,Partner,Enterprise,1,43.38,1.07,42.31,23.04,19.27,38.56,2026,2026-07,Q3
ORD-005601,2025-12-25,Core,US,Direct,SMB,3,124.69,2.28,122.41,59.72,62.69,110.14,2025,2025-12,Q4
ORD-005602,2025-11-12,Enterprise,India,Online,SMB,3,758.53,141.97,616.56,385.65,230.91,607.37,2025,2025-11,Q4
ORD-005603,2025-10-20,Plus,US,Direct,Enterprise,3,217.77,11.33,206.44,116.17,90.27,216.24,2025,2025-10,Q4
ORD-005604,2025-03-17,Core,UK,Partner,Mid-Market,1,42.26,0.38,41.88,21.96,19.92,46.15,2025,2025-03,Q1
ORD-005605,2025-09-06,Core,India,Partner,SMB,9,385.79,14.31,371.48,238.31,133.17,405.77,2025,2025-09,Q3
ORD-005606,2026-03-02,Core,India,Direct,Mid-Market,2,95.13,6.63,88.5,48.58,39.92,86.43,2026,2026-03,Q1
ORD-005607,2026-05-09,Plus,India,Partner,SMB,5,370.34,14.36,355.98,234.85,121.13,354.13,2026,2026-05,Q2
ORD-005608,2026-03-12,Enterprise,UK,Online,SMB,2,527.44,0.35,527.09,235.71,291.38,546.31,2026,2026-03,Q1
ORD-005609,2026-03-11,Core,India,Direct,SMB,3,125.17,5.08,120.09,69.91,50.18,108.25,2026,2026-03,Q1
ORD-005610,2025-04-10,Core,India,Direct,SMB,1,42.44,5.22,37.22,23.68,13.54,39.5,2025,2025-04,Q2
ORD-005611,2025-07-31,Plus,India,Partner,SMB,3,221.12,21.68,199.44,88.29,111.15,213.42,2025,2025-07,Q3
ORD-005612,2026-07-15,Core,India,Online,Enterprise,1,46.72,2.61,44.11,20.33,23.78,48.17,2026,2026-07,Q3
ORD-005613,2025-04-18,Premium,Germany,Online,SMB,2,251.07,21.33,229.74,96.71,133.03,210.57,2025,2025-04,Q2
ORD-005614,2025-07-13,Enterprise,US,Online,Mid-Market,1,222.79,3.37,219.42,101.88,117.54,249.79,2025,2025-07,Q3
ORD-005615,2025-07-18,Premium,US,Partner,Mid-Market,2,263.39,2.39,261.0,162.95,98.05,290.99,2025,2025-07,Q3
ORD-005616,2026-03-01,Plus,US,Partner,Mid-Market,2,150.83,1.83,149.0,90.42,58.58,153.52,2026,2026-03,Q1
ORD-005617,2026-01-13,Enterprise,US,Partner,SMB,6,1346.45,100.72,1245.73,694.33,551.4,1302.18,2026,2026-01,Q1
ORD-005618,2026-04-28,Core,UK,Direct,SMB,2,88.45,2.9,85.55,51.38,34.17,78.28,2026,2026-04,Q2
ORD-005619,2026-01-15,Core,Germany,Direct,SMB,2,81.48,10.92,70.56,45.46,25.1,74.14,2026,2026-01,Q1
ORD-005620,2025-12-20,Enterprise,UK,Partner,Enterprise,3,676.21,66.65,609.56,326.07,283.49,677.1,2025,2025-12,Q4
ORD-005621,2025-01-26,Premium,India,Online,SMB,3,364.39,21.42,342.97,188.36,154.61,390.92,2025,2025-01,Q1
ORD-005622,2026-06-22,Core,India,Direct,Enterprise,2,84.29,0.53,83.76,44.48,39.28,82.44,2026,2026-06,Q2
ORD-005623,2026-02-03,Plus,US,Online,SMB,4,320.07,7.67,312.4,192.76,119.64,311.93,2026,2026-02,Q1
ORD-005624,2025-11-14,Plus,Germany,Direct,SMB,5,399.6,10.31,389.29,201.16,188.13,387.25,2025,2025-11,Q4
ORD-005625,2025-03-01,Plus,Germany,Online,Mid-Market,2,143.73,9.02,134.71,68.25,66.46,138.02,2025,2025-03,Q1
ORD-005626,2025-12-18,Premium,UK,Partner,SMB,3,327.94,51.2,276.74,185.24,91.5,301.23,2025,2025-12,Q4
ORD-005627,2026-03-23,Premium,UK,Direct,SMB,4,449.79,10.46,439.33,241.2,198.13,448.76,2026,2026-03,Q1
ORD-005628,2025-09-27,Core,UK,Online,SMB,2,84.65,3.18,81.47,40.5,40.97,73.47,2025,2025-09,Q3
ORD-005629,2025-05-25,Core,Germany,Direct,SMB,1,42.73,3.59,39.14,21.8,17.34,38.11,2025,2025-05,Q2
ORD-005630,2026-02-07,Core,UK,Online,Enterprise,2,92.38,7.02,85.36,43.6,41.76,82.44,2026,2026-02,Q1
ORD-005631,2025-01-25,Premium,Germany,Online,SMB,2,219.57,2.8,216.77,136.88,79.89,213.61,2025,2025-01,Q1
ORD-005632,2025-07-24,Plus,US,Partner,Mid-Market,4,284.02,12.05,271.97,163.26,108.71,282.98,2025,2025-07,Q3
ORD-005633,2026-06-18,Enterprise,US,Direct,Enterprise,2,494.65,46.37,448.28,201.22,247.06,411.02,2026,2026-06,Q2
ORD-005634,2025-09-30,Premium,US,Online,Enterprise,1,127.43,8.08,119.35,77.15,42.2,134.89,2025,2025-09,Q3
ORD-005635,2025-07-21,Enterprise,India,Direct,SMB,4,1033.66,44.31,989.35,638.97,350.38,1006.62,2025,2025-07,Q3
ORD-005636,2025-01-24,Enterprise,Germany,Direct,SMB,3,729.28,52.62,676.66,424.38,252.28,648.77,2025,2025-01,Q1
ORD-005637,2025-02-04,Plus,India,Partner,SMB,3,206.24,5.7,200.54,113.18,87.36,191.36,2025,2025-02,Q1
ORD-005638,2026-04-21,Premium,US,Online,Mid-Market,3,364.49,16.11,348.38,226.5,121.88,317.67,2026,2026-04,Q2
ORD-005639,2026-07-07,Enterprise,Germany,Partner,Mid-Market,4,914.62,8.96,905.66,603.0,302.66,817.92,2026,2026-07,Q3
ORD-005640,2025-01-25,Enterprise,UK,Online,SMB,1,235.54,5.13,230.41,122.22,108.19,220.42,2025,2025-01,Q1
ORD-005641,2026-05-13,Premium,Germany,Online,Enterprise,2,239.14,5.01,234.13,111.78,122.35,240.04,2026,2026-05,Q2
ORD-005642,2025-08-29,Enterprise,UK,Partner,Enterprise,2,460.63,4.3,456.33,284.2,172.13,519.87,2025,2025-08,Q3
ORD-005643,2025-12-01,Premium,UK,Partner,SMB,3,375.76,15.19,360.57,206.76,153.81,329.89,2025,2025-12,Q4
ORD-005644,2025-02-08,Premium,US,Online,Mid-Market,1,125.66,1.42,124.24,57.62,66.62,134.16,2025,2025-02,Q1
ORD-005645,2026-03-08,Core,India,Partner,Enterprise,5,203.62,22.51,181.11,102.19,78.92,179.25,2026,2026-03,Q1
ORD-005646,2026-05-13,Core,UAE,Online,SMB,2,82.93,7.89,75.04,39.35,35.69,70.67,2026,2026-05,Q2
ORD-005647,2025-09-22,Premium,UK,Direct,Mid-Market,4,485.61,13.3,472.31,280.34,191.97,503.52,2025,2025-09,Q3
ORD-005648,2026-02-25,Premium,India,Partner,SMB,2,241.1,16.93,224.17,135.52,88.65,228.34,2026,2026-02,Q1
ORD-005649,2026-02-22,Core,UAE,Direct,SMB,1,48.34,2.53,45.81,28.23,17.58,47.39,2026,2026-02,Q1
ORD-005650,2025-06-10,Core,UK,Partner,SMB,3,140.32,3.08,137.24,64.94,72.3,125.43,2025,2025-06,Q2
ORD-005651,2025-07-08,Core,UK,Direct,Mid-Market,3,147.71,13.17,134.54,84.93,49.61,144.61,2025,2025-07,Q3
ORD-005652,2025-11-07,Premium,UK,Online,Mid-Market,4,459.22,5.1,454.12,232.77,221.35,475.29,2025,2025-11,Q4
ORD-005653,2026-02-19,Enterprise,US,Online,Enterprise,2,481.64,15.85,465.79,209.05,256.74,446.18,2026,2026-02,Q1
ORD-005654,2026-01-15,Plus,Germany,Direct,SMB,2,152.14,5.78,146.36,97.27,49.09,156.55,2026,2026-01,Q1
ORD-005655,2026-01-20,Enterprise,India,Online,Mid-Market,2,496.4,14.72,481.68,274.18,207.5,448.03,2026,2026-01,Q1
ORD-005656,2026-04-19,Core,US,Online,SMB,1,42.73,1.35,41.38,24.83,16.55,43.98,2026,2026-04,Q2
ORD-005657,2025-10-27,Plus,UK,Online,Mid-Market,2,145.92,5.85,140.07,80.83,59.24,148.81,2025,2025-10,Q4
ORD-005658,2026-03-28,Premium,Germany,Direct,Enterprise,5,654.79,26.69,628.1,384.63,243.47,707.64,2026,2026-03,Q1
ORD-005659,2025-01-05,Plus,US,Online,Enterprise,3,211.97,12.37,199.6,95.97,103.63,183.25,2025,2025-01,Q1
ORD-005660,2026-01-02,Premium,UK,Direct,Mid-Market,5,569.47,21.49,547.98,255.12,292.86,487.11,2026,2026-01,Q1
ORD-005661,2026-06-05,Plus,Germany,Online,SMB,4,324.01,10.8,313.21,131.89,181.32,330.83,2026,2026-06,Q2
ORD-005662,2026-04-07,Enterprise,Germany,Direct,Enterprise,4,871.15,11.89,859.26,558.76,300.5,920.25,2026,2026-04,Q2
ORD-005663,2026-01-04,Core,India,Direct,Mid-Market,2,87.33,1.61,85.72,53.62,32.1,89.0,2026,2026-01,Q1
ORD-005664,2025-03-20,Enterprise,UK,Online,Mid-Market,2,498.17,6.62,491.55,232.21,259.34,532.04,2025,2025-03,Q1
ORD-005665,2026-07-09,Premium,UAE,Online,SMB,1,112.17,1.96,110.21,55.96,54.25,121.79,2026,2026-07,Q3
ORD-005666,2025-01-07,Plus,India,Direct,SMB,3,229.52,20.86,208.66,116.43,92.23,236.9,2025,2025-01,Q1
ORD-005667,2025-07-24,Premium,UAE,Online,SMB,1,131.56,9.79,121.77,79.43,42.34,113.71,2025,2025-07,Q3
ORD-005668,2025-09-21,Premium,UAE,Partner,SMB,3,331.1,9.05,322.05,159.58,162.47,299.45,2025,2025-09,Q3
ORD-005669,2025-11-14,Plus,UK,Partner,SMB,2,157.92,1.81,156.11,102.43,53.68,171.89,2025,2025-11,Q4
ORD-005670,2025-04-11,Core,UK,Online,SMB,3,126.36,12.24,114.12,66.14,47.98,122.53,2025,2025-04,Q2
ORD-005671,2025-07-13,Premium,UK,Online,Mid-Market,1,120.03,1.61,118.42,79.09,39.33,130.28,2025,2025-07,Q3
ORD-005672,2025-01-15,Enterprise,UAE,Partner,Mid-Market,1,234.75,0.68,234.07,143.46,90.61,258.43,2025,2025-01,Q1
ORD-005673,2026-05-26,Enterprise,Germany,Direct,SMB,2,460.19,5.24,454.95,300.51,154.44,424.41,2026,2026-05,Q2
ORD-005674,2026-03-25,Enterprise,UK,Direct,Mid-Market,3,696.03,0.35,695.68,359.05,336.63,642.65,2026,2026-03,Q1
ORD-005675,2025-06-19,Plus,India,Online,SMB,4,284.25,2.96,281.29,158.45,122.84,284.29,2025,2025-06,Q2
ORD-005676,2026-03-30,Premium,UK,Partner,Mid-Market,2,218.34,15.53,202.81,127.46,75.35,188.7,2026,2026-03,Q1
ORD-005677,2025-08-17,Plus,India,Online,SMB,1,75.97,4.68,71.29,30.01,41.28,64.58,2025,2025-08,Q3
ORD-005678,2025-10-14,Plus,India,Online,Enterprise,6,426.85,19.91,406.94,172.37,234.57,403.68,2025,2025-10,Q4
ORD-005679,2025-01-31,Premium,UK,Direct,Enterprise,2,262.73,5.62,257.11,134.45,122.66,280.28,2025,2025-01,Q1
ORD-005680,2026-06-17,Premium,Germany,Partner,Enterprise,7,858.07,64.9,793.17,443.8,349.37,897.81,2026,2026-06,Q2
ORD-005681,2026-05-06,Premium,India,Direct,SMB,8,994.86,20.61,974.25,648.96,325.29,1016.53,2026,2026-05,Q2
ORD-005682,2025-07-24,Enterprise,UK,Online,Enterprise,1,246.38,1.08,245.3,139.54,105.76,246.37,2025,2025-07,Q3
ORD-005683,2025-12-30,Premium,India,Partner,SMB,1,115.73,15.63,100.1,58.86,41.24,88.1,2025,2025-12,Q4
ORD-005684,2025-09-25,Plus,Germany,Online,Mid-Market,3,234.96,4.65,230.31,131.81,98.5,212.5,2025,2025-09,Q3
ORD-005685,2026-05-23,Premium,UK,Online,SMB,1,125.51,18.09,107.42,59.62,47.8,112.4,2026,2026-05,Q2
ORD-005686,2025-12-08,Plus,UK,Online,SMB,1,73.83,6.21,67.62,41.36,26.26,73.45,2025,2025-12,Q4
ORD-005687,2025-09-15,Plus,UK,Direct,Mid-Market,2,143.95,16.54,127.41,60.03,67.38,126.14,2025,2025-09,Q3
ORD-005688,2026-02-04,Plus,UK,Direct,Mid-Market,9,736.11,37.66,698.45,316.29,382.16,645.34,2026,2026-02,Q1
ORD-005689,2025-10-06,Plus,UK,Online,SMB,11,819.8,19.81,799.99,389.11,410.88,723.94,2025,2025-10,Q4
ORD-005690,2026-03-24,Plus,India,Online,SMB,19,1530.27,47.42,1482.85,654.37,828.48,1489.21,2026,2026-03,Q1
ORD-005691,2026-05-01,Enterprise,India,Online,Enterprise,3,717.98,26.14,691.84,319.11,372.73,786.96,2026,2026-05,Q2
ORD-005692,2025-05-02,Plus,UAE,Direct,Enterprise,4,296.58,1.97,294.61,155.41,139.2,297.2,2025,2025-05,Q2
ORD-005693,2025-03-04,Enterprise,India,Direct,Enterprise,1,260.4,8.28,252.12,162.21,89.91,277.48,2025,2025-03,Q1
ORD-005694,2026-06-14,Core,Germany,Online,SMB,2,88.78,7.98,80.8,52.63,28.17,87.8,2026,2026-06,Q2
ORD-005695,2026-05-24,Core,India,Online,SMB,2,85.9,6.48,79.42,38.63,40.79,83.39,2026,2026-05,Q2
ORD-005696,2026-05-15,Plus,India,Direct,Enterprise,3,221.51,10.8,210.71,97.09,113.62,226.7,2026,2026-05,Q2
ORD-005697,2026-01-04,Plus,UK,Online,SMB,2,147.58,6.51,141.07,61.18,79.89,127.58,2026,2026-01,Q1
ORD-005698,2026-07-03,Core,India,Direct,Mid-Market,1,45.5,1.64,43.86,24.66,19.2,39.57,2026,2026-07,Q3
ORD-005699,2026-02-12,Enterprise,US,Online,SMB,4,928.63,19.69,908.94,382.95,525.99,1005.85,2026,2026-02,Q1
ORD-005700,2025-02-07,Premium,India,Direct,Mid-Market,11,1399.22,75.19,1324.03,778.12,545.91,1480.79,2025,2025-02,Q1
ORD-005701,2025-03-05,Premium,India,Partner,Enterprise,6,675.93,20.49,655.44,292.92,362.52,686.41,2025,2025-03,Q1
ORD-005702,2025-09-02,Core,Germany,Direct,Enterprise,2,88.97,1.92,87.05,52.46,34.59,93.9,2025,2025-09,Q3
ORD-005703,2025-02-24,Plus,UAE,Direct,Mid-Market,6,490.69,21.98,468.71,263.96,204.75,499.96,2025,2025-02,Q1
ORD-005704,2025-04-18,Enterprise,UAE,Online,SMB,5,1282.75,86.39,1196.36,519.8,676.56,1172.19,2025,2025-04,Q2
ORD-005705,2025-01-25,Plus,Germany,Direct,Mid-Market,6,471.05,9.67,461.38,272.31,189.07,415.68,2025,2025-01,Q1
ORD-005706,2025-10-09,Plus,US,Online,Enterprise,1,79.88,3.58,76.3,47.29,29.01,81.67,2025,2025-10,Q4
ORD-005707,2026-06-12,Plus,US,Direct,SMB,2,159.64,0.92,158.72,67.04,91.68,168.17,2026,2026-06,Q2
ORD-005708,2025-06-23,Premium,UK,Online,Mid-Market,5,653.02,1.89,651.13,390.58,260.55,615.38,2025,2025-06,Q2
ORD-005709,2025-01-23,Premium,US,Direct,Enterprise,1,127.71,11.81,115.9,59.69,56.21,103.26,2025,2025-01,Q1
ORD-005710,2025-09-28,Plus,India,Direct,Mid-Market,2,135.22,6.75,128.47,79.94,48.53,143.81,2025,2025-09,Q3
ORD-005711,2025-06-04,Premium,Germany,Direct,SMB,7,862.78,76.68,786.1,408.9,377.2,692.26,2025,2025-06,Q2
ORD-005712,2026-01-20,Premium,India,Partner,SMB,2,216.5,4.05,212.45,128.93,83.52,209.75,2026,2026-01,Q1
ORD-005713,2026-02-01,Core,Germany,Direct,Mid-Market,1,44.51,1.43,43.08,25.54,17.54,43.35,2026,2026-02,Q1
ORD-005714,2025-11-10,Enterprise,India,Online,Mid-Market,3,662.6,35.57,627.03,342.89,284.14,623.19,2025,2025-11,Q4
ORD-005715,2026-04-29,Premium,US,Partner,SMB,4,486.06,1.47,484.59,294.62,189.97,533.5,2026,2026-04,Q2
ORD-005716,2025-12-23,Premium,India,Partner,SMB,5,649.19,20.87,628.32,303.59,324.73,636.84,2025,2025-12,Q4
ORD-005717,2025-06-01,Core,UK,Direct,Mid-Market,3,148.45,8.65,139.8,61.07,78.73,145.0,2025,2025-06,Q2
ORD-005718,2025-03-02,Core,UAE,Online,Enterprise,1,44.91,2.63,42.28,17.95,24.33,40.62,2025,2025-03,Q1
ORD-005719,2026-07-09,Plus,UAE,Partner,Mid-Market,7,542.44,11.18,531.26,318.82,212.44,491.54,2026,2026-07,Q3
ORD-005720,2026-03-18,Plus,UAE,Direct,Mid-Market,8,544.28,17.21,527.07,322.17,204.9,473.12,2026,2026-03,Q1
ORD-005721,2025-09-06,Plus,UAE,Direct,SMB,2,159.32,0.59,158.73,79.05,79.68,162.39,2025,2025-09,Q3
ORD-005722,2025-06-18,Enterprise,US,Online,Mid-Market,3,667.97,67.73,600.24,343.51,256.73,636.62,2025,2025-06,Q2
ORD-005723,2026-05-08,Plus,India,Partner,Mid-Market,4,304.37,19.02,285.35,128.56,156.79,265.03,2026,2026-05,Q2
ORD-005724,2025-04-18,Core,Germany,Online,Mid-Market,3,126.69,7.35,119.34,74.02,45.32,116.61,2025,2025-04,Q2
ORD-005725,2025-11-20,Plus,India,Partner,SMB,1,79.04,0.45,78.59,46.58,32.01,83.36,2025,2025-11,Q4
ORD-005726,2025-01-05,Core,US,Direct,Enterprise,2,83.09,0.48,82.61,41.01,41.6,76.59,2025,2025-01,Q1
ORD-005727,2025-09-06,Core,India,Direct,Mid-Market,4,174.49,0.51,173.98,107.15,66.83,189.89,2025,2025-09,Q3
ORD-005728,2025-04-21,Core,US,Online,SMB,3,135.68,2.98,132.7,87.48,45.22,120.81,2025,2025-04,Q2
ORD-005729,2025-09-28,Core,UK,Online,Mid-Market,2,83.83,4.0,79.83,35.09,44.74,72.96,2025,2025-09,Q3
ORD-005730,2026-01-19,Core,UAE,Partner,SMB,5,245.1,3.56,241.54,139.17,102.37,262.88,2026,2026-01,Q1
ORD-005731,2026-05-01,Enterprise,UK,Direct,SMB,4,941.19,6.89,934.3,484.41,449.89,907.57,2026,2026-05,Q2
ORD-005732,2025-08-22,Premium,India,Online,Mid-Market,6,691.37,10.81,680.56,357.42,323.14,763.2,2025,2025-08,Q3
ORD-005733,2026-02-05,Plus,US,Direct,SMB,2,154.3,9.17,145.13,89.16,55.97,150.06,2026,2026-02,Q1
ORD-005734,2025-11-13,Premium,UK,Direct,Enterprise,1,115.33,7.83,107.5,59.91,47.59,121.47,2025,2025-11,Q4
ORD-005735,2025-01-10,Premium,UAE,Online,SMB,3,391.03,1.17,389.86,189.0,200.86,351.68,2025,2025-01,Q1
ORD-005736,2025-09-26,Plus,US,Online,Mid-Market,2,140.52,10.04,130.48,60.61,69.87,121.61,2025,2025-09,Q3
ORD-005737,2025-06-15,Plus,Germany,Direct,SMB,3,225.36,21.83,203.53,106.34,97.19,214.43,2025,2025-06,Q2
ORD-005738,2026-03-01,Enterprise,US,Direct,Mid-Market,4,942.35,63.22,879.13,405.11,474.02,793.39,2026,2026-03,Q1
ORD-005739,2025-04-25,Core,UK,Online,Enterprise,2,95.07,3.13,91.94,52.6,39.34,86.91,2025,2025-04,Q2
ORD-005740,2025-08-12,Enterprise,Germany,Partner,SMB,4,941.41,17.85,923.56,574.97,348.59,975.11,2025,2025-08,Q3
ORD-005741,2025-04-15,Premium,UAE,Direct,SMB,5,630.7,3.35,627.35,356.59,270.76,624.55,2025,2025-04,Q2
ORD-005742,2025-11-16,Core,UAE,Online,Enterprise,1,44.88,0.23,44.65,23.59,21.06,44.44,2025,2025-11,Q4
ORD-005743,2025-10-31,Plus,India,Direct,Mid-Market,10,779.09,69.8,709.29,339.81,369.48,807.58,2025,2025-10,Q4
ORD-005744,2026-05-09,Plus,UAE,Online,Enterprise,2,160.83,0.93,159.9,73.49,86.41,142.78,2026,2026-05,Q2
ORD-005745,2026-06-15,Core,US,Direct,SMB,1,41.21,1.63,39.58,21.71,17.87,42.8,2026,2026-06,Q2
ORD-005746,2025-10-08,Core,India,Direct,SMB,3,147.99,8.16,139.83,92.79,47.04,136.49,2025,2025-10,Q4
ORD-005747,2026-06-19,Plus,Germany,Online,Enterprise,4,312.1,3.86,308.24,199.26,108.98,297.49,2026,2026-06,Q2
ORD-005748,2026-02-12,Core,US,Online,Enterprise,2,83.97,5.38,78.59,49.72,28.87,75.32,2026,2026-02,Q1
ORD-005749,2025-03-27,Core,UAE,Direct,SMB,6,280.54,13.77,266.77,166.02,100.75,239.24,2025,2025-03,Q1
ORD-005750,2026-01-20,Plus,India,Direct,SMB,1,69.43,3.43,66.0,30.4,35.6,64.95,2026,2026-01,Q1
ORD-005751,2025-07-23,Core,UAE,Partner,SMB,8,362.86,5.53,357.33,216.04,141.29,348.95,2025,2025-07,Q3
ORD-005752,2026-02-13,Plus,UK,Partner,SMB,1,70.83,1.91,68.92,31.22,37.7,69.26,2026,2026-02,Q1
ORD-005753,2025-01-10,Plus,India,Direct,SMB,4,282.8,20.29,262.51,139.41,123.1,260.83,2025,2025-01,Q1
ORD-005754,2025-05-06,Core,India,Direct,SMB,4,177.34,0.07,177.27,106.93,70.34,176.58,2025,2025-05,Q2
ORD-005755,2025-07-26,Plus,India,Direct,SMB,2,139.54,5.11,134.43,57.07,77.36,148.34,2025,2025-07,Q3
ORD-005756,2025-03-07,Core,India,Direct,Mid-Market,1,48.83,4.14,44.69,29.19,15.5,41.82,2025,2025-03,Q1
ORD-005757,2025-05-24,Plus,UK,Partner,SMB,4,286.85,5.54,281.31,143.23,138.08,248.8,2025,2025-05,Q2
ORD-005758,2025-01-21,Core,UAE,Direct,SMB,2,84.78,3.21,81.57,47.34,34.23,83.76,2025,2025-01,Q1
ORD-005759,2025-05-04,Enterprise,UK,Partner,SMB,1,216.75,4.11,212.64,124.97,87.67,199.1,2025,2025-05,Q2
ORD-005760,2025-07-27,Enterprise,UK,Direct,SMB,3,726.49,69.22,657.27,341.0,316.27,599.66,2025,2025-07,Q3
ORD-005761,2025-10-01,Plus,India,Direct,SMB,1,69.48,2.07,67.41,42.97,24.44,72.02,2025,2025-10,Q4
ORD-005762,2025-12-02,Premium,UK,Partner,Enterprise,2,247.82,6.05,241.77,151.11,90.66,232.59,2025,2025-12,Q4
ORD-005763,2025-02-15,Core,India,Direct,SMB,11,454.69,5.73,448.96,264.53,184.43,418.12,2025,2025-02,Q1
ORD-005764,2025-07-11,Core,UK,Direct,SMB,3,127.46,8.37,119.09,64.62,54.47,133.88,2025,2025-07,Q3
ORD-005765,2025-09-15,Premium,India,Direct,SMB,4,458.68,5.3,453.38,220.59,232.79,497.69,2025,2025-09,Q3
ORD-005766,2025-02-24,Enterprise,India,Direct,SMB,4,927.82,72.97,854.85,429.54,425.31,856.02,2025,2025-02,Q1
ORD-005767,2026-03-22,Premium,UK,Direct,Enterprise,3,324.78,11.35,313.43,158.92,154.51,302.4,2026,2026-03,Q1
ORD-005768,2026-07-10,Premium,UK,Direct,Enterprise,3,385.54,22.23,363.31,239.87,123.44,339.42,2026,2026-07,Q3
ORD-005769,2025-07-19,Core,India,Direct,Enterprise,2,89.93,2.92,87.01,42.3,44.71,98.69,2025,2025-07,Q3
ORD-005770,2025-10-12,Premium,UAE,Direct,SMB,4,517.37,9.35,508.02,259.98,248.04,513.67,2025,2025-10,Q4
ORD-005771,2025-12-29,Enterprise,India,Online,Enterprise,2,434.26,19.17,415.09,258.94,156.15,426.05,2025,2025-12,Q4
ORD-005772,2025-11-21,Core,US,Online,SMB,3,146.7,1.29,145.41,85.31,60.1,151.09,2025,2025-11,Q4
ORD-005773,2025-06-14,Premium,UK,Direct,SMB,3,359.73,4.94,354.79,203.06,151.73,325.54,2025,2025-06,Q2
ORD-005774,2025-02-20,Core,US,Partner,SMB,2,95.56,1.7,93.86,47.57,46.29,106.8,2025,2025-02,Q1
ORD-005775,2026-03-18,Plus,UAE,Online,Enterprise,2,155.81,12.69,143.12,76.21,66.91,144.97,2026,2026-03,Q1
ORD-005776,2026-01-02,Premium,UK,Online,Mid-Market,2,260.25,1.95,258.3,170.21,88.09,270.36,2026,2026-01,Q1
ORD-005777,2026-03-03,Premium,US,Online,Enterprise,2,260.85,24.7,236.15,114.0,122.15,252.9,2026,2026-03,Q1
ORD-005778,2026-04-17,Enterprise,US,Direct,SMB,3,694.8,5.88,688.92,445.18,243.74,704.36,2026,2026-04,Q2
ORD-005779,2025-05-19,Core,UAE,Partner,Enterprise,2,99.0,3.8,95.2,59.79,35.41,100.46,2025,2025-05,Q2
ORD-005780,2025-10-25,Core,UK,Online,Mid-Market,1,45.29,2.34,42.95,22.64,20.31,46.53,2025,2025-10,Q4
ORD-005781,2025-07-10,Enterprise,Germany,Online,SMB,2,441.71,33.59,408.12,215.54,192.58,359.59,2025,2025-07,Q3
ORD-005782,2026-01-03,Plus,UAE,Online,Mid-Market,1,68.31,2.24,66.07,44.26,21.81,61.55,2026,2026-01,Q1
ORD-005783,2026-07-26,Premium,UK,Online,Enterprise,2,230.69,4.57,226.12,106.61,119.51,253.01,2026,2026-07,Q3
ORD-005784,2025-12-29,Premium,US,Online,Mid-Market,3,333.71,6.64,327.07,200.12,126.95,340.64,2025,2025-12,Q4
ORD-005785,2026-04-19,Core,Germany,Online,Mid-Market,5,238.49,14.47,224.02,127.84,96.18,236.5,2026,2026-04,Q2
ORD-005786,2025-06-25,Premium,UAE,Online,SMB,5,642.53,24.48,618.05,328.55,289.5,596.59,2025,2025-06,Q2
ORD-005787,2026-07-11,Plus,UK,Partner,SMB,1,68.0,6.09,61.91,36.66,25.25,59.92,2026,2026-07,Q3
ORD-005788,2025-10-08,Plus,India,Direct,SMB,3,238.55,12.25,226.3,109.69,116.61,224.51,2025,2025-10,Q4
ORD-005789,2025-11-07,Premium,UAE,Partner,Mid-Market,2,230.12,10.99,219.13,137.42,81.71,228.73,2025,2025-11,Q4
ORD-005790,2026-01-10,Plus,US,Online,Mid-Market,1,75.93,1.07,74.86,41.26,33.6,82.57,2026,2026-01,Q1
ORD-005791,2025-09-23,Core,UK,Partner,Mid-Market,4,195.26,2.63,192.63,96.84,95.79,194.25,2025,2025-09,Q3
ORD-005792,2026-02-19,Enterprise,India,Partner,SMB,1,236.9,16.25,220.65,131.61,89.04,216.48,2026,2026-02,Q1
ORD-005793,2025-11-09,Plus,Germany,Direct,Mid-Market,6,429.04,24.52,404.52,261.64,142.88,360.24,2025,2025-11,Q4
ORD-005794,2025-04-03,Enterprise,UK,Direct,SMB,2,525.13,3.91,521.22,298.66,222.56,548.95,2025,2025-04,Q2
ORD-005795,2025-09-21,Plus,India,Online,Enterprise,2,152.09,1.26,150.83,84.41,66.42,159.1,2025,2025-09,Q3
ORD-005796,2026-02-21,Core,India,Partner,Enterprise,3,142.71,2.43,140.28,84.29,55.99,154.88,2026,2026-02,Q1
ORD-005797,2025-04-11,Premium,UK,Direct,Enterprise,1,129.04,0.49,128.55,72.61,55.94,139.08,2025,2025-04,Q2
ORD-005798,2025-05-13,Core,India,Partner,Mid-Market,6,262.7,17.1,245.6,137.92,107.68,260.83,2025,2025-05,Q2
ORD-005799,2025-12-23,Premium,UK,Partner,Enterprise,2,252.85,45.41,207.44,93.85,113.59,211.13,2025,2025-12,Q4
ORD-005800,2025-03-12,Plus,India,Direct,Mid-Market,2,151.33,2.09,149.24,78.91,70.33,165.02,2025,2025-03,Q1
ORD-005801,2026-01-22,Enterprise,India,Direct,SMB,3,717.03,9.64,707.39,443.16,264.23,637.72,2026,2026-01,Q1
ORD-005802,2025-02-12,Enterprise,India,Direct,Enterprise,2,474.34,18.32,456.02,247.01,209.01,474.19,2025,2025-02,Q1
ORD-005803,2026-01-27,Enterprise,India,Partner,SMB,4,878.64,4.4,874.24,379.55,494.69,996.24,2026,2026-01,Q1
ORD-005804,2025-12-10,Enterprise,UK,Online,SMB,3,726.31,39.78,686.53,293.18,393.35,740.99,2025,2025-12,Q4
ORD-005805,2026-05-29,Enterprise,UK,Online,Enterprise,2,464.31,12.84,451.47,239.58,211.89,506.03,2026,2026-05,Q2
ORD-005806,2026-03-27,Core,UK,Partner,Enterprise,2,96.77,2.47,94.3,46.33,47.97,106.6,2026,2026-03,Q1
ORD-005807,2026-05-24,Enterprise,UAE,Online,SMB,1,248.57,7.4,241.17,156.74,84.43,221.85,2026,2026-05,Q2
ORD-005808,2026-07-02,Premium,UK,Online,SMB,2,232.95,12.67,220.28,135.02,85.26,228.09,2026,2026-07,Q3
ORD-005809,2026-01-15,Enterprise,UK,Online,SMB,2,523.43,1.62,521.81,272.08,249.73,527.81,2026,2026-01,Q1
ORD-005810,2026-06-07,Premium,India,Direct,SMB,1,120.72,5.69,115.03,67.61,47.42,106.29,2026,2026-06,Q2
ORD-005811,2026-05-27,Plus,India,Online,Mid-Market,6,443.77,17.77,426.0,283.98,142.02,422.15,2026,2026-05,Q2
ORD-005812,2025-11-14,Core,India,Direct,Mid-Market,5,241.92,10.49,231.43,102.42,129.01,256.74,2025,2025-11,Q4
ORD-005813,2025-10-29,Enterprise,UK,Direct,Enterprise,4,965.65,47.06,918.59,443.21,475.38,927.04,2025,2025-10,Q4
ORD-005814,2025-09-29,Plus,UAE,Partner,Mid-Market,3,210.51,2.52,207.99,127.7,80.29,196.85,2025,2025-09,Q3
ORD-005815,2026-03-30,Premium,India,Direct,SMB,1,131.02,0.68,130.34,73.2,57.14,134.36,2026,2026-03,Q1
ORD-005816,2026-05-27,Core,UK,Online,Enterprise,6,254.88,23.73,231.15,142.39,88.76,232.76,2026,2026-05,Q2
ORD-005817,2025-03-22,Core,India,Online,SMB,2,97.9,1.61,96.29,41.73,54.56,101.09,2025,2025-03,Q1
ORD-005818,2025-03-28,Plus,India,Direct,Enterprise,4,289.7,3.84,285.86,167.37,118.49,275.72,2025,2025-03,Q1
ORD-005819,2025-03-23,Plus,India,Direct,Enterprise,4,287.65,4.39,283.26,180.29,102.97,280.18,2025,2025-03,Q1
ORD-005820,2025-08-06,Premium,US,Direct,Enterprise,1,111.66,1.72,109.94,58.11,51.83,98.74,2025,2025-08,Q3
ORD-005821,2025-08-27,Enterprise,US,Direct,Enterprise,2,493.18,27.58,465.6,221.87,243.73,437.18,2025,2025-08,Q3
ORD-005822,2026-06-05,Plus,UK,Direct,Mid-Market,2,162.3,7.33,154.97,90.92,64.05,161.81,2026,2026-06,Q2
ORD-005823,2025-01-27,Core,UK,Partner,Enterprise,2,86.02,1.96,84.06,39.41,44.65,89.75,2025,2025-01,Q1
ORD-005824,2025-05-14,Premium,India,Online,SMB,2,247.46,25.4,222.06,107.66,114.4,212.8,2025,2025-05,Q2
ORD-005825,2026-01-29,Enterprise,UAE,Direct,Enterprise,4,995.45,14.36,981.09,503.43,477.66,1105.72,2026,2026-01,Q1
ORD-005826,2025-12-04,Premium,Germany,Direct,SMB,2,221.71,1.96,219.75,135.77,83.98,209.22,2025,2025-12,Q4
ORD-005827,2026-01-16,Plus,UK,Online,Enterprise,3,218.44,6.82,211.62,136.7,74.92,206.95,2026,2026-01,Q1
ORD-005828,2025-10-01,Enterprise,India,Online,SMB,2,497.61,3.43,494.18,327.8,166.38,442.21,2025,2025-10,Q4
ORD-005829,2026-05-23,Premium,UAE,Partner,Enterprise,4,441.23,3.14,438.09,257.95,180.14,459.0,2026,2026-05,Q2
ORD-005830,2026-03-02,Enterprise,UK,Online,Enterprise,3,679.54,4.96,674.58,338.62,335.96,620.05,2026,2026-03,Q1
ORD-005831,2025-03-09,Core,UAE,Partner,SMB,4,190.54,11.45,179.09,92.26,86.83,182.17,2025,2025-03,Q1
ORD-005832,2025-02-19,Plus,India,Online,SMB,3,243.17,1.91,241.26,117.14,124.12,258.46,2025,2025-02,Q1
ORD-005833,2026-03-13,Plus,UAE,Online,Mid-Market,2,145.19,23.69,121.5,52.16,69.34,127.33,2026,2026-03,Q1
ORD-005834,2025-07-31,Premium,UK,Direct,Mid-Market,3,354.76,10.17,344.59,213.3,131.29,342.51,2025,2025-07,Q3
ORD-005835,2026-07-08,Plus,India,Partner,SMB,2,148.2,5.8,142.4,62.82,79.58,139.67,2026,2026-07,Q3
ORD-005836,2026-03-08,Enterprise,UK,Partner,SMB,8,1812.79,120.02,1692.77,1069.98,622.79,1550.37,2026,2026-03,Q1
ORD-005837,2025-04-30,Premium,India,Direct,Mid-Market,9,1031.23,7.65,1023.58,565.93,457.65,1013.53,2025,2025-04,Q2
ORD-005838,2026-02-04,Premium,US,Partner,SMB,1,122.28,1.73,120.55,70.76,49.79,133.9,2026,2026-02,Q1
ORD-005839,2025-06-06,Enterprise,UAE,Partner,SMB,2,459.84,31.82,428.02,209.77,218.25,396.21,2025,2025-06,Q2
ORD-005840,2025-12-24,Enterprise,UAE,Direct,Enterprise,4,1003.94,23.78,980.16,502.17,477.99,936.58,2025,2025-12,Q4
ORD-005841,2026-05-23,Core,Germany,Online,SMB,12,535.51,16.51,519.0,268.84,250.16,457.27,2026,2026-05,Q2
ORD-005842,2026-04-13,Core,Germany,Direct,Mid-Market,6,246.95,15.38,231.57,99.77,131.8,258.27,2026,2026-04,Q2
ORD-005843,2026-01-30,Premium,UK,Online,SMB,3,390.05,5.38,384.67,191.17,193.5,350.46,2026,2026-01,Q1
ORD-005844,2025-07-07,Core,US,Online,SMB,4,179.75,3.01,176.74,109.35,67.39,195.18,2025,2025-07,Q3
ORD-005845,2025-09-11,Enterprise,US,Online,Enterprise,4,1052.22,33.72,1018.5,528.21,490.29,983.97,2025,2025-09,Q3
ORD-005846,2026-03-03,Plus,UAE,Online,SMB,3,224.72,14.8,209.92,101.56,108.36,236.74,2026,2026-03,Q1
ORD-005847,2026-06-10,Plus,Germany,Online,SMB,2,159.61,13.11,146.5,66.32,80.18,140.72,2026,2026-06,Q2
ORD-005848,2026-06-03,Plus,US,Direct,Enterprise,4,318.21,30.57,287.64,135.96,151.68,253.15,2026,2026-06,Q2
ORD-005849,2025-03-08,Plus,India,Partner,SMB,2,156.74,12.27,144.47,75.1,69.37,133.1,2025,2025-03,Q1
ORD-005850,2026-03-05,Core,Germany,Online,SMB,1,44.2,1.85,42.35,27.26,15.09,39.42,2026,2026-03,Q1
ORD-005851,2025-01-21,Enterprise,Germany,Direct,Mid-Market,2,491.09,35.12,455.97,213.45,242.52,492.26,2025,2025-01,Q1
ORD-005852,2025-01-27,Core,UK,Online,SMB,2,85.88,0.78,85.1,45.21,39.89,75.42,2025,2025-01,Q1
ORD-005853,2025-10-07,Core,Germany,Direct,SMB,1,49.21,2.04,47.17,24.05,23.12,48.14,2025,2025-10,Q4
ORD-005854,2025-04-21,Core,India,Direct,Mid-Market,1,44.81,0.38,44.43,20.75,23.68,50.51,2025,2025-04,Q2
ORD-005855,2026-02-27,Core,US,Online,SMB,2,83.57,5.11,78.46,42.37,36.09,69.69,2026,2026-02,Q1
ORD-005856,2025-06-10,Core,UAE,Partner,SMB,1,42.79,2.57,40.22,24.36,15.86,40.82,2025,2025-06,Q2
ORD-005857,2025-01-15,Premium,UK,Online,Enterprise,1,114.47,0.45,114.02,52.38,61.64,112.9,2025,2025-01,Q1
ORD-005858,2026-03-28,Enterprise,US,Partner,Mid-Market,8,1880.07,51.59,1828.48,839.4,989.08,1647.52,2026,2026-03,Q1
ORD-005859,2026-07-06,Plus,UK,Direct,SMB,8,629.87,35.09,594.78,271.76,323.02,559.55,2026,2026-07,Q3
ORD-005860,2026-04-17,Premium,US,Online,Mid-Market,2,238.05,23.14,214.91,96.2,118.71,192.99,2026,2026-04,Q2
ORD-005861,2025-01-03,Core,UK,Partner,Mid-Market,3,139.1,13.7,125.4,83.78,41.62,135.4,2025,2025-01,Q1
ORD-005862,2025-05-07,Premium,UK,Online,Enterprise,3,388.23,29.45,358.78,221.93,136.85,333.76,2025,2025-05,Q2
ORD-005863,2025-01-27,Plus,India,Partner,Enterprise,3,212.9,6.26,206.64,99.1,107.54,183.54,2025,2025-01,Q1
ORD-005864,2026-03-26,Core,UK,Direct,SMB,5,222.06,2.32,219.74,125.05,94.69,226.53,2026,2026-03,Q1
ORD-005865,2025-08-10,Enterprise,UAE,Online,SMB,4,1038.52,39.1,999.42,633.45,365.97,1045.0,2025,2025-08,Q3
ORD-005866,2025-12-03,Core,UK,Partner,Enterprise,2,88.43,7.5,80.93,47.72,33.21,74.39,2025,2025-12,Q4
ORD-005867,2026-04-26,Premium,US,Online,Enterprise,3,373.53,20.15,353.38,167.27,186.11,347.68,2026,2026-04,Q2
ORD-005868,2025-07-05,Plus,UK,Online,SMB,2,140.08,5.32,134.76,80.77,53.99,149.32,2025,2025-07,Q3
ORD-005869,2025-10-30,Core,UK,Online,SMB,5,216.34,5.87,210.47,114.6,95.87,199.32,2025,2025-10,Q4
ORD-005870,2025-12-31,Plus,India,Partner,SMB,2,144.91,3.4,141.51,66.17,75.34,127.28,2025,2025-12,Q4
ORD-005871,2026-03-03,Premium,India,Partner,SMB,2,223.69,21.47,202.22,119.94,82.28,221.83,2026,2026-03,Q1
ORD-005872,2025-01-14,Premium,India,Online,Enterprise,1,130.43,2.22,128.21,83.63,44.58,124.89,2025,2025-01,Q1
ORD-005873,2026-06-22,Core,India,Partner,Mid-Market,2,85.19,1.05,84.14,43.86,40.28,84.81,2026,2026-06,Q2
ORD-005874,2026-04-14,Core,UK,Direct,Mid-Market,10,405.47,3.05,402.42,191.02,211.4,395.01,2026,2026-04,Q2
ORD-005875,2025-07-18,Core,India,Direct,SMB,4,192.51,1.18,191.33,89.06,102.27,200.72,2025,2025-07,Q3
ORD-005876,2026-04-25,Plus,US,Partner,Enterprise,5,376.87,23.96,352.91,194.21,158.7,371.09,2026,2026-04,Q2
ORD-005877,2025-06-07,Plus,US,Direct,SMB,1,69.96,5.74,64.22,36.14,28.08,71.96,2025,2025-06,Q2
ORD-005878,2026-06-28,Plus,Germany,Direct,Mid-Market,2,136.65,1.29,135.36,90.47,44.89,143.2,2026,2026-06,Q2
ORD-005879,2026-02-07,Enterprise,UAE,Partner,Enterprise,3,749.15,82.51,666.64,331.08,335.56,630.85,2026,2026-02,Q1
ORD-005880,2025-12-18,Core,Germany,Direct,Mid-Market,2,97.89,5.46,92.43,51.73,40.7,104.33,2025,2025-12,Q4
ORD-005881,2025-07-28,Premium,UAE,Direct,Enterprise,7,911.63,28.9,882.73,479.9,402.83,991.91,2025,2025-07,Q3
ORD-005882,2025-10-25,Core,UK,Direct,Enterprise,4,189.4,5.69,183.71,85.07,98.64,194.43,2025,2025-10,Q4
ORD-005883,2025-01-18,Core,US,Partner,Enterprise,5,241.73,0.63,241.1,106.77,134.33,260.06,2025,2025-01,Q1
ORD-005884,2025-12-25,Premium,India,Online,SMB,1,118.74,3.9,114.84,64.72,50.12,106.83,2025,2025-12,Q4
ORD-005885,2025-02-20,Core,Germany,Online,Mid-Market,2,85.39,8.67,76.72,36.65,40.07,70.46,2025,2025-02,Q1
ORD-005886,2026-02-02,Core,Germany,Online,SMB,1,42.28,0.59,41.69,17.7,23.99,36.91,2026,2026-02,Q1
ORD-005887,2025-02-19,Premium,US,Online,SMB,1,128.54,5.7,122.84,65.65,57.19,132.72,2025,2025-02,Q1
ORD-005888,2025-03-06,Plus,Germany,Direct,Mid-Market,4,295.6,17.03,278.57,181.48,97.09,310.93,2025,2025-03,Q1
ORD-005889,2026-04-17,Plus,Germany,Online,Mid-Market,6,430.21,10.42,419.79,271.33,148.46,424.64,2026,2026-04,Q2
ORD-005890,2025-05-31,Enterprise,India,Direct,Mid-Market,1,262.09,8.06,254.03,142.51,111.52,227.49,2025,2025-05,Q2
ORD-005891,2025-06-27,Core,US,Partner,SMB,2,94.92,0.61,94.31,61.81,32.5,103.65,2025,2025-06,Q2
ORD-005892,2026-07-10,Premium,US,Direct,SMB,3,385.95,2.8,383.15,183.45,199.7,398.52,2026,2026-07,Q3
ORD-005893,2025-12-22,Core,US,Online,SMB,1,41.54,0.74,40.8,20.91,19.89,41.21,2025,2025-12,Q4
ORD-005894,2025-06-08,Plus,UAE,Partner,Mid-Market,4,326.98,8.96,318.02,174.72,143.3,285.01,2025,2025-06,Q2
ORD-005895,2026-04-26,Core,India,Online,Enterprise,2,83.38,9.92,73.46,34.6,38.86,67.24,2026,2026-04,Q2
ORD-005896,2025-11-26,Core,US,Partner,Mid-Market,2,89.02,2.11,86.91,49.14,37.77,93.44,2025,2025-11,Q4
ORD-005897,2025-01-03,Plus,UK,Online,SMB,4,309.03,39.94,269.09,121.73,147.36,263.67,2025,2025-01,Q1
ORD-005898,2026-04-13,Enterprise,US,Direct,SMB,2,494.68,4.52,490.16,257.67,232.49,518.65,2026,2026-04,Q2
ORD-005899,2025-06-17,Core,US,Online,SMB,1,46.1,2.19,43.91,23.79,20.12,49.13,2025,2025-06,Q2
ORD-005900,2025-04-10,Plus,UK,Direct,SMB,3,217.35,19.81,197.54,99.52,98.02,189.66,2025,2025-04,Q2
ORD-005901,2025-12-30,Premium,Germany,Online,Mid-Market,16,1969.22,3.9,1965.32,1129.61,835.71,2130.68,2025,2025-12,Q4
ORD-005902,2025-03-04,Enterprise,UK,Online,Enterprise,5,1154.41,49.94,1104.47,673.43,431.04,1007.78,2025,2025-03,Q1
ORD-005903,2025-06-11,Core,US,Online,SMB,3,137.83,8.37,129.46,60.88,68.58,120.35,2025,2025-06,Q2
ORD-005904,2025-06-22,Core,India,Direct,SMB,2,89.11,1.21,87.9,44.23,43.67,87.27,2025,2025-06,Q2
ORD-005905,2026-07-17,Core,Germany,Online,Enterprise,2,88.28,6.79,81.49,54.18,27.31,85.16,2026,2026-07,Q3
ORD-005906,2026-05-06,Premium,UAE,Direct,SMB,3,342.25,3.04,339.21,196.44,142.77,385.62,2026,2026-05,Q2
ORD-005907,2025-03-28,Enterprise,UAE,Direct,Enterprise,4,1055.84,84.63,971.21,497.7,473.51,1090.4,2025,2025-03,Q1
ORD-005908,2025-10-02,Core,US,Online,SMB,1,43.05,2.18,40.87,22.13,18.74,38.74,2025,2025-10,Q4
ORD-005909,2026-02-07,Plus,UAE,Direct,Enterprise,1,76.44,1.0,75.44,32.4,43.04,85.68,2026,2026-02,Q1
ORD-005910,2025-07-05,Core,India,Direct,Mid-Market,1,45.21,4.12,41.09,18.84,22.25,37.39,2025,2025-07,Q3
ORD-005911,2026-06-16,Core,Germany,Online,SMB,3,125.72,2.84,122.88,75.59,47.29,119.09,2026,2026-06,Q2
ORD-005912,2025-07-03,Plus,UK,Direct,SMB,3,239.1,18.19,220.91,106.88,114.03,216.67,2025,2025-07,Q3
ORD-005913,2025-05-13,Enterprise,UK,Online,SMB,4,960.98,120.57,840.41,542.22,298.19,876.82,2025,2025-05,Q2
ORD-005914,2025-04-10,Plus,UAE,Online,SMB,2,157.59,10.12,147.47,87.83,59.64,153.33,2025,2025-04,Q2
ORD-005915,2025-07-09,Premium,India,Partner,Mid-Market,2,262.74,11.75,250.99,148.56,102.43,243.24,2025,2025-07,Q3
ORD-005916,2026-02-10,Core,UK,Online,Mid-Market,6,254.16,18.67,235.49,106.58,128.91,214.43,2026,2026-02,Q1
ORD-005917,2025-01-19,Premium,UK,Direct,Enterprise,5,619.94,71.33,548.61,235.75,312.86,585.27,2025,2025-01,Q1
ORD-005918,2026-05-17,Core,India,Direct,Enterprise,3,147.24,19.52,127.72,61.85,65.87,114.18,2026,2026-05,Q2
ORD-005919,2025-03-22,Enterprise,Germany,Online,Enterprise,4,1036.99,1.64,1035.35,577.69,457.66,1067.25,2025,2025-03,Q1
ORD-005920,2025-05-06,Plus,India,Online,SMB,2,144.87,10.17,134.7,57.26,77.44,121.27,2025,2025-05,Q2
ORD-005921,2026-05-03,Core,UAE,Partner,Mid-Market,4,179.64,2.31,177.33,76.53,100.8,189.94,2026,2026-05,Q2
ORD-005922,2026-06-29,Core,India,Direct,SMB,1,44.39,2.19,42.2,23.0,19.2,40.84,2026,2026-06,Q2
ORD-005923,2025-08-29,Enterprise,Germany,Online,SMB,4,1034.52,62.28,972.24,457.14,515.1,1001.59,2025,2025-08,Q3
ORD-005924,2026-04-28,Core,Germany,Direct,Mid-Market,2,87.2,1.36,85.84,54.99,30.85,78.29,2026,2026-04,Q2
ORD-005925,2025-09-18,Core,UAE,Online,Mid-Market,1,43.79,2.09,41.7,20.23,21.47,42.14,2025,2025-09,Q3
ORD-005926,2026-01-29,Enterprise,UK,Partner,Mid-Market,5,1204.6,12.18,1192.42,664.82,527.6,1279.06,2026,2026-01,Q1
ORD-005927,2025-08-04,Enterprise,UK,Direct,Mid-Market,3,648.09,15.73,632.36,407.37,224.99,617.78,2025,2025-08,Q3
ORD-005928,2025-03-21,Core,Germany,Partner,Enterprise,7,327.39,32.69,294.7,137.52,157.18,315.16,2025,2025-03,Q1
ORD-005929,2025-09-29,Core,UK,Direct,Enterprise,1,47.17,0.12,47.05,22.22,24.83,41.58,2025,2025-09,Q3
ORD-005930,2025-01-31,Enterprise,US,Partner,Mid-Market,1,240.24,15.19,225.05,124.46,100.59,233.85,2025,2025-01,Q1
ORD-005931,2025-03-21,Plus,UK,Partner,Enterprise,9,638.07,121.88,516.19,298.37,217.82,509.99,2025,2025-03,Q1
ORD-005932,2026-06-26,Core,UK,Direct,Mid-Market,3,133.37,0.37,133.0,73.63,59.37,133.72,2026,2026-06,Q2
ORD-005933,2025-06-06,Plus,UK,Direct,Enterprise,3,231.3,14.41,216.89,119.67,97.22,221.05,2025,2025-06,Q2
ORD-005934,2025-02-17,Premium,India,Partner,Mid-Market,6,675.07,4.06,671.01,405.33,265.68,727.66,2025,2025-02,Q1
ORD-005935,2025-11-25,Core,UK,Online,Mid-Market,5,216.82,4.89,211.93,118.34,93.59,188.79,2025,2025-11,Q4
ORD-005936,2025-07-16,Premium,US,Partner,SMB,2,228.44,12.74,215.7,108.36,107.34,220.28,2025,2025-07,Q3
ORD-005937,2025-06-25,Core,Germany,Online,SMB,3,138.4,4.66,133.74,82.36,51.38,149.09,2025,2025-06,Q2
ORD-005938,2026-07-25,Core,UK,Online,Mid-Market,1,45.0,2.44,42.56,26.94,15.62,40.57,2026,2026-07,Q3
ORD-005939,2025-09-04,Core,India,Partner,Mid-Market,3,126.69,6.4,120.29,62.91,57.38,121.41,2025,2025-09,Q3
ORD-005940,2025-09-18,Plus,India,Direct,SMB,3,210.03,9.13,200.9,122.98,77.92,194.76,2025,2025-09,Q3
ORD-005941,2026-07-29,Core,US,Online,SMB,3,140.75,5.98,134.77,67.33,67.44,139.07,2026,2026-07,Q3
ORD-005942,2025-05-16,Premium,India,Online,SMB,1,108.96,1.3,107.66,68.99,38.67,107.69,2025,2025-05,Q2
ORD-005943,2025-08-20,Core,India,Partner,Mid-Market,1,44.65,5.9,38.75,16.82,21.93,36.9,2025,2025-08,Q3
ORD-005944,2025-03-08,Enterprise,UK,Direct,SMB,3,772.93,23.48,749.45,394.95,354.5,731.97,2025,2025-03,Q1
ORD-005945,2026-07-06,Core,UAE,Online,SMB,1,41.51,0.97,40.54,22.3,18.24,39.89,2026,2026-07,Q3
ORD-005946,2025-12-02,Premium,Germany,Direct,Enterprise,3,347.25,3.76,343.49,217.34,126.15,386.92,2025,2025-12,Q4
ORD-005947,2026-04-11,Plus,UK,Direct,Mid-Market,2,157.77,11.49,146.28,69.93,76.35,137.32,2026,2026-04,Q2
ORD-005948,2025-07-08,Core,UK,Online,Mid-Market,2,92.85,3.29,89.56,38.5,51.06,86.34,2025,2025-07,Q3
ORD-005949,2026-06-05,Enterprise,UK,Partner,Mid-Market,2,501.39,10.96,490.43,328.32,162.11,470.41,2026,2026-06,Q2
ORD-005950,2025-02-24,Enterprise,Germany,Partner,SMB,3,700.69,30.56,670.13,343.76,326.37,611.18,2025,2025-02,Q1
ORD-005951,2025-10-22,Enterprise,UK,Direct,SMB,1,262.47,10.29,252.18,161.87,90.31,243.1,2025,2025-10,Q4
ORD-005952,2026-06-17,Core,US,Partner,Enterprise,5,244.27,14.04,230.23,132.7,97.53,212.23,2026,2026-06,Q2
ORD-005953,2026-07-17,Core,Germany,Online,Enterprise,2,93.66,4.45,89.21,41.66,47.55,80.32,2026,2026-07,Q3
ORD-005954,2025-07-10,Core,UAE,Online,SMB,2,98.94,7.07,91.87,40.02,51.85,102.02,2025,2025-07,Q3
ORD-005955,2025-10-07,Premium,US,Direct,SMB,6,772.78,2.4,770.38,378.02,392.36,794.02,2025,2025-10,Q4
ORD-005956,2025-12-28,Enterprise,UK,Direct,SMB,2,481.0,33.11,447.89,259.44,188.45,442.4,2025,2025-12,Q4
ORD-005957,2025-09-25,Enterprise,Germany,Online,SMB,2,482.28,0.26,482.02,304.27,177.75,534.01,2025,2025-09,Q3
ORD-005958,2025-03-09,Plus,US,Direct,SMB,1,81.97,1.69,80.28,50.68,29.6,90.62,2025,2025-03,Q1
ORD-005959,2025-05-24,Premium,US,Partner,Enterprise,3,375.11,6.35,368.76,224.32,144.44,337.05,2025,2025-05,Q2
ORD-005960,2026-06-19,Premium,India,Direct,Mid-Market,5,565.39,0.95,564.44,261.15,303.29,567.09,2026,2026-06,Q2
ORD-005961,2025-01-27,Enterprise,Germany,Direct,SMB,2,485.0,15.36,469.64,262.1,207.54,467.95,2025,2025-01,Q1
ORD-005962,2025-04-23,Core,UK,Direct,SMB,4,179.45,4.2,175.25,78.94,96.31,192.38,2025,2025-04,Q2
ORD-005963,2025-06-27,Enterprise,US,Online,Mid-Market,3,690.4,22.62,667.78,351.06,316.72,725.29,2025,2025-06,Q2
ORD-005964,2026-02-13,Enterprise,UAE,Direct,SMB,1,231.33,11.42,219.91,100.54,119.37,217.86,2026,2026-02,Q1
ORD-005965,2025-05-06,Plus,Germany,Partner,Enterprise,2,159.46,14.76,144.7,75.65,69.05,154.78,2025,2025-05,Q2
ORD-005966,2026-05-12,Enterprise,Germany,Online,Mid-Market,3,757.51,32.13,725.38,461.57,263.81,791.86,2026,2026-05,Q2
ORD-005967,2025-05-09,Core,US,Direct,Enterprise,3,134.85,8.25,126.6,55.89,70.71,114.85,2025,2025-05,Q2
ORD-005968,2025-11-15,Premium,UAE,Partner,SMB,3,368.99,10.41,358.58,212.24,146.34,373.42,2025,2025-11,Q4
ORD-005969,2025-07-01,Core,India,Direct,Enterprise,4,177.94,17.84,160.1,92.02,68.08,159.19,2025,2025-07,Q3
ORD-005970,2025-12-30,Core,Germany,Online,Mid-Market,5,241.39,4.56,236.83,138.13,98.7,236.59,2025,2025-12,Q4
ORD-005971,2026-03-10,Core,UAE,Partner,SMB,2,90.72,0.15,90.57,54.84,35.73,94.34,2026,2026-03,Q1
ORD-005972,2026-05-02,Core,UK,Direct,Enterprise,1,44.09,2.54,41.55,22.84,18.71,44.73,2026,2026-05,Q2
ORD-005973,2025-10-14,Core,Germany,Online,SMB,1,47.65,4.81,42.84,19.85,22.99,37.76,2025,2025-10,Q4
ORD-005974,2025-05-05,Plus,Germany,Direct,Enterprise,4,277.57,0.57,277.0,161.16,115.84,313.23,2025,2025-05,Q2
ORD-005975,2025-01-14,Core,India,Online,SMB,3,135.66,1.6,134.06,66.58,67.48,147.02,2025,2025-01,Q1
ORD-005976,2025-03-01,Core,UAE,Direct,Enterprise,6,260.53,4.84,255.69,139.28,116.41,261.83,2025,2025-03,Q1
ORD-005977,2026-02-22,Premium,UAE,Online,SMB,6,734.77,1.0,733.77,312.1,421.67,767.19,2026,2026-02,Q1
ORD-005978,2025-08-26,Enterprise,India,Partner,Enterprise,1,241.13,4.99,236.14,121.78,114.36,263.01,2025,2025-08,Q3
ORD-005979,2026-05-25,Plus,US,Online,Enterprise,5,372.43,0.58,371.85,242.56,129.29,345.19,2026,2026-05,Q2
ORD-005980,2025-04-11,Core,US,Direct,SMB,4,167.32,20.7,146.62,88.07,58.55,143.05,2025,2025-04,Q2
ORD-005981,2026-07-30,Core,US,Partner,Enterprise,1,45.4,1.29,44.11,21.49,22.62,41.55,2026,2026-07,Q3
ORD-005982,2025-08-17,Core,India,Online,Enterprise,2,95.93,2.74,93.19,62.31,30.88,97.87,2025,2025-08,Q3
ORD-005983,2026-05-25,Premium,UK,Direct,SMB,7,870.27,11.23,859.04,396.13,462.91,869.7,2026,2026-05,Q2
ORD-005984,2025-02-24,Core,UK,Online,SMB,12,572.32,7.19,565.13,262.89,302.24,615.29,2025,2025-02,Q1
ORD-005985,2026-03-31,Core,India,Partner,Enterprise,2,85.02,0.87,84.15,49.29,34.86,76.94,2026,2026-03,Q1
ORD-005986,2026-01-23,Plus,UK,Online,Enterprise,5,410.43,6.01,404.42,231.95,172.47,366.63,2026,2026-01,Q1
ORD-005987,2026-01-08,Premium,India,Direct,Enterprise,3,376.94,11.78,365.16,229.3,135.86,389.62,2026,2026-01,Q1
ORD-005988,2025-06-19,Plus,UK,Direct,SMB,2,136.46,4.76,131.7,72.84,58.86,132.73,2025,2025-06,Q2
ORD-005989,2026-06-05,Enterprise,India,Direct,SMB,1,221.24,11.96,209.28,91.25,118.03,229.64,2026,2026-06,Q2
ORD-005990,2025-07-25,Enterprise,UK,Partner,Enterprise,2,481.2,19.01,462.19,252.84,209.35,418.45,2025,2025-07,Q3
ORD-005991,2025-05-27,Enterprise,UK,Direct,Enterprise,3,672.33,49.43,622.9,333.95,288.95,662.23,2025,2025-05,Q2
ORD-005992,2025-04-14,Plus,India,Partner,SMB,3,210.79,1.39,209.4,105.05,104.35,195.54,2025,2025-04,Q2
ORD-005993,2026-07-06,Premium,US,Direct,Mid-Market,2,221.35,8.53,212.82,139.08,73.74,240.89,2026,2026-07,Q3
ORD-005994,2026-01-17,Core,India,Direct,SMB,5,203.47,20.54,182.93,119.5,63.43,202.75,2026,2026-01,Q1
ORD-005995,2025-08-24,Enterprise,UK,Direct,Mid-Market,6,1423.97,39.58,1384.39,713.54,670.85,1362.22,2025,2025-08,Q3
ORD-005996,2026-04-17,Core,Germany,Online,Enterprise,1,47.2,1.42,45.78,21.92,23.86,40.46,2026,2026-04,Q2
ORD-005997,2026-03-20,Premium,UAE,Direct,SMB,5,582.58,28.11,554.47,331.59,222.88,563.82,2026,2026-03,Q1
ORD-005998,2025-10-06,Premium,UK,Online,Enterprise,4,501.51,10.24,491.27,226.01,265.26,440.73,2025,2025-10,Q4
ORD-005999,2025-09-28,Premium,Germany,Direct,SMB,6,758.35,22.88,735.47,403.69,331.78,684.57,2025,2025-09,Q3
ORD-006000,2025-01-27,Plus,US,Online,SMB,3,244.68,11.99,232.69,152.49,80.2,241.89,2025,2025-01,Q1
ORD-006001,2025-02-19,Core,US,Direct,SMB,1,47.65,1.23,46.42,27.2,19.22,51.64,2025,2025-02,Q1
ORD-006002,2025-01-20,Core,India,Online,SMB,9,416.27,13.39,402.88,226.23,176.65,397.46,2025,2025-01,Q1
ORD-006003,2025-12-14,Core,US,Direct,Enterprise,7,326.73,15.27,311.46,204.58,106.88,341.18,2025,2025-12,Q4
ORD-006004,2025-09-19,Plus,UK,Direct,Mid-Market,8,657.69,10.6,647.09,369.8,277.29,574.99,2025,2025-09,Q3
ORD-006005,2025-01-12,Core,Germany,Direct,Enterprise,5,243.49,8.73,234.76,130.93,103.83,221.03,2025,2025-01,Q1
ORD-006006,2025-12-16,Enterprise,India,Direct,Mid-Market,2,464.18,8.35,455.83,206.73,249.1,458.8,2025,2025-12,Q4
ORD-006007,2026-01-25,Plus,UK,Online,Enterprise,3,245.99,23.37,222.62,135.11,87.51,218.36,2026,2026-01,Q1
ORD-006008,2025-11-08,Plus,India,Direct,Enterprise,2,161.29,5.25,156.04,81.14,74.9,166.97,2025,2025-11,Q4
ORD-006009,2025-12-03,Premium,US,Online,Enterprise,2,253.23,4.35,248.88,132.56,116.32,259.01,2025,2025-12,Q4
ORD-006010,2025-02-17,Premium,UAE,Direct,SMB,2,238.0,2.95,235.05,129.41,105.64,218.37,2025,2025-02,Q1
ORD-006011,2026-07-03,Plus,UK,Online,Mid-Market,2,147.76,1.06,146.7,92.35,54.35,159.21,2026,2026-07,Q3
ORD-006012,2026-07-29,Plus,UK,Direct,Enterprise,2,141.64,0.22,141.42,69.73,71.69,125.55,2026,2026-07,Q3
ORD-006013,2025-05-16,Enterprise,Germany,Online,SMB,1,222.35,13.29,209.06,119.65,89.41,219.88,2025,2025-05,Q2
ORD-006014,2025-05-23,Plus,UK,Online,Mid-Market,1,72.1,2.49,69.61,40.6,29.01,61.39,2025,2025-05,Q2
ORD-006015,2025-01-01,Enterprise,UK,Direct,Mid-Market,1,242.26,6.45,235.81,142.12,93.69,252.72,2025,2025-01,Q1
ORD-006016,2026-04-30,Plus,Germany,Direct,Mid-Market,1,81.97,5.94,76.03,34.97,41.06,70.66,2026,2026-04,Q2
ORD-006017,2025-09-22,Core,India,Direct,Mid-Market,2,97.46,4.14,93.32,46.0,47.32,97.22,2025,2025-09,Q3
ORD-006018,2025-07-02,Premium,India,Online,SMB,1,108.77,4.93,103.84,60.02,43.82,104.12,2025,2025-07,Q3
ORD-006019,2026-06-27,Core,India,Online,SMB,1,46.65,1.3,45.35,24.38,20.97,40.79,2026,2026-06,Q2
ORD-006020,2025-10-10,Premium,US,Online,Enterprise,2,218.5,1.63,216.87,139.41,77.46,241.35,2025,2025-10,Q4
ORD-006021,2026-06-10,Core,US,Online,SMB,1,46.02,0.55,45.47,28.67,16.8,44.97,2026,2026-06,Q2
ORD-006022,2025-08-09,Premium,Germany,Partner,SMB,7,760.01,61.19,698.82,432.28,266.54,722.69,2025,2025-08,Q3
ORD-006023,2026-06-08,Premium,US,Direct,Mid-Market,1,128.44,4.78,123.66,73.78,49.88,111.91,2026,2026-06,Q2
ORD-006024,2026-04-29,Plus,India,Partner,Enterprise,3,239.96,6.22,233.74,124.12,109.62,263.49,2026,2026-04,Q2
ORD-006025,2026-05-17,Plus,US,Partner,SMB,2,142.4,4.28,138.12,82.49,55.63,143.93,2026,2026-05,Q2
ORD-006026,2025-05-31,Plus,US,Direct,SMB,4,300.83,9.56,291.27,179.18,112.09,293.85,2025,2025-05,Q2
ORD-006027,2025-11-15,Core,Germany,Direct,SMB,2,83.52,4.06,79.46,43.76,35.7,86.16,2025,2025-11,Q4
ORD-006028,2026-07-18,Plus,UAE,Online,Mid-Market,2,136.76,0.48,136.28,83.45,52.83,147.94,2026,2026-07,Q3
ORD-006029,2026-01-31,Core,UK,Partner,Mid-Market,1,44.31,0.15,44.16,25.73,18.43,49.02,2026,2026-01,Q1
ORD-006030,2025-03-03,Core,UK,Online,Mid-Market,1,44.13,1.23,42.9,23.77,19.13,46.54,2025,2025-03,Q1
ORD-006031,2025-08-01,Premium,Germany,Online,SMB,2,239.09,42.91,196.18,91.36,104.82,216.67,2025,2025-08,Q3
ORD-006032,2026-04-09,Plus,India,Direct,SMB,3,228.59,4.55,224.04,115.05,108.99,232.18,2026,2026-04,Q2
ORD-006033,2025-04-04,Core,UK,Partner,Enterprise,3,126.76,2.79,123.97,58.48,65.49,129.12,2025,2025-04,Q2
ORD-006034,2025-07-15,Plus,UK,Online,SMB,2,157.15,1.3,155.85,85.56,70.29,145.73,2025,2025-07,Q3
ORD-006035,2025-04-22,Core,Germany,Partner,Mid-Market,6,289.99,12.81,277.18,174.72,102.46,298.88,2025,2025-04,Q2
ORD-006036,2025-02-26,Enterprise,UK,Direct,Enterprise,4,917.29,18.66,898.63,565.33,333.3,831.05,2025,2025-02,Q1
ORD-006037,2026-07-04,Premium,US,Online,Enterprise,1,108.6,0.62,107.98,63.97,44.01,95.27,2026,2026-07,Q3
ORD-006038,2026-03-18,Enterprise,UK,Online,Enterprise,1,226.65,1.33,225.32,131.87,93.45,223.1,2026,2026-03,Q1
ORD-006039,2025-04-26,Enterprise,India,Online,Enterprise,3,699.6,60.23,639.37,374.22,265.15,595.12,2025,2025-04,Q2
ORD-006040,2025-11-19,Premium,Germany,Online,Mid-Market,2,229.12,2.64,226.48,110.56,115.92,248.44,2025,2025-11,Q4
ORD-006041,2025-08-31,Plus,US,Direct,SMB,1,70.28,10.2,60.08,34.06,26.02,54.28,2025,2025-08,Q3
ORD-006042,2025-01-17,Plus,US,Online,Enterprise,1,79.86,0.52,79.34,47.97,31.37,76.64,2025,2025-01,Q1
ORD-006043,2025-09-19,Enterprise,UK,Online,SMB,5,1264.91,78.53,1186.38,541.17,645.21,1225.93,2025,2025-09,Q3
ORD-006044,2025-01-07,Plus,India,Online,SMB,3,222.54,14.53,208.01,118.51,89.5,187.43,2025,2025-01,Q1
ORD-006045,2025-04-15,Core,UK,Partner,Mid-Market,4,173.43,11.26,162.17,82.79,79.38,155.3,2025,2025-04,Q2
ORD-006046,2026-06-29,Plus,UK,Direct,Enterprise,2,158.65,14.08,144.57,77.6,66.97,158.83,2026,2026-06,Q2
ORD-006047,2025-06-01,Plus,India,Partner,SMB,2,153.7,1.14,152.56,88.5,64.06,138.03,2025,2025-06,Q2
ORD-006048,2025-10-10,Enterprise,US,Direct,SMB,4,880.23,133.74,746.49,448.61,297.88,738.93,2025,2025-10,Q4
ORD-006049,2025-07-12,Core,UK,Direct,Mid-Market,3,140.86,7.86,133.0,69.14,63.86,127.54,2025,2025-07,Q3
ORD-006050,2026-03-05,Plus,UAE,Online,Enterprise,2,149.29,20.15,129.14,72.98,56.16,116.63,2026,2026-03,Q1
ORD-006051,2025-01-22,Core,Germany,Online,SMB,5,209.73,5.08,204.65,96.08,108.57,233.2,2025,2025-01,Q1
ORD-006052,2025-06-09,Core,UK,Online,Enterprise,1,41.94,0.3,41.64,26.02,15.62,40.99,2025,2025-06,Q2
ORD-006053,2025-07-14,Enterprise,Germany,Online,Enterprise,1,253.04,16.63,236.41,104.36,132.05,255.12,2025,2025-07,Q3
ORD-006054,2025-03-31,Premium,UAE,Online,SMB,4,437.6,2.1,435.5,240.56,194.94,445.92,2025,2025-03,Q1
ORD-006055,2025-04-25,Enterprise,US,Online,Enterprise,2,488.16,14.27,473.89,245.05,228.84,531.09,2025,2025-04,Q2
ORD-006056,2025-03-19,Plus,US,Partner,SMB,1,69.59,4.31,65.28,39.41,25.87,69.09,2025,2025-03,Q1
ORD-006057,2026-01-27,Core,UAE,Online,SMB,9,366.5,8.85,357.65,172.52,185.13,382.37,2026,2026-01,Q1
ORD-006058,2025-12-16,Premium,US,Direct,Mid-Market,5,650.92,26.09,624.83,327.82,297.01,619.38,2025,2025-12,Q4
ORD-006059,2025-12-08,Premium,UK,Direct,Mid-Market,4,469.41,25.31,444.1,226.25,217.85,497.68,2025,2025-12,Q4
ORD-006060,2026-05-30,Plus,Germany,Direct,SMB,2,160.66,2.92,157.74,103.48,54.26,161.53,2026,2026-05,Q2
ORD-006061,2026-06-24,Core,UK,Online,Enterprise,1,43.42,0.4,43.02,23.48,19.54,45.84,2026,2026-06,Q2
ORD-006062,2026-01-27,Premium,US,Partner,SMB,2,219.17,10.38,208.79,131.32,77.47,199.35,2026,2026-01,Q1
ORD-006063,2026-01-04,Core,US,Direct,SMB,2,95.05,0.09,94.96,53.21,41.75,96.39,2026,2026-01,Q1
ORD-006064,2025-05-22,Enterprise,India,Direct,Mid-Market,4,973.45,16.97,956.48,483.44,473.04,939.22,2025,2025-05,Q2
ORD-006065,2025-01-23,Core,UK,Direct,Mid-Market,2,97.72,3.73,93.99,53.84,40.15,94.54,2025,2025-01,Q1
ORD-006066,2025-06-21,Premium,UAE,Partner,SMB,2,229.4,11.54,217.86,125.31,92.55,206.26,2025,2025-06,Q2
ORD-006067,2026-07-10,Premium,UAE,Direct,SMB,3,390.2,13.38,376.82,196.93,179.89,389.92,2026,2026-07,Q3
ORD-006068,2025-09-08,Plus,US,Online,SMB,1,79.71,5.27,74.44,42.41,32.03,75.09,2025,2025-09,Q3
ORD-006069,2025-07-12,Core,US,Direct,Mid-Market,9,411.2,15.65,395.55,184.89,210.66,365.49,2025,2025-07,Q3
ORD-006070,2025-09-10,Premium,UK,Direct,SMB,7,792.14,8.64,783.5,400.27,383.23,747.37,2025,2025-09,Q3
ORD-006071,2025-03-24,Plus,Germany,Direct,Mid-Market,5,391.78,18.73,373.05,199.74,173.31,379.38,2025,2025-03,Q1
ORD-006072,2025-07-08,Enterprise,US,Partner,Enterprise,3,751.2,7.15,744.05,411.41,332.64,675.97,2025,2025-07,Q3
ORD-006073,2025-10-20,Core,India,Direct,Enterprise,3,141.6,1.21,140.39,59.97,80.42,132.14,2025,2025-10,Q4
ORD-006074,2025-03-24,Core,US,Online,Enterprise,2,89.49,8.03,81.46,48.24,33.22,82.71,2025,2025-03,Q1
ORD-006075,2026-02-05,Enterprise,India,Direct,Mid-Market,2,499.58,1.84,497.74,296.12,201.62,566.82,2026,2026-02,Q1
ORD-006076,2026-02-20,Core,UK,Direct,SMB,1,46.12,1.86,44.26,22.36,21.9,39.98,2026,2026-02,Q1
ORD-006077,2026-06-28,Plus,India,Direct,Mid-Market,5,381.11,14.97,366.14,230.11,136.03,333.05,2026,2026-06,Q2
ORD-006078,2025-02-20,Enterprise,India,Direct,SMB,2,438.07,24.41,413.66,247.5,166.16,402.83,2025,2025-02,Q1
ORD-006079,2026-04-03,Premium,Germany,Direct,Enterprise,4,460.94,20.74,440.2,264.93,175.27,494.43,2026,2026-04,Q2
ORD-006080,2025-05-07,Enterprise,UK,Partner,SMB,3,658.45,56.97,601.48,265.05,336.43,555.99,2025,2025-05,Q2
ORD-006081,2025-07-10,Core,US,Direct,Mid-Market,3,137.56,10.29,127.27,62.46,64.81,121.52,2025,2025-07,Q3
ORD-006082,2025-08-08,Plus,US,Online,SMB,3,236.67,4.39,232.28,105.42,126.86,232.17,2025,2025-08,Q3
ORD-006083,2025-08-26,Core,UK,Online,Mid-Market,2,88.3,4.83,83.47,47.33,36.14,79.85,2025,2025-08,Q3
ORD-006084,2026-04-09,Core,UAE,Direct,SMB,2,88.41,3.67,84.74,52.32,32.42,88.26,2026,2026-04,Q2
ORD-006085,2025-04-24,Plus,UK,Direct,Enterprise,5,345.34,6.01,339.33,157.71,181.62,381.25,2025,2025-04,Q2
ORD-006086,2025-11-07,Enterprise,UK,Direct,SMB,6,1574.33,81.29,1493.04,644.73,848.31,1417.72,2025,2025-11,Q4
ORD-006087,2025-03-12,Core,US,Online,SMB,2,92.45,4.64,87.81,55.65,32.16,89.51,2025,2025-03,Q1
ORD-006088,2026-02-11,Premium,UK,Direct,Enterprise,2,263.07,3.77,259.3,153.09,106.21,282.16,2026,2026-02,Q1
ORD-006089,2025-07-11,Core,India,Direct,SMB,3,136.61,7.42,129.19,84.76,44.43,136.52,2025,2025-07,Q3
ORD-006090,2025-05-31,Plus,UK,Online,SMB,2,156.8,4.6,152.2,90.48,61.72,151.43,2025,2025-05,Q2
ORD-006091,2026-05-28,Core,Germany,Partner,SMB,2,92.37,3.42,88.95,57.1,31.85,81.09,2026,2026-05,Q2
ORD-006092,2025-06-20,Plus,UK,Direct,Enterprise,2,157.39,1.75,155.64,96.16,59.48,149.66,2025,2025-06,Q2
ORD-006093,2026-01-29,Plus,UK,Direct,SMB,1,72.83,6.28,66.55,35.83,30.72,72.74,2026,2026-01,Q1
ORD-006094,2025-07-17,Core,UK,Online,Mid-Market,2,92.61,1.96,90.65,48.53,42.12,89.07,2025,2025-07,Q3
ORD-006095,2025-12-06,Plus,India,Partner,SMB,4,285.02,14.95,270.07,128.42,141.65,302.78,2025,2025-12,Q4
ORD-006096,2025-04-20,Core,India,Partner,Mid-Market,4,169.44,12.49,156.95,84.86,72.09,164.69,2025,2025-04,Q2
ORD-006097,2026-07-25,Plus,India,Online,Mid-Market,4,317.49,19.53,297.96,143.83,154.13,281.05,2026,2026-07,Q3
ORD-006098,2025-04-16,Core,UK,Online,Mid-Market,5,220.57,4.42,216.15,129.42,86.73,230.16,2025,2025-04,Q2
ORD-006099,2025-01-26,Enterprise,UK,Direct,SMB,1,226.21,6.77,219.44,128.63,90.81,249.98,2025,2025-01,Q1
ORD-006100,2026-04-28,Plus,US,Direct,SMB,2,155.67,10.63,145.04,73.4,71.64,147.73,2026,2026-04,Q2
ORD-006101,2025-05-20,Plus,UAE,Direct,Mid-Market,3,205.19,2.55,202.64,90.42,112.22,200.58,2025,2025-05,Q2
ORD-006102,2025-01-10,Plus,US,Direct,Enterprise,6,477.69,30.83,446.86,204.49,242.37,439.42,2025,2025-01,Q1
ORD-006103,2026-07-07,Plus,UK,Partner,Enterprise,7,566.87,23.95,542.92,349.34,193.58,542.19,2026,2026-07,Q3
ORD-006104,2025-01-26,Core,US,Direct,Mid-Market,2,97.94,2.86,95.08,50.44,44.64,92.63,2025,2025-01,Q1
ORD-006105,2025-10-06,Enterprise,India,Online,SMB,5,1161.38,13.41,1147.97,649.25,498.72,1283.96,2025,2025-10,Q4
ORD-006106,2025-03-14,Premium,India,Direct,SMB,2,238.76,7.92,230.84,121.73,109.11,205.91,2025,2025-03,Q1
ORD-006107,2025-05-10,Plus,UK,Online,Enterprise,5,384.92,19.14,365.78,180.95,184.83,389.81,2025,2025-05,Q2
ORD-006108,2025-03-10,Enterprise,UAE,Direct,SMB,4,1054.8,56.2,998.6,468.57,530.03,1020.4,2025,2025-03,Q1
ORD-006109,2025-06-25,Plus,UK,Direct,SMB,2,152.23,3.82,148.41,91.85,56.56,162.82,2025,2025-06,Q2
ORD-006110,2025-11-09,Premium,US,Direct,Enterprise,5,554.24,58.84,495.4,240.26,255.14,449.22,2025,2025-11,Q4
ORD-006111,2026-04-25,Plus,Germany,Online,SMB,1,78.73,2.63,76.1,46.0,30.1,79.42,2026,2026-04,Q2
ORD-006112,2025-08-15,Plus,India,Partner,Enterprise,1,80.29,6.39,73.9,40.62,33.28,68.07,2025,2025-08,Q3
ORD-006113,2026-05-07,Enterprise,UAE,Partner,Enterprise,1,244.46,2.03,242.43,118.59,123.84,275.61,2026,2026-05,Q2
ORD-006114,2025-01-01,Core,Germany,Direct,Mid-Market,8,332.88,2.88,330.0,161.59,168.41,344.46,2025,2025-01,Q1
ORD-006115,2025-01-05,Premium,India,Direct,SMB,3,381.73,19.02,362.71,223.73,138.98,339.2,2025,2025-01,Q1
ORD-006116,2026-02-18,Enterprise,UAE,Direct,Mid-Market,5,1198.92,59.94,1138.98,734.02,404.96,1152.15,2026,2026-02,Q1
ORD-006117,2026-06-09,Plus,US,Direct,SMB,5,346.67,3.25,343.42,217.3,126.12,316.37,2026,2026-06,Q2
ORD-006118,2026-05-07,Core,UK,Online,SMB,2,91.91,4.45,87.46,38.29,49.17,86.19,2026,2026-05,Q2
ORD-006119,2025-08-05,Enterprise,India,Online,SMB,4,925.17,11.4,913.77,606.9,306.87,816.69,2025,2025-08,Q3
ORD-006120,2026-02-22,Plus,US,Online,Enterprise,1,70.14,3.45,66.69,41.05,25.64,74.53,2026,2026-02,Q1
ORD-006121,2026-02-22,Core,UK,Online,Enterprise,1,49.3,2.37,46.93,22.94,23.99,45.36,2026,2026-02,Q1
ORD-006122,2025-03-13,Core,UK,Direct,Mid-Market,6,270.95,2.71,268.24,139.18,129.06,253.96,2025,2025-03,Q1
ORD-006123,2025-02-10,Enterprise,UK,Partner,Mid-Market,2,515.45,2.75,512.7,257.92,254.78,457.7,2025,2025-02,Q1
ORD-006124,2025-11-30,Premium,UK,Online,SMB,2,230.3,8.73,221.57,141.19,80.38,238.82,2025,2025-11,Q4
ORD-006125,2026-02-06,Core,UAE,Partner,Mid-Market,1,42.32,3.41,38.91,19.68,19.23,38.14,2026,2026-02,Q1
ORD-006126,2025-10-02,Premium,Germany,Direct,SMB,8,1016.56,107.64,908.92,417.37,491.55,1010.01,2025,2025-10,Q4
ORD-006127,2025-11-24,Plus,UK,Direct,Enterprise,2,143.71,5.71,138.0,90.76,47.24,122.32,2025,2025-11,Q4
ORD-006128,2025-03-16,Enterprise,India,Direct,SMB,1,237.76,15.76,222.0,119.03,102.97,212.81,2025,2025-03,Q1
ORD-006129,2026-03-25,Enterprise,UAE,Partner,Mid-Market,4,963.49,23.14,940.35,428.87,511.48,1032.13,2026,2026-03,Q1
ORD-006130,2025-09-14,Core,UK,Online,Mid-Market,4,196.14,12.29,183.85,87.75,96.1,192.16,2025,2025-09,Q3
ORD-006131,2025-03-13,Plus,India,Online,Enterprise,5,355.32,8.8,346.52,231.73,114.79,308.92,2025,2025-03,Q1
ORD-006132,2025-06-15,Core,India,Partner,Mid-Market,2,97.17,4.75,92.42,61.56,30.86,102.15,2025,2025-06,Q2
ORD-006133,2025-10-28,Enterprise,UAE,Direct,Mid-Market,3,744.55,32.23,712.32,299.59,412.73,728.19,2025,2025-10,Q4
ORD-006134,2025-02-11,Plus,UK,Direct,SMB,4,280.62,4.0,276.62,167.05,109.57,271.12,2025,2025-02,Q1
ORD-006135,2026-03-21,Premium,UK,Online,Mid-Market,1,123.45,1.27,122.18,51.91,70.27,116.36,2026,2026-03,Q1
ORD-006136,2025-03-18,Plus,India,Partner,Enterprise,4,292.98,5.6,287.38,182.56,104.82,278.19,2025,2025-03,Q1
ORD-006137,2025-06-07,Plus,UK,Direct,SMB,1,81.2,0.4,80.8,43.01,37.79,90.04,2025,2025-06,Q2
ORD-006138,2025-09-15,Premium,India,Partner,SMB,2,216.78,4.1,212.68,121.29,91.39,215.44,2025,2025-09,Q3
ORD-006139,2026-01-22,Enterprise,UK,Online,SMB,2,446.15,42.38,403.77,207.64,196.13,444.8,2026,2026-01,Q1
ORD-006140,2025-07-19,Enterprise,UK,Online,SMB,1,256.24,7.36,248.88,166.16,82.72,278.36,2025,2025-07,Q3
ORD-006141,2025-04-17,Plus,India,Direct,SMB,4,285.74,23.7,262.04,159.53,102.51,270.35,2025,2025-04,Q2
ORD-006142,2026-02-14,Core,India,Direct,Mid-Market,3,141.63,4.65,136.98,62.06,74.92,136.82,2026,2026-02,Q1
ORD-006143,2026-03-26,Plus,UAE,Partner,Enterprise,4,311.66,11.78,299.88,129.04,170.84,296.18,2026,2026-03,Q1
ORD-006144,2026-03-27,Plus,Germany,Online,Mid-Market,5,412.38,15.92,396.46,221.17,175.29,386.16,2026,2026-03,Q1
ORD-006145,2025-09-16,Plus,UK,Direct,Enterprise,1,80.73,1.78,78.95,36.65,42.3,89.17,2025,2025-09,Q3
ORD-006146,2025-09-10,Plus,UK,Partner,Enterprise,1,73.86,0.46,73.4,41.22,32.18,66.52,2025,2025-09,Q3
ORD-006147,2025-12-12,Premium,UK,Direct,SMB,1,113.41,1.7,111.71,58.35,53.36,112.26,2025,2025-12,Q4
ORD-006148,2026-03-18,Premium,UAE,Online,SMB,3,340.85,6.58,334.27,177.74,156.53,357.53,2026,2026-03,Q1
ORD-006149,2026-03-04,Plus,Germany,Direct,SMB,3,234.34,21.53,212.81,136.66,76.15,223.38,2026,2026-03,Q1
ORD-006150,2026-07-12,Core,US,Direct,Enterprise,2,84.16,0.41,83.75,44.37,39.38,94.54,2026,2026-07,Q3
ORD-006151,2025-10-19,Enterprise,Germany,Partner,SMB,2,508.75,0.75,508.0,264.98,243.02,536.96,2025,2025-10,Q4
ORD-006152,2025-03-22,Premium,UK,Partner,SMB,5,602.52,8.72,593.8,305.68,288.12,584.69,2025,2025-03,Q1
ORD-006153,2026-06-11,Core,UK,Partner,Mid-Market,1,44.63,4.36,40.27,23.44,16.83,35.58,2026,2026-06,Q2
ORD-006154,2026-02-10,Enterprise,UK,Direct,Mid-Market,1,220.36,8.5,211.86,134.57,77.29,188.95,2026,2026-02,Q1
ORD-006155,2025-07-19,Enterprise,UK,Direct,SMB,9,2203.49,87.73,2115.76,988.25,1127.51,1914.81,2025,2025-07,Q3
ORD-006156,2025-01-19,Enterprise,India,Partner,SMB,7,1547.44,44.3,1503.14,902.9,600.24,1598.61,2025,2025-01,Q1
ORD-006157,2026-03-05,Core,US,Direct,Mid-Market,1,44.59,1.09,43.5,27.36,16.14,42.27,2026,2026-03,Q1
ORD-006158,2026-07-16,Plus,UK,Partner,Mid-Market,3,247.29,8.7,238.59,112.12,126.47,243.23,2026,2026-07,Q3
ORD-006159,2025-12-01,Enterprise,India,Direct,Mid-Market,2,493.52,7.92,485.6,314.56,171.04,456.91,2025,2025-12,Q4
ORD-006160,2025-01-12,Premium,UAE,Partner,Mid-Market,5,600.52,111.43,489.09,235.75,253.34,520.25,2025,2025-01,Q1
ORD-006161,2025-01-31,Core,India,Online,Mid-Market,4,166.64,15.16,151.48,83.65,67.83,171.18,2025,2025-01,Q1
ORD-006162,2025-04-25,Enterprise,UK,Direct,SMB,8,1803.16,106.79,1696.37,1102.42,593.95,1841.58,2025,2025-04,Q2
ORD-006163,2026-04-03,Plus,UK,Online,SMB,1,69.03,1.94,67.09,31.55,35.54,67.88,2026,2026-04,Q2
ORD-006164,2025-01-08,Enterprise,UAE,Direct,Mid-Market,3,758.2,10.74,747.46,371.14,376.32,816.41,2025,2025-01,Q1
ORD-006165,2026-03-14,Core,UK,Partner,Enterprise,4,164.75,1.75,163.0,75.01,87.99,161.41,2026,2026-03,Q1
ORD-006166,2025-02-15,Enterprise,US,Direct,Mid-Market,5,1252.47,59.91,1192.56,722.98,469.58,1243.68,2025,2025-02,Q1
ORD-006167,2025-12-06,Plus,UAE,Direct,Enterprise,4,273.63,24.52,249.11,111.31,137.8,263.72,2025,2025-12,Q4
ORD-006168,2025-01-30,Premium,UK,Online,SMB,1,108.31,2.96,105.35,55.98,49.37,112.05,2025,2025-01,Q1
ORD-006169,2025-05-09,Plus,India,Online,SMB,2,153.73,1.02,152.71,80.23,72.48,161.77,2025,2025-05,Q2
ORD-006170,2026-01-07,Premium,US,Online,Enterprise,3,357.93,12.09,345.84,205.24,140.6,363.8,2026,2026-01,Q1
ORD-006171,2025-02-26,Core,UK,Online,SMB,2,98.09,4.96,93.13,53.14,39.99,82.2,2025,2025-02,Q1
ORD-006172,2025-09-28,Core,US,Partner,SMB,1,48.89,0.88,48.01,21.94,26.07,49.28,2025,2025-09,Q3
ORD-006173,2025-04-10,Premium,UAE,Partner,Enterprise,3,351.58,10.2,341.38,164.81,176.57,325.7,2025,2025-04,Q2
ORD-006174,2026-07-07,Premium,US,Partner,SMB,2,238.0,4.85,233.15,106.6,126.55,235.59,2026,2026-07,Q3
ORD-006175,2025-11-01,Core,UK,Direct,Mid-Market,2,88.63,6.71,81.92,39.49,42.43,85.52,2025,2025-11,Q4
ORD-006176,2025-02-15,Plus,Germany,Direct,Enterprise,1,71.06,0.87,70.19,41.59,28.6,74.79,2025,2025-02,Q1
ORD-006177,2025-05-15,Premium,UK,Direct,SMB,1,120.44,0.31,120.13,75.36,44.77,136.22,2025,2025-05,Q2
ORD-006178,2025-11-18,Enterprise,UAE,Online,Mid-Market,2,437.78,2.49,435.29,206.92,228.37,473.89,2025,2025-11,Q4
ORD-006179,2025-01-01,Core,UK,Direct,Enterprise,2,91.23,1.28,89.95,55.11,34.84,100.04,2025,2025-01,Q1
ORD-006180,2025-09-24,Enterprise,Germany,Direct,Mid-Market,2,508.75,10.25,498.5,299.8,198.7,524.98,2025,2025-09,Q3
ORD-006181,2025-02-06,Premium,Germany,Partner,Mid-Market,9,981.14,40.66,940.48,595.25,345.23,834.9,2025,2025-02,Q1
ORD-006182,2026-04-21,Enterprise,US,Direct,Mid-Market,2,513.73,5.68,508.05,309.94,198.11,531.61,2026,2026-04,Q2
ORD-006183,2025-07-15,Plus,US,Direct,SMB,1,78.66,4.28,74.38,43.62,30.76,79.54,2025,2025-07,Q3
ORD-006184,2025-10-21,Core,Germany,Partner,Mid-Market,1,41.92,3.74,38.18,17.91,20.27,39.86,2025,2025-10,Q4
ORD-006185,2026-05-05,Plus,UAE,Direct,Enterprise,3,241.54,10.43,231.11,137.78,93.33,232.54,2026,2026-05,Q2
ORD-006186,2026-07-13,Core,UAE,Partner,SMB,8,362.4,18.47,343.93,197.31,146.62,331.66,2026,2026-07,Q3
ORD-006187,2025-07-11,Premium,UAE,Direct,SMB,1,114.17,0.77,113.4,72.82,40.58,114.68,2025,2025-07,Q3
ORD-006188,2025-08-19,Plus,UK,Direct,SMB,17,1321.16,18.55,1302.61,638.32,664.29,1196.82,2025,2025-08,Q3
ORD-006189,2025-08-24,Plus,UAE,Online,Enterprise,3,220.8,18.35,202.45,101.99,100.46,190.75,2025,2025-08,Q3
ORD-006190,2025-05-31,Plus,UAE,Online,SMB,7,520.67,12.41,508.26,239.41,268.85,565.55,2025,2025-05,Q2
ORD-006191,2025-07-20,Enterprise,India,Online,Mid-Market,3,672.64,14.73,657.91,343.02,314.89,593.58,2025,2025-07,Q3
ORD-006192,2026-01-25,Premium,UAE,Direct,Mid-Market,2,223.13,4.95,218.18,115.48,102.7,242.75,2026,2026-01,Q1
ORD-006193,2025-07-12,Core,India,Online,SMB,2,85.93,3.32,82.61,44.59,38.02,90.97,2025,2025-07,Q3
ORD-006194,2025-09-02,Plus,UAE,Partner,SMB,3,240.53,8.63,231.9,123.84,108.06,221.16,2025,2025-09,Q3
ORD-006195,2026-01-02,Core,US,Direct,SMB,2,83.71,0.35,83.36,49.74,33.62,79.55,2026,2026-01,Q1
ORD-006196,2025-08-08,Premium,UK,Partner,Mid-Market,3,353.89,3.19,350.7,233.29,117.41,336.34,2025,2025-08,Q3
ORD-006197,2025-06-23,Premium,UAE,Online,Mid-Market,1,126.46,3.8,122.66,53.14,69.52,124.07,2025,2025-06,Q2
ORD-006198,2025-05-13,Plus,UK,Direct,SMB,3,231.36,9.51,221.85,103.3,118.55,227.07,2025,2025-05,Q2
ORD-006199,2026-04-30,Enterprise,UAE,Online,SMB,6,1309.8,68.73,1241.07,779.73,461.34,1171.32,2026,2026-04,Q2
ORD-006200,2025-12-22,Core,US,Direct,SMB,2,84.34,1.59,82.75,52.17,30.58,80.46,2025,2025-12,Q4
ORD-006201,2025-07-04,Core,UK,Online,SMB,1,49.31,3.5,45.81,27.18,18.63,44.11,2025,2025-07,Q3
ORD-006202,2025-03-03,Premium,UK,Partner,Mid-Market,2,249.24,6.35,242.89,113.77,129.12,237.8,2025,2025-03,Q1
ORD-006203,2025-01-28,Core,US,Partner,SMB,2,88.24,1.97,86.27,45.96,40.31,88.88,2025,2025-01,Q1
ORD-006204,2026-04-25,Core,US,Partner,SMB,3,134.79,2.61,132.18,70.57,61.61,149.39,2026,2026-04,Q2
ORD-006205,2026-06-08,Core,UAE,Online,Mid-Market,3,131.9,1.58,130.32,72.66,57.66,139.73,2026,2026-06,Q2
ORD-006206,2026-01-14,Plus,Germany,Partner,Enterprise,2,141.63,5.53,136.1,90.88,45.22,143.41,2026,2026-01,Q1
ORD-006207,2025-03-02,Premium,UAE,Direct,Enterprise,3,372.54,6.5,366.04,157.4,208.64,356.36,2025,2025-03,Q1
ORD-006208,2026-01-02,Plus,UK,Online,SMB,2,139.2,0.55,138.65,65.99,72.66,133.91,2026,2026-01,Q1
ORD-006209,2026-04-01,Premium,UK,Online,Mid-Market,6,779.61,100.65,678.96,405.83,273.13,715.9,2026,2026-04,Q2
ORD-006210,2025-04-19,Core,UK,Online,Mid-Market,2,98.6,1.02,97.58,63.76,33.82,110.24,2025,2025-04,Q2
ORD-006211,2025-04-06,Core,US,Partner,Enterprise,2,84.75,6.33,78.42,34.57,43.85,82.07,2025,2025-04,Q2
ORD-006212,2025-08-17,Core,UAE,Direct,Mid-Market,3,122.67,4.54,118.13,72.08,46.05,114.17,2025,2025-08,Q3
ORD-006213,2026-02-26,Premium,Germany,Online,Enterprise,1,119.5,3.57,115.93,72.7,43.23,125.1,2026,2026-02,Q1
ORD-006214,2025-04-24,Core,US,Partner,SMB,3,134.61,4.1,130.51,58.78,71.73,136.49,2025,2025-04,Q2
ORD-006215,2025-05-28,Core,UAE,Partner,SMB,1,42.3,1.49,40.81,24.56,16.25,44.11,2025,2025-05,Q2
ORD-006216,2025-01-23,Plus,India,Partner,SMB,1,68.97,4.48,64.49,42.23,22.26,61.21,2025,2025-01,Q1
ORD-006217,2025-07-12,Enterprise,UK,Online,Enterprise,3,697.16,39.89,657.27,300.48,356.79,698.52,2025,2025-07,Q3
ORD-006218,2026-03-09,Premium,UK,Online,Enterprise,4,485.96,10.7,475.26,260.49,214.77,495.81,2026,2026-03,Q1
ORD-006219,2025-02-09,Enterprise,UK,Direct,Enterprise,3,681.37,71.85,609.52,260.14,349.38,624.96,2025,2025-02,Q1
ORD-006220,2026-04-22,Plus,Germany,Partner,Enterprise,2,136.51,3.87,132.64,76.4,56.24,136.86,2026,2026-04,Q2
ORD-006221,2025-06-13,Premium,India,Direct,Enterprise,3,346.35,26.83,319.52,134.3,185.22,309.71,2025,2025-06,Q2
ORD-006222,2025-04-11,Enterprise,UK,Partner,SMB,5,1148.23,26.39,1121.84,747.22,374.62,1045.16,2025,2025-04,Q2
ORD-006223,2025-11-09,Premium,UAE,Partner,Mid-Market,7,807.15,25.34,781.81,426.58,355.23,707.35,2025,2025-11,Q4
ORD-006224,2025-09-20,Plus,UAE,Partner,Mid-Market,5,407.36,6.55,400.81,212.62,188.19,376.66,2025,2025-09,Q3
ORD-006225,2025-01-25,Plus,India,Partner,Mid-Market,4,322.9,4.43,318.47,144.0,174.47,283.87,2025,2025-01,Q1
ORD-006226,2026-03-13,Plus,UK,Direct,SMB,2,152.66,3.33,149.33,74.19,75.14,170.04,2026,2026-03,Q1
ORD-006227,2025-04-04,Enterprise,Germany,Direct,Mid-Market,2,505.87,47.91,457.96,217.35,240.61,521.54,2025,2025-04,Q2
ORD-006228,2025-05-15,Premium,UAE,Direct,SMB,3,350.11,12.11,338.0,184.59,153.41,308.32,2025,2025-05,Q2
ORD-006229,2025-06-20,Premium,India,Online,Enterprise,2,230.65,1.82,228.83,122.1,106.73,260.86,2025,2025-06,Q2
ORD-006230,2025-08-27,Enterprise,Germany,Online,Mid-Market,5,1163.07,65.97,1097.1,579.33,517.77,978.39,2025,2025-08,Q3
ORD-006231,2025-05-10,Premium,UK,Direct,Mid-Market,2,254.75,1.3,253.45,109.98,143.47,246.48,2025,2025-05,Q2
ORD-006232,2026-02-12,Premium,UAE,Direct,SMB,5,646.62,45.11,601.51,261.33,340.18,578.43,2026,2026-02,Q1
ORD-006233,2026-02-15,Plus,India,Partner,SMB,1,69.76,1.47,68.29,41.72,26.57,72.19,2026,2026-02,Q1
ORD-006234,2025-01-20,Plus,UK,Partner,Enterprise,2,135.15,1.81,133.34,76.3,57.04,134.38,2025,2025-01,Q1
ORD-006235,2026-03-03,Enterprise,Germany,Online,SMB,4,888.86,23.91,864.95,499.25,365.7,768.51,2026,2026-03,Q1
ORD-006236,2025-01-03,Plus,US,Direct,Enterprise,2,151.7,2.9,148.8,72.69,76.11,143.81,2025,2025-01,Q1
ORD-006237,2026-02-23,Enterprise,Germany,Direct,Mid-Market,1,241.92,4.27,237.65,151.84,85.81,248.25,2026,2026-02,Q1
ORD-006238,2026-02-09,Plus,UK,Direct,Enterprise,1,78.28,0.88,77.4,45.74,31.66,83.78,2026,2026-02,Q1
ORD-006239,2025-12-22,Core,UK,Online,SMB,4,193.85,19.2,174.65,99.05,75.6,192.75,2025,2025-12,Q4
ORD-006240,2025-09-05,Plus,UAE,Direct,SMB,5,407.96,8.67,399.29,259.9,139.39,368.85,2025,2025-09,Q3
ORD-006241,2026-06-08,Core,UK,Direct,Enterprise,3,144.79,5.9,138.89,73.29,65.6,157.16,2026,2026-06,Q2
ORD-006242,2025-04-24,Premium,UAE,Direct,Enterprise,3,378.41,7.71,370.7,238.2,132.5,344.52,2025,2025-04,Q2
ORD-006243,2025-11-02,Core,India,Direct,SMB,1,41.56,0.41,41.15,22.05,19.1,40.93,2025,2025-11,Q4
ORD-006244,2025-05-16,Enterprise,Germany,Direct,Enterprise,3,710.53,62.56,647.97,417.88,230.09,665.37,2025,2025-05,Q2
ORD-006245,2026-05-14,Plus,India,Online,SMB,2,140.91,1.3,139.61,67.47,72.14,123.93,2026,2026-05,Q2
ORD-006246,2026-05-26,Plus,UAE,Direct,Mid-Market,1,75.18,12.48,62.7,26.61,36.09,68.19,2026,2026-05,Q2
ORD-006247,2025-03-07,Core,US,Direct,Mid-Market,2,94.32,1.25,93.07,49.4,43.67,98.61,2025,2025-03,Q1
ORD-006248,2025-03-08,Premium,UAE,Online,SMB,1,125.44,3.42,122.02,77.13,44.89,123.68,2025,2025-03,Q1
ORD-006249,2026-06-19,Premium,UAE,Direct,Enterprise,7,785.05,73.01,712.04,392.27,319.77,757.32,2026,2026-06,Q2
ORD-006250,2026-03-17,Premium,India,Partner,Mid-Market,3,327.07,5.64,321.43,168.67,152.76,329.39,2026,2026-03,Q1
ORD-006251,2025-06-24,Plus,India,Online,SMB,5,402.95,44.33,358.62,173.89,184.73,358.35,2025,2025-06,Q2
ORD-006252,2025-08-10,Core,UK,Partner,Mid-Market,4,176.22,2.07,174.15,100.7,73.45,176.35,2025,2025-08,Q3
ORD-006253,2025-09-29,Premium,UK,Direct,SMB,2,233.52,35.21,198.31,115.89,82.42,214.81,2025,2025-09,Q3
ORD-006254,2025-01-15,Premium,US,Direct,Enterprise,3,395.81,41.54,354.27,194.16,160.11,390.48,2025,2025-01,Q1
ORD-006255,2026-06-08,Enterprise,UK,Online,Mid-Market,3,759.84,81.53,678.31,419.11,259.2,643.27,2026,2026-06,Q2
ORD-006256,2026-03-22,Premium,India,Partner,Mid-Market,2,243.48,9.01,234.47,113.99,120.48,217.54,2026,2026-03,Q1
ORD-006257,2025-06-14,Premium,US,Partner,SMB,7,876.47,6.14,870.33,555.92,314.41,903.73,2025,2025-06,Q2
ORD-006258,2026-07-21,Plus,UK,Direct,SMB,2,158.0,6.63,151.37,70.96,80.41,148.61,2026,2026-07,Q3
ORD-006259,2025-07-12,Core,UAE,Direct,Enterprise,3,124.72,2.07,122.65,68.07,54.58,130.11,2025,2025-07,Q3
ORD-006260,2026-06-29,Core,UK,Direct,SMB,5,242.25,14.84,227.41,126.03,101.38,225.57,2026,2026-06,Q2
ORD-006261,2025-04-28,Premium,India,Online,SMB,4,479.14,27.69,451.45,262.12,189.33,468.43,2025,2025-04,Q2
ORD-006262,2026-07-09,Core,India,Direct,SMB,7,301.64,16.12,285.52,136.04,149.48,277.52,2026,2026-07,Q3
ORD-006263,2025-06-25,Premium,India,Partner,SMB,4,521.98,49.51,472.47,207.01,265.46,538.32,2025,2025-06,Q2
ORD-006264,2025-04-05,Plus,UK,Online,Mid-Market,10,795.9,7.84,788.06,377.81,410.25,792.62,2025,2025-04,Q2
ORD-006265,2026-04-16,Premium,UK,Direct,Mid-Market,2,261.29,1.93,259.36,173.18,86.18,244.65,2026,2026-04,Q2
ORD-006266,2026-07-24,Core,Germany,Direct,Mid-Market,4,178.26,2.28,175.98,117.88,58.1,155.81,2026,2026-07,Q3
ORD-006267,2026-01-14,Enterprise,India,Partner,SMB,2,459.85,8.39,451.46,251.74,199.72,481.91,2026,2026-01,Q1
ORD-006268,2025-10-17,Plus,India,Direct,SMB,3,213.91,12.36,201.55,126.51,75.04,178.35,2025,2025-10,Q4
ORD-006269,2025-01-06,Plus,India,Partner,SMB,2,155.75,6.22,149.53,98.48,51.05,163.59,2025,2025-01,Q1
ORD-006270,2025-08-18,Core,India,Online,Enterprise,3,122.0,9.42,112.58,68.35,44.23,109.45,2025,2025-08,Q3
ORD-006271,2026-06-30,Enterprise,Germany,Direct,Mid-Market,6,1555.28,149.88,1405.4,916.7,488.7,1404.9,2026,2026-06,Q2
ORD-006272,2025-08-26,Plus,India,Online,Mid-Market,1,77.0,2.8,74.2,40.88,33.32,65.55,2025,2025-08,Q3
ORD-006273,2026-07-07,Plus,US,Online,SMB,1,80.12,1.54,78.58,36.54,42.04,77.19,2026,2026-07,Q3
ORD-006274,2026-07-27,Enterprise,India,Direct,SMB,11,2529.24,213.16,2316.08,1442.21,873.87,2067.96,2026,2026-07,Q3
ORD-006275,2026-03-27,Plus,UK,Partner,Enterprise,3,220.46,4.93,215.53,125.87,89.66,222.4,2026,2026-03,Q1
ORD-006276,2025-07-27,Core,UAE,Online,Mid-Market,4,196.36,2.48,193.88,115.93,77.95,171.32,2025,2025-07,Q3
ORD-006277,2025-02-22,Premium,UK,Online,Mid-Market,3,335.89,17.32,318.57,158.56,160.01,284.32,2025,2025-02,Q1
ORD-006278,2026-04-26,Core,UK,Direct,Mid-Market,2,89.37,5.23,84.14,35.4,48.74,94.21,2026,2026-04,Q2
ORD-006279,2025-04-24,Plus,US,Online,SMB,2,142.02,5.83,136.19,66.26,69.93,151.13,2025,2025-04,Q2
ORD-006280,2025-12-22,Enterprise,UAE,Online,Enterprise,1,237.83,7.72,230.11,105.54,124.57,252.25,2025,2025-12,Q4
ORD-006281,2026-02-10,Premium,Germany,Partner,SMB,3,351.9,15.23,336.67,196.11,140.56,381.3,2026,2026-02,Q1
ORD-006282,2026-05-11,Enterprise,UK,Direct,SMB,6,1537.39,31.57,1505.82,998.55,507.27,1595.84,2026,2026-05,Q2
ORD-006283,2026-03-28,Core,UK,Direct,Mid-Market,4,167.11,2.3,164.81,77.92,86.89,164.8,2026,2026-03,Q1
ORD-006284,2025-01-29,Premium,US,Partner,Enterprise,3,378.18,24.42,353.76,224.47,129.29,333.16,2025,2025-01,Q1
ORD-006285,2025-10-25,Plus,Germany,Partner,SMB,2,138.77,12.22,126.55,82.83,43.72,126.23,2025,2025-10,Q4
ORD-006286,2025-04-28,Enterprise,US,Partner,SMB,6,1530.58,112.2,1418.38,653.07,765.31,1418.32,2025,2025-04,Q2
ORD-006287,2025-12-10,Core,UAE,Direct,Enterprise,2,95.82,3.03,92.79,42.28,50.51,86.23,2025,2025-12,Q4
ORD-006288,2025-02-01,Premium,UK,Partner,Mid-Market,3,355.99,4.32,351.67,180.83,170.84,348.47,2025,2025-02,Q1
ORD-006289,2025-05-11,Plus,UK,Online,SMB,2,154.9,4.15,150.75,99.59,51.16,146.03,2025,2025-05,Q2
ORD-006290,2025-10-12,Core,UK,Partner,Mid-Market,1,40.56,2.36,38.2,18.69,19.51,39.39,2025,2025-10,Q4
ORD-006291,2025-02-19,Core,Germany,Direct,Enterprise,3,130.87,12.23,118.64,57.13,61.51,129.74,2025,2025-02,Q1
ORD-006292,2025-07-28,Core,UAE,Partner,SMB,5,220.37,10.76,209.61,106.29,103.32,225.83,2025,2025-07,Q3
ORD-006293,2025-04-25,Premium,India,Partner,Enterprise,1,116.59,0.69,115.9,77.22,38.68,107.2,2025,2025-04,Q2
ORD-006294,2025-07-26,Plus,India,Online,SMB,4,319.13,2.72,316.41,194.67,121.74,360.21,2025,2025-07,Q3
ORD-006295,2025-02-02,Plus,US,Online,Mid-Market,3,211.69,7.59,204.1,101.15,102.95,209.87,2025,2025-02,Q1
ORD-006296,2025-01-02,Premium,India,Direct,SMB,1,117.41,3.26,114.15,56.61,57.54,104.74,2025,2025-01,Q1
ORD-006297,2025-11-25,Core,UK,Online,SMB,3,138.93,1.07,137.86,64.86,73.0,139.6,2025,2025-11,Q4
ORD-006298,2026-02-06,Plus,US,Partner,Enterprise,1,70.07,3.67,66.4,34.17,32.23,68.54,2026,2026-02,Q1
ORD-006299,2026-06-28,Premium,UAE,Direct,SMB,2,245.33,11.07,234.26,148.94,85.32,235.95,2026,2026-06,Q2
ORD-006300,2025-10-26,Core,US,Direct,SMB,2,88.06,1.16,86.9,37.63,49.27,91.15,2025,2025-10,Q4
ORD-006301,2025-12-23,Core,UK,Partner,SMB,1,48.45,0.05,48.4,27.26,21.14,50.19,2025,2025-12,Q4
ORD-006302,2026-06-24,Core,UAE,Online,SMB,7,344.26,32.08,312.18,171.67,140.51,297.14,2026,2026-06,Q2
ORD-006303,2025-02-03,Plus,UK,Partner,Mid-Market,1,74.46,5.16,69.3,43.3,26.0,77.51,2025,2025-02,Q1
ORD-006304,2025-12-16,Plus,UK,Online,Enterprise,2,161.7,21.54,140.16,88.07,52.09,150.82,2025,2025-12,Q4
ORD-006305,2025-03-14,Premium,India,Partner,Enterprise,7,865.66,25.4,840.26,458.17,382.09,759.74,2025,2025-03,Q1
ORD-006306,2025-04-11,Core,Germany,Direct,Mid-Market,3,132.9,19.0,113.9,52.37,61.53,129.8,2025,2025-04,Q2
ORD-006307,2025-01-10,Plus,US,Direct,SMB,1,75.32,0.61,74.71,50.01,24.7,76.12,2025,2025-01,Q1
ORD-006308,2025-03-03,Plus,India,Online,Mid-Market,1,80.49,2.44,78.05,49.42,28.63,74.37,2025,2025-03,Q1
ORD-006309,2025-01-18,Enterprise,UAE,Direct,SMB,3,715.91,38.64,677.27,380.82,296.45,748.85,2025,2025-01,Q1
ORD-006310,2026-02-10,Premium,India,Online,Mid-Market,2,221.22,3.61,217.61,92.65,124.96,213.97,2026,2026-02,Q1
ORD-006311,2026-01-17,Plus,US,Direct,Enterprise,3,229.83,10.79,219.04,140.12,78.92,213.17,2026,2026-01,Q1
ORD-006312,2026-01-27,Core,India,Direct,SMB,2,87.77,3.84,83.93,48.85,35.08,80.93,2026,2026-01,Q1
ORD-006313,2025-04-25,Enterprise,Germany,Online,SMB,1,233.53,11.52,222.01,100.2,121.81,230.17,2025,2025-04,Q2
ORD-006314,2025-09-23,Premium,Germany,Direct,SMB,1,128.24,2.18,126.06,74.55,51.51,131.16,2025,2025-09,Q3
ORD-006315,2025-08-07,Core,US,Online,Enterprise,6,268.57,5.34,263.23,130.81,132.42,278.06,2025,2025-08,Q3
ORD-006316,2026-02-14,Core,US,Direct,Mid-Market,1,42.39,1.1,41.29,24.57,16.72,36.9,2026,2026-02,Q1
ORD-006317,2025-01-23,Plus,US,Online,SMB,7,540.69,43.95,496.74,266.01,230.73,496.32,2025,2025-01,Q1
ORD-006318,2025-07-29,Plus,UK,Online,Mid-Market,1,69.93,1.63,68.3,42.78,25.52,65.17,2025,2025-07,Q3
ORD-006319,2026-02-01,Enterprise,UAE,Direct,SMB,5,1210.22,62.95,1147.27,675.51,471.76,1131.78,2026,2026-02,Q1
ORD-006320,2025-04-18,Premium,UAE,Online,Mid-Market,2,238.02,15.84,222.18,137.9,84.28,206.57,2025,2025-04,Q2
ORD-006321,2026-02-23,Plus,US,Online,Mid-Market,4,270.4,8.76,261.64,156.46,105.18,296.74,2026,2026-02,Q1
ORD-006322,2026-07-31,Enterprise,US,Direct,Enterprise,2,485.13,6.17,478.96,247.33,231.63,457.73,2026,2026-07,Q3
ORD-006323,2025-03-31,Core,India,Partner,Enterprise,2,92.76,3.24,89.52,44.27,45.25,93.76,2025,2025-03,Q1
ORD-006324,2025-10-28,Core,Germany,Direct,SMB,4,173.24,8.86,164.38,87.7,76.68,160.47,2025,2025-10,Q4
ORD-006325,2026-03-10,Plus,India,Direct,Mid-Market,1,71.04,0.87,70.17,33.28,36.89,66.36,2026,2026-03,Q1
ORD-006326,2026-01-29,Plus,UK,Partner,Enterprise,2,158.91,10.13,148.78,83.45,65.33,157.55,2026,2026-01,Q1
ORD-006327,2025-10-17,Plus,US,Online,Mid-Market,2,149.73,12.86,136.87,91.13,45.74,155.09,2025,2025-10,Q4
ORD-006328,2026-07-05,Plus,US,Direct,Mid-Market,3,237.26,8.52,228.74,104.22,124.52,228.29,2026,2026-07,Q3
ORD-006329,2026-03-05,Premium,UK,Partner,Enterprise,6,674.2,3.28,670.92,390.73,280.19,736.9,2026,2026-03,Q1
ORD-006330,2025-09-26,Plus,UAE,Online,Enterprise,1,75.31,0.52,74.79,41.31,33.48,74.79,2025,2025-09,Q3
ORD-006331,2026-01-06,Core,UK,Partner,SMB,1,48.11,3.88,44.23,21.45,22.78,48.62,2026,2026-01,Q1
ORD-006332,2026-01-11,Premium,India,Direct,Mid-Market,2,242.41,16.2,226.21,99.1,127.11,250.37,2026,2026-01,Q1
ORD-006333,2025-06-24,Premium,India,Online,Mid-Market,2,258.89,11.82,247.07,135.36,111.71,252.92,2025,2025-06,Q2
ORD-006334,2026-04-08,Premium,UK,Direct,Mid-Market,3,392.1,27.92,364.18,224.76,139.42,339.79,2026,2026-04,Q2
ORD-006335,2025-03-07,Plus,Germany,Direct,Mid-Market,9,628.78,33.87,594.91,382.92,211.99,559.66,2025,2025-03,Q1
ORD-006336,2025-10-17,Premium,UK,Direct,Mid-Market,10,1145.51,79.3,1066.21,678.73,387.48,1007.14,2025,2025-10,Q4
ORD-006337,2025-10-17,Plus,UK,Partner,SMB,4,292.11,1.13,290.98,183.11,107.87,312.67,2025,2025-10,Q4
ORD-006338,2026-03-30,Premium,Germany,Online,SMB,1,121.27,4.22,117.05,63.48,53.57,129.48,2026,2026-03,Q1
ORD-006339,2025-09-12,Premium,UAE,Direct,SMB,1,121.7,19.05,102.65,54.18,48.47,98.96,2025,2025-09,Q3
ORD-006340,2026-07-15,Core,US,Partner,Enterprise,1,47.07,1.44,45.63,24.02,21.61,49.62,2026,2026-07,Q3
ORD-006341,2025-07-09,Enterprise,UK,Online,Enterprise,1,224.13,36.41,187.72,98.07,89.65,165.43,2025,2025-07,Q3
ORD-006342,2025-10-08,Premium,UK,Direct,SMB,1,127.63,2.84,124.79,72.99,51.8,139.43,2025,2025-10,Q4
ORD-006343,2026-01-15,Core,US,Partner,SMB,4,193.96,8.3,185.66,94.01,91.65,203.66,2026,2026-01,Q1
ORD-006344,2026-02-03,Enterprise,India,Online,SMB,2,458.09,23.76,434.33,270.41,163.92,432.4,2026,2026-02,Q1
ORD-006345,2025-03-22,Premium,UAE,Online,Mid-Market,1,110.56,4.51,106.05,64.0,42.05,113.93,2025,2025-03,Q1
ORD-006346,2025-10-14,Enterprise,UK,Direct,Mid-Market,5,1084.35,14.77,1069.58,563.16,506.42,969.62,2025,2025-10,Q4
ORD-006347,2025-01-03,Enterprise,Germany,Direct,Enterprise,1,260.31,12.5,247.81,127.22,120.59,224.16,2025,2025-01,Q1
ORD-006348,2025-04-07,Core,UK,Partner,SMB,2,85.79,3.65,82.14,43.74,38.4,75.08,2025,2025-04,Q2
ORD-006349,2025-12-23,Premium,UAE,Direct,Enterprise,1,119.55,1.25,118.3,77.72,40.58,124.48,2025,2025-12,Q4
ORD-006350,2025-01-08,Plus,UK,Partner,Enterprise,5,388.67,16.06,372.61,214.74,157.87,360.49,2025,2025-01,Q1
ORD-006351,2025-11-19,Core,UK,Online,SMB,1,44.17,0.92,43.25,24.58,18.67,39.65,2025,2025-11,Q4
ORD-006352,2025-01-06,Core,India,Direct,SMB,2,81.41,0.53,80.88,46.36,34.52,72.6,2025,2025-01,Q1
ORD-006353,2025-10-11,Enterprise,UK,Direct,SMB,2,498.11,12.09,486.02,307.76,178.26,540.4,2025,2025-10,Q4
ORD-006354,2026-03-17,Plus,India,Direct,SMB,1,69.02,4.16,64.86,37.24,27.62,73.12,2026,2026-03,Q1
ORD-006355,2025-02-19,Core,UK,Online,SMB,3,143.55,0.81,142.74,64.93,77.81,159.62,2025,2025-02,Q1
ORD-006356,2025-04-22,Premium,UK,Direct,SMB,3,391.76,33.53,358.23,213.22,145.01,382.26,2025,2025-04,Q2
ORD-006357,2025-03-28,Core,US,Online,SMB,3,142.99,2.44,140.55,93.45,47.1,130.53,2025,2025-03,Q1
ORD-006358,2025-05-20,Core,India,Partner,Enterprise,1,45.35,0.85,44.5,29.11,15.39,45.28,2025,2025-05,Q2
ORD-006359,2026-03-04,Premium,UK,Direct,Enterprise,6,684.25,25.56,658.69,370.03,288.66,584.39,2026,2026-03,Q1
ORD-006360,2026-06-15,Premium,UK,Direct,SMB,1,130.96,4.35,126.61,61.48,65.13,142.6,2026,2026-06,Q2
ORD-006361,2025-06-17,Core,India,Direct,Mid-Market,3,142.52,4.24,138.28,74.62,63.66,144.56,2025,2025-06,Q2
ORD-006362,2025-12-26,Core,US,Partner,Enterprise,1,42.63,0.44,42.19,26.41,15.78,39.99,2025,2025-12,Q4
ORD-006363,2026-04-05,Plus,India,Direct,Mid-Market,4,328.58,25.79,302.79,134.33,168.46,326.16,2026,2026-04,Q2
ORD-006364,2026-03-24,Plus,UAE,Partner,Enterprise,6,424.01,23.92,400.09,185.61,214.48,381.88,2026,2026-03,Q1
ORD-006365,2025-09-07,Core,UK,Partner,SMB,5,221.17,1.14,220.03,100.8,119.23,244.02,2025,2025-09,Q3
ORD-006366,2026-06-20,Premium,US,Online,SMB,3,325.53,9.83,315.7,183.76,131.94,316.9,2026,2026-06,Q2
ORD-006367,2026-06-22,Core,UAE,Direct,SMB,3,132.99,0.54,132.45,57.66,74.79,146.78,2026,2026-06,Q2
ORD-006368,2026-06-16,Enterprise,US,Direct,Enterprise,1,219.94,1.65,218.29,102.62,115.67,231.69,2026,2026-06,Q2
ORD-006369,2025-03-25,Premium,UAE,Online,Mid-Market,4,513.31,35.51,477.8,206.28,271.52,509.84,2025,2025-03,Q1
ORD-006370,2025-11-16,Premium,US,Online,SMB,2,256.32,0.76,255.56,142.8,112.76,231.58,2025,2025-11,Q4
ORD-006371,2025-09-23,Enterprise,India,Direct,Enterprise,3,760.39,44.21,716.18,380.14,336.04,805.98,2025,2025-09,Q3
ORD-006372,2025-08-16,Premium,UK,Direct,SMB,3,379.54,23.12,356.42,219.7,136.72,363.13,2025,2025-08,Q3
ORD-006373,2025-06-05,Core,Germany,Direct,SMB,1,45.42,1.39,44.03,20.31,23.72,45.4,2025,2025-06,Q2
ORD-006374,2025-01-23,Premium,Germany,Online,Mid-Market,5,651.8,48.03,603.77,286.76,317.01,559.28,2025,2025-01,Q1
ORD-006375,2025-08-09,Enterprise,India,Online,Enterprise,2,507.91,41.83,466.08,227.49,238.59,460.22,2025,2025-08,Q3
ORD-006376,2026-01-06,Core,UK,Direct,SMB,4,184.82,4.79,180.03,88.08,91.95,180.47,2026,2026-01,Q1
ORD-006377,2026-04-23,Plus,US,Direct,SMB,8,542.36,5.43,536.93,346.28,190.65,509.59,2026,2026-04,Q2
ORD-006378,2025-07-28,Premium,US,Direct,SMB,1,109.37,6.36,103.01,66.24,36.77,112.97,2025,2025-07,Q3
ORD-006379,2025-03-17,Enterprise,India,Partner,Mid-Market,3,781.56,45.71,735.85,373.72,362.13,838.05,2025,2025-03,Q1
ORD-006380,2025-08-18,Core,India,Direct,Mid-Market,4,181.93,5.85,176.08,86.33,89.75,173.6,2025,2025-08,Q3
ORD-006381,2025-12-01,Core,UK,Online,Enterprise,3,146.33,2.78,143.55,95.96,47.59,142.47,2025,2025-12,Q4
ORD-006382,2026-07-04,Enterprise,UK,Partner,Mid-Market,1,241.73,11.58,230.15,110.8,119.35,218.17,2026,2026-07,Q3
ORD-006383,2026-05-30,Core,UAE,Online,Enterprise,2,85.25,2.69,82.56,40.64,41.92,89.41,2026,2026-05,Q2
ORD-006384,2025-12-29,Plus,India,Direct,Mid-Market,2,137.76,2.91,134.85,69.44,65.41,134.65,2025,2025-12,Q4
ORD-006385,2025-07-15,Core,US,Direct,SMB,3,146.37,11.34,135.03,84.51,50.52,146.97,2025,2025-07,Q3
ORD-006386,2026-03-20,Core,US,Partner,Enterprise,2,96.57,0.21,96.36,48.36,48.0,101.29,2026,2026-03,Q1
ORD-006387,2026-01-26,Core,US,Direct,SMB,4,190.05,1.64,188.41,92.56,95.85,178.94,2026,2026-01,Q1
ORD-006388,2026-07-07,Core,Germany,Direct,Enterprise,2,92.16,0.53,91.63,47.97,43.66,100.31,2026,2026-07,Q3
ORD-006389,2026-04-16,Plus,India,Online,Mid-Market,2,137.91,3.24,134.67,75.16,59.51,133.37,2026,2026-04,Q2
ORD-006390,2026-02-03,Premium,India,Direct,SMB,3,377.06,8.92,368.14,212.46,155.68,354.99,2026,2026-02,Q1
ORD-006391,2026-04-21,Premium,UK,Partner,SMB,2,258.62,2.08,256.54,114.54,142.0,259.99,2026,2026-04,Q2
ORD-006392,2026-07-21,Plus,India,Direct,SMB,2,164.29,2.36,161.93,81.87,80.06,178.9,2026,2026-07,Q3
ORD-006393,2026-03-07,Plus,India,Online,Enterprise,1,79.01,5.33,73.68,32.56,41.12,83.84,2026,2026-03,Q1
ORD-006394,2025-11-30,Core,UK,Online,SMB,2,97.04,1.8,95.24,42.18,53.06,90.82,2025,2025-11,Q4
ORD-006395,2025-01-03,Plus,India,Direct,Mid-Market,7,546.66,8.68,537.98,296.4,241.58,609.84,2025,2025-01,Q1
ORD-006396,2026-07-15,Premium,India,Direct,SMB,5,645.58,31.82,613.76,302.15,311.61,584.5,2026,2026-07,Q3
ORD-006397,2025-03-22,Plus,UK,Direct,Mid-Market,3,204.35,9.18,195.17,109.92,85.25,181.44,2025,2025-03,Q1
ORD-006398,2025-06-05,Enterprise,India,Online,Enterprise,1,222.68,20.55,202.13,96.99,105.14,215.18,2025,2025-06,Q2
ORD-006399,2026-04-29,Core,US,Partner,SMB,3,139.76,16.37,123.39,76.23,47.16,122.42,2026,2026-04,Q2
ORD-006400,2026-07-19,Premium,UK,Online,Mid-Market,4,454.71,21.01,433.7,214.04,219.66,450.11,2026,2026-07,Q3
ORD-006401,2026-07-14,Plus,India,Direct,Mid-Market,1,74.13,4.38,69.75,37.37,32.38,69.16,2026,2026-07,Q3
ORD-006402,2025-02-13,Enterprise,India,Online,Enterprise,5,1210.24,67.18,1143.06,746.2,396.86,1011.59,2025,2025-02,Q1
ORD-006403,2025-06-29,Core,India,Direct,SMB,3,133.76,1.08,132.68,84.35,48.33,135.99,2025,2025-06,Q2
ORD-006404,2026-01-05,Plus,Germany,Direct,Enterprise,1,81.25,1.7,79.55,42.34,37.21,72.52,2026,2026-01,Q1
ORD-006405,2025-10-04,Premium,Germany,Online,Mid-Market,2,216.61,8.06,208.55,108.97,99.58,199.18,2025,2025-10,Q4
ORD-006406,2026-03-30,Core,UK,Partner,Mid-Market,5,214.15,3.66,210.49,120.53,89.96,232.52,2026,2026-03,Q1
ORD-006407,2025-05-09,Premium,UK,Online,SMB,4,468.12,2.18,465.94,201.32,264.62,436.19,2025,2025-05,Q2
ORD-006408,2025-04-17,Core,US,Direct,SMB,3,127.19,11.33,115.86,48.7,67.16,124.28,2025,2025-04,Q2
ORD-006409,2025-08-20,Premium,US,Online,Enterprise,2,232.85,5.19,227.66,101.6,126.06,211.49,2025,2025-08,Q3
ORD-006410,2026-04-03,Plus,UK,Partner,Mid-Market,1,73.85,7.22,66.63,31.93,34.7,75.56,2026,2026-04,Q2
ORD-006411,2025-11-03,Plus,UAE,Direct,Enterprise,1,75.09,3.82,71.27,37.03,34.24,79.52,2025,2025-11,Q4
ORD-006412,2025-07-18,Enterprise,UK,Partner,SMB,2,465.96,25.65,440.31,289.48,150.83,390.26,2025,2025-07,Q3
ORD-006413,2025-12-31,Premium,UAE,Online,Mid-Market,3,378.63,5.94,372.69,207.36,165.33,363.95,2025,2025-12,Q4
ORD-006414,2025-03-08,Plus,India,Online,Mid-Market,1,77.13,1.64,75.49,48.75,26.74,77.14,2025,2025-03,Q1
ORD-006415,2025-02-18,Plus,UAE,Partner,Mid-Market,3,205.46,2.7,202.76,122.36,80.4,218.39,2025,2025-02,Q1
ORD-006416,2025-03-04,Enterprise,India,Partner,SMB,2,523.91,21.76,502.15,243.83,258.32,570.34,2025,2025-03,Q1
ORD-006417,2025-06-16,Premium,US,Online,SMB,1,110.83,7.52,103.31,63.83,39.48,97.34,2025,2025-06,Q2
ORD-006418,2025-09-01,Enterprise,UK,Partner,SMB,3,666.85,19.22,647.63,419.12,228.51,590.22,2025,2025-09,Q3
ORD-006419,2025-11-08,Core,UK,Online,Enterprise,1,40.92,1.6,39.32,24.38,14.94,39.98,2025,2025-11,Q4
ORD-006420,2025-07-21,Premium,UK,Partner,Enterprise,2,243.94,4.45,239.49,144.32,95.17,250.39,2025,2025-07,Q3
ORD-006421,2025-03-06,Core,Germany,Online,Mid-Market,5,228.94,0.78,228.16,96.73,131.43,235.06,2025,2025-03,Q1
ORD-006422,2025-09-18,Core,US,Online,SMB,2,87.42,0.38,87.04,39.48,47.56,96.88,2025,2025-09,Q3
ORD-006423,2026-06-09,Core,US,Direct,Enterprise,1,45.46,0.13,45.33,22.69,22.64,46.6,2026,2026-06,Q2
ORD-006424,2025-06-29,Plus,Germany,Direct,Enterprise,3,239.08,2.46,236.62,117.14,119.48,253.97,2025,2025-06,Q2
ORD-006425,2025-10-10,Core,India,Direct,Mid-Market,9,374.38,16.05,358.33,192.55,165.78,352.45,2025,2025-10,Q4
ORD-006426,2025-08-18,Premium,US,Online,SMB,2,243.27,1.81,241.46,131.83,109.63,214.7,2025,2025-08,Q3
ORD-006427,2025-12-18,Premium,Germany,Direct,Enterprise,1,122.75,9.84,112.91,50.03,62.88,123.85,2025,2025-12,Q4
ORD-006428,2025-06-11,Core,UK,Online,SMB,4,169.57,5.76,163.81,94.84,68.97,169.36,2025,2025-06,Q2
ORD-006429,2026-05-14,Enterprise,UK,Partner,Enterprise,2,455.99,10.14,445.85,208.54,237.31,470.97,2026,2026-05,Q2
ORD-006430,2026-01-09,Enterprise,UK,Direct,Mid-Market,4,1040.18,9.11,1031.07,505.91,525.16,1031.62,2026,2026-01,Q1
ORD-006431,2026-06-08,Enterprise,US,Online,Mid-Market,2,506.57,2.08,504.49,315.53,188.96,559.47,2026,2026-06,Q2
ORD-006432,2026-02-21,Enterprise,India,Direct,SMB,2,440.92,23.47,417.45,193.64,223.81,383.3,2026,2026-02,Q1
ORD-006433,2025-07-11,Enterprise,UK,Online,SMB,2,520.45,52.84,467.61,256.15,211.46,498.36,2025,2025-07,Q3
ORD-006434,2026-05-28,Enterprise,UK,Direct,Mid-Market,1,249.11,5.91,243.2,115.93,127.27,270.6,2026,2026-05,Q2
ORD-006435,2025-01-11,Enterprise,Germany,Direct,Mid-Market,1,228.65,4.6,224.05,140.78,83.27,232.39,2025,2025-01,Q1
ORD-006436,2026-05-09,Enterprise,UK,Partner,Mid-Market,3,768.89,16.37,752.52,343.09,409.43,763.97,2026,2026-05,Q2
ORD-006437,2025-06-15,Plus,UK,Direct,Mid-Market,1,71.59,0.71,70.88,47.09,23.79,63.07,2025,2025-06,Q2
ORD-006438,2026-03-28,Premium,UK,Direct,Mid-Market,2,237.17,16.77,220.4,121.32,99.08,221.19,2026,2026-03,Q1
ORD-006439,2025-08-28,Enterprise,India,Direct,Enterprise,4,945.19,24.1,921.09,559.58,361.51,912.55,2025,2025-08,Q3
ORD-006440,2025-03-29,Core,UK,Direct,SMB,1,43.41,2.79,40.62,18.74,21.88,39.0,2025,2025-03,Q1
ORD-006441,2025-01-21,Enterprise,India,Online,Enterprise,3,675.35,15.16,660.19,279.6,380.59,594.64,2025,2025-01,Q1
ORD-006442,2025-05-29,Plus,Germany,Online,SMB,4,320.13,3.94,316.19,202.19,114.0,357.57,2025,2025-05,Q2
ORD-006443,2025-05-20,Core,Germany,Online,Enterprise,5,244.58,15.08,229.5,136.59,92.91,245.94,2025,2025-05,Q2
ORD-006444,2026-03-19,Plus,UK,Partner,SMB,2,164.18,13.87,150.31,97.12,53.19,134.85,2026,2026-03,Q1
ORD-006445,2025-08-19,Plus,US,Direct,SMB,2,155.21,21.42,133.79,72.36,61.43,135.8,2025,2025-08,Q3
ORD-006446,2026-01-04,Premium,UK,Partner,SMB,3,378.99,0.93,378.06,208.88,169.18,426.13,2026,2026-01,Q1
ORD-006447,2025-12-30,Plus,UAE,Online,Mid-Market,5,406.62,24.51,382.11,214.65,167.46,386.98,2025,2025-12,Q4
ORD-006448,2025-04-14,Plus,UK,Online,SMB,2,145.73,12.91,132.82,78.73,54.09,150.29,2025,2025-04,Q2
ORD-006449,2025-09-19,Core,UAE,Direct,Mid-Market,3,134.44,12.88,121.56,65.0,56.56,128.38,2025,2025-09,Q3
ORD-006450,2025-12-05,Premium,India,Direct,Enterprise,9,1118.74,8.94,1109.8,559.58,550.22,1019.66,2025,2025-12,Q4
ORD-006451,2025-01-02,Core,UK,Online,Mid-Market,4,187.96,3.8,184.16,97.02,87.14,193.11,2025,2025-01,Q1
ORD-006452,2025-09-23,Core,US,Direct,Mid-Market,1,48.53,0.68,47.85,24.15,23.7,43.92,2025,2025-09,Q3
ORD-006453,2025-04-23,Core,US,Partner,Mid-Market,3,145.46,5.04,140.42,71.19,69.23,155.67,2025,2025-04,Q2
ORD-006454,2026-07-04,Core,Germany,Direct,Enterprise,2,81.65,3.98,77.67,33.42,44.25,69.16,2026,2026-07,Q3
ORD-006455,2025-01-18,Core,India,Direct,Mid-Market,1,45.27,1.89,43.38,23.56,19.82,46.21,2025,2025-01,Q1
ORD-006456,2025-11-04,Premium,US,Direct,SMB,12,1517.95,30.04,1487.91,887.61,600.3,1396.71,2025,2025-11,Q4
ORD-006457,2026-05-20,Plus,Germany,Direct,SMB,1,69.05,5.03,64.02,32.43,31.59,65.61,2026,2026-05,Q2
ORD-006458,2025-11-24,Core,UK,Direct,SMB,4,171.17,2.81,168.36,80.4,87.96,167.0,2025,2025-11,Q4
ORD-006459,2026-04-28,Plus,US,Online,Mid-Market,2,137.31,2.43,134.88,67.16,67.72,135.36,2026,2026-04,Q2
ORD-006460,2025-07-06,Core,India,Partner,Mid-Market,1,41.0,0.28,40.72,18.14,22.58,37.28,2025,2025-07,Q3
ORD-006461,2025-05-17,Enterprise,UK,Direct,SMB,5,1104.85,63.48,1041.37,657.22,384.15,1142.33,2025,2025-05,Q2
ORD-006462,2025-10-09,Enterprise,UAE,Online,SMB,2,479.19,8.27,470.92,237.01,233.91,469.7,2025,2025-10,Q4
ORD-006463,2026-07-27,Plus,India,Online,SMB,2,153.01,1.15,151.86,65.82,86.04,134.66,2026,2026-07,Q3
ORD-006464,2026-02-06,Core,UK,Online,Mid-Market,3,143.58,2.42,141.16,68.39,72.77,151.17,2026,2026-02,Q1
ORD-006465,2025-05-02,Plus,UK,Online,Mid-Market,6,416.77,23.11,393.66,229.85,163.81,403.11,2025,2025-05,Q2
ORD-006466,2025-10-18,Plus,India,Online,Mid-Market,3,215.64,2.71,212.93,117.12,95.81,236.72,2025,2025-10,Q4
ORD-006467,2025-04-16,Enterprise,UAE,Online,Enterprise,3,687.06,6.27,680.79,434.58,246.21,634.99,2025,2025-04,Q2
ORD-006468,2025-03-10,Enterprise,UAE,Partner,Mid-Market,1,219.02,12.98,206.04,93.0,113.04,225.07,2025,2025-03,Q1
ORD-006469,2026-01-19,Core,Germany,Partner,Mid-Market,3,144.01,5.33,138.68,65.55,73.13,152.76,2026,2026-01,Q1
ORD-006470,2025-01-16,Core,US,Direct,Enterprise,3,145.47,12.54,132.93,59.43,73.5,118.26,2025,2025-01,Q1
ORD-006471,2026-02-10,Enterprise,US,Online,Enterprise,3,742.89,9.58,733.31,476.89,256.42,657.12,2026,2026-02,Q1
ORD-006472,2025-10-01,Core,India,Direct,Mid-Market,1,43.95,0.85,43.1,25.97,17.13,43.26,2025,2025-10,Q4
ORD-006473,2026-01-03,Premium,UK,Partner,Mid-Market,3,380.15,3.95,376.2,223.7,152.5,370.43,2026,2026-01,Q1
ORD-006474,2025-01-02,Premium,Germany,Online,Mid-Market,5,638.59,2.11,636.48,287.43,349.05,722.32,2025,2025-01,Q1
ORD-006475,2025-08-24,Core,Germany,Online,Enterprise,2,82.93,6.55,76.38,51.08,25.3,81.61,2025,2025-08,Q3
ORD-006476,2026-04-27,Premium,US,Online,SMB,4,500.82,63.08,437.74,193.06,244.68,470.0,2026,2026-04,Q2
ORD-006477,2025-04-11,Core,US,Online,Enterprise,2,93.65,11.65,82.0,49.23,32.77,76.86,2025,2025-04,Q2
ORD-006478,2026-01-10,Core,Germany,Online,Mid-Market,3,128.99,11.8,117.19,58.13,59.06,120.7,2026,2026-01,Q1
ORD-006479,2025-01-29,Plus,US,Online,SMB,1,81.22,1.65,79.57,44.09,35.48,89.06,2025,2025-01,Q1
ORD-006480,2025-03-06,Core,US,Online,SMB,1,44.4,0.08,44.32,20.25,24.07,49.41,2025,2025-03,Q1
ORD-006481,2025-09-28,Core,Germany,Partner,Mid-Market,4,184.57,4.61,179.96,102.74,77.22,183.73,2025,2025-09,Q3
ORD-006482,2026-07-22,Enterprise,US,Partner,SMB,6,1379.33,81.0,1298.33,569.69,728.64,1249.11,2026,2026-07,Q3
ORD-006483,2025-02-10,Plus,India,Direct,SMB,1,81.59,7.18,74.41,42.26,32.15,70.83,2025,2025-02,Q1
ORD-006484,2025-06-17,Plus,Germany,Online,SMB,2,146.21,12.63,133.58,74.93,58.65,121.21,2025,2025-06,Q2
ORD-006485,2026-07-01,Core,India,Direct,Mid-Market,2,86.58,1.01,85.57,46.4,39.17,92.42,2026,2026-07,Q3
ORD-006486,2026-05-25,Enterprise,US,Partner,Enterprise,1,217.8,2.84,214.96,122.93,92.03,203.86,2026,2026-05,Q2
ORD-006487,2025-05-02,Enterprise,UAE,Partner,Enterprise,1,243.0,7.11,235.89,109.51,126.38,241.46,2025,2025-05,Q2
ORD-006488,2025-10-13,Enterprise,India,Partner,Mid-Market,3,709.73,39.16,670.57,305.03,365.54,624.81,2025,2025-10,Q4
ORD-006489,2025-05-29,Premium,US,Partner,Mid-Market,2,235.87,44.85,191.02,86.27,104.75,199.18,2025,2025-05,Q2
ORD-006490,2026-02-11,Enterprise,UK,Partner,SMB,1,257.24,10.05,247.19,120.53,126.66,261.87,2026,2026-02,Q1
ORD-006491,2026-05-11,Enterprise,India,Online,Enterprise,2,454.23,7.83,446.4,280.38,166.02,462.69,2026,2026-05,Q2
ORD-006492,2025-05-14,Enterprise,Germany,Partner,SMB,8,1743.31,107.81,1635.5,1077.07,558.43,1725.05,2025,2025-05,Q2
ORD-006493,2026-05-09,Core,UK,Direct,Mid-Market,1,41.2,1.92,39.28,19.07,20.21,43.76,2026,2026-05,Q2
ORD-006494,2025-05-06,Core,UK,Partner,Mid-Market,2,83.98,3.5,80.48,48.46,32.02,74.54,2025,2025-05,Q2
ORD-006495,2025-06-06,Plus,Germany,Direct,SMB,5,344.6,25.42,319.18,202.47,116.71,348.14,2025,2025-06,Q2
ORD-006496,2026-05-07,Core,UK,Direct,Enterprise,4,187.09,7.27,179.82,109.7,70.12,203.29,2026,2026-05,Q2
ORD-006497,2026-04-28,Core,UAE,Direct,SMB,2,84.66,3.43,81.23,36.48,44.75,72.38,2026,2026-04,Q2
ORD-006498,2026-07-06,Enterprise,India,Partner,Mid-Market,5,1244.53,49.17,1195.36,535.0,660.36,1278.5,2026,2026-07,Q3
ORD-006499,2025-09-28,Plus,UK,Partner,SMB,3,247.46,36.5,210.96,97.05,113.91,201.59,2025,2025-09,Q3
ORD-006500,2026-05-26,Core,UK,Direct,Enterprise,4,188.17,19.95,168.22,110.73,57.49,185.88,2026,2026-05,Q2
